'm	5.390
're	5.230
's	5.860
0	5.220
0f	2.550
0s	2.660
1	6.000
1a	3.470
1am	3.050
1b	3.440
1bn	2.500
1c	2.940
1d	3.090
1e	2.620
1g	2.680
1gb	2.800
1h	2.940
1hr	2.500
1k	3.330
1km	2.460
1l	2.560
1m	3.560
1million	2.640
1mm	2.530
1p	2.650
1pc	2.390
1pm	3.230
1r	2.390
1s	3.360
1st	4.830
1tb	2.800
1u	2.470
1v1	2.720
1x	3.130
1x00	2.700
2	6.000
2a	3.570
2am	3.220
2b	3.420
2c	3.190
2d	3.840
2day	2.510
2e	2.770
2f	2.620
2g	2.950
2gb	3.040
2h	2.870
2k	3.550
2k00	2.920
2km	2.480
2l	2.570
2m	3.330
2mm	2.530
2n	2.730
2nd	4.740
2p	2.860
2pm	3.330
2r	2.400
2s	3.190
2t	2.540
2tb	2.450
2u	2.470
2v2	2.590
2x	3.550
2x00	2.750
2x2	2.400
3	5.910
3a	3.400
3am	3.300
3b	3.220
3c	3.030
3d	4.460
3ds	3.340
3e	2.590
3ft	2.500
3g	3.400
3gb	2.400
3h	2.630
3in	2.400
3k	3.160
3m	3.480
3mm	2.470
3p	2.770
3pm	3.360
3rd	4.650
3s	3.380
3t	2.580
3v3	2.470
3x	3.330
3x00	2.620
3x3	2.580
4	5.780
4a	3.280
4am	3.150
4b	2.870
4c	2.920
4chan	2.700
4d	3.170
4e	2.670
4g	3.510
4gb	3.050
4h	2.580
4k	3.690
4l	2.400
4m	3.100
4mm	2.430
4p	2.550
4pm	3.380
4s	3.340
4t	2.400
4th	4.550
4u	2.690
4wd	2.940
4x	3.160
4x00	2.630
4x000	2.600
4x000m	2.460
4x4	3.160
5	5.750
5'00	2.860
5'2	2.450
5'5	2.510
5'6	2.500
5'7	2.540
5'8	2.500
5'9	2.750
5a	3.180
5am	3.160
5b	2.750
5c	3.070
5d	2.920
5e	2.660
5ft	2.790
5g	3.160
5k	3.590
5km	2.640
5m	3.240
5mm	2.560
5p	2.700
5pm	3.510
5s	3.510
5th	4.420
5v	2.500
5x	3.110
5x00	2.480
6	5.590
6'1	2.400
6'2	2.590
6'3	2.500
6'4	2.590
6'5	2.480
6a	3.080
6am	3.260
6b	2.750
6c	2.660
6d	2.820
6ft	3.070
6gb	2.390
6k	2.790
6m	2.950
6mm	2.540
6p	2.780
6pm	3.480
6s	3.300
6th	4.300
6x	2.720
6x00	2.400
7	5.550
7a	2.860
7am	3.230
7b	2.640
7c	2.570
7d	2.720
7k	2.730
7m	2.800
7p	2.410
7pm	3.420
7s	3.080
7th	4.270
7x	2.400
8	5.480
8a	2.780
8am	3.340
8b	2.600
8c	2.900
8d	2.560
8gb	3.130
8k	2.890
8m	2.830
8mm	2.700
8p	2.410
8pm	3.410
8s	2.960
8th	4.240
8vo	2.480
8x	2.690
8x00	2.650
9	5.410
9a	2.700
9am	3.420
9b	2.430
9c	2.410
9k	2.600
9m	2.700
9mm	2.950
9pm	3.400
9s	2.840
9th	4.140
9x	2.450
_	4.210
a	7.360
a's	3.490
a.a	2.770
a.b	2.870
a.c	3.090
a.d	3.390
a.e	2.420
a.g	2.680
a.h	2.460
a.i	2.930
a.j	3.250
a.k.a	3.330
a.l	2.420
a.m	4.350
a.m.	4.350
a.p	2.720
a.r	2.540
a.s	2.890
a.t	2.420
a.v	2.410
a0	2.390
a00	3.860
a000	3.810
a0000	3.280
a1	3.640
a2	3.490
a3	3.290
a4	3.340
a5	3.070
a6	3.010
a7	2.870
a8	2.830
a9	2.830
aa	4.010
aaa	3.770
aaaa	2.590
aaaah	2.570
aaah	2.710
aaas	2.410
aac	3.000
aachen	2.600
aadhaar	2.400
aadmi	2.510
aaf	2.410
aah	2.810
aaliyah	2.580
aam	2.790
aamir	2.630
aan	2.520
aang	2.710
aap	3.470
aapl	2.400
aar	2.620
aardvark	2.390
aarhus	2.580
aaron	4.230
aaron's	2.760
aarp	2.750
aas	2.850
aau	2.660
ab	4.060
aba	3.320
ababa	2.960
aback	2.990
abacus	2.650
abalone	2.660
abandon	4.020
abandoned	4.400
abandoning	3.510
abandonment	3.400
abandons	2.960
abate	2.680
abated	2.590
abatement	2.730
abattoir	2.500
abb	2.760
abba	3.150
abbas	3.410
abbe	2.440
abbess	2.500
abbey	3.880
abbie	2.930
abbot	3.430
abbots	2.430
abbotsford	2.650
abbott	3.780
abbott's	2.670
abbreviated	3.190
abbreviation	3.140
abbreviations	3.040
abby	3.560
abby's	2.420
abbé	2.470
abc	4.240
abc's	3.160
abcd	2.430
abcs	2.500
abd	3.140
abdallah	2.540
abdel	3.110
abdi	2.630
abdicate	2.660
abdicated	2.580
abdication	2.800
abdomen	3.560
abdominal	3.580
abduct	2.740
abducted	3.560
abducting	2.550
abduction	3.430
abductions	2.670
abductor	2.460
abdul	3.660
abdulaziz	2.450
abdulla	2.410
abdullah	3.540
abe	3.620
abe's	2.480
abed	2.830
abel	3.480
abelian	2.400
abell	2.400
aber	2.470
abercrombie	2.970
aberdeen	3.810
aberdeenshire	2.910
abernathy	2.590
aberrant	2.690
aberration	2.980
aberrations	2.630
aberystwyth	2.840
abet	2.410
abetted	2.560
abetting	2.820
abh	2.520
abhi	2.420
abhishek	2.480
abhor	2.640
abhorrent	2.970
abhorrently	1.180
abi	3.300
abide	3.590
abides	2.550
abiding	3.450
abidjan	2.500
abigail	3.380
abilene	2.810
abilities	4.210
ability	4.960
abingdon	2.790
abington	2.420
abit	2.560
abject	3.000
abkhazia	2.650
abl	2.530
ablation	2.770
ablaze	2.930
able	5.430
ableton	2.500
ably	2.670
abm	2.580
abn	2.600
abner	2.840
abnormal	3.710
abnormalities	3.310
abnormality	2.890
abnormally	3.070
abo	2.770
aboard	4.140
abode	3.130
abolish	3.480
abolished	3.620
abolishing	3.100
abolition	3.510
abolitionist	2.740
abolitionists	2.650
abominable	2.850
abomination	3.130
abominations	2.570
aboriginal	3.780
aboriginals	2.550
aborigine	2.110
aborigines	2.950
abort	3.270
aborted	3.180
aborting	2.410
abortion	4.240
abortions	3.530
abortive	2.670
abou	2.750
abound	3.270
abounded	2.410
abounding	2.480
abounds	2.700
about	6.400
above	5.200
abp	2.500
abra	2.680
abraham	3.980
abraham's	2.500
abrahamic	2.480
abrahams	2.710
abram	2.900
abramovich	2.430
abrams	3.390
abramson	2.490
abrasion	2.910
abrasions	2.600
abrasive	3.220
abrasives	2.440
abreast	2.950
abreu	2.640
abridged	3.010
abroad	4.390
abrupt	3.380
abruptly	3.560
abs	3.860
absalom	2.390
abscess	2.810
abscesses	2.420
absence	4.340
absences	3.010
absent	3.980
absentee	3.170
absenteeism	2.570
absentia	2.640
absinthe	2.690
absolute	4.540
absolutely	4.980
absolutes	2.430
absolution	2.850
absolutism	2.450
absolutist	2.400
absolve	2.830
absolved	2.690
absorb	3.810
absorbed	3.920
absorbent	2.810
absorber	2.710
absorbers	2.650
absorbing	3.500
absorbs	3.180
absorption	3.660
abstain	3.070
abstained	2.780
abstaining	2.690
abstention	2.510
abstentions	2.460
abstinence	3.180
abstract	4.140
abstracted	2.840
abstracting	2.560
abstraction	3.300
abstractions	2.750
abstracts	3.110
absurd	3.950
absurdities	2.440
absurdity	3.210
absurdly	2.950
abt	3.240
abu	4.010
abubakar	2.720
abuja	3.150
abul	2.400
abundance	3.860
abundant	3.770
abundantly	3.110
abuse	4.660
abused	4.000
abuser	3.140
abusers	3.250
abuses	3.690
abusing	3.620
abusive	3.870
abut	2.540
abutting	2.450
abv	2.950
abysmal	2.920
abyss	3.400
abyssal	2.390
abyssinia	2.400
ac	4.250
ac00	2.400
aca	3.480
acacia	3.010
acad	2.440
academia	3.540
academic	4.570
academically	3.180
academician	2.440
academicians	2.450
academics	3.780
academies	3.340
academy	4.570
academy's	2.860
acadia	2.720
acapulco	2.830
acb	2.560
acc	3.670
acca	2.490
accede	2.500
acceded	2.580
accel	2.400
accelerate	3.660
accelerated	3.750
accelerates	2.970
accelerating	3.460
acceleration	3.730
accelerator	3.420
accelerators	2.770
accelerometer	2.550
accent	4.140
accented	2.900
accents	3.570
accentuate	2.760
accentuated	2.730
accenture	2.710
accept	4.850
acceptability	2.620
acceptable	4.270
acceptance	4.160
accepted	4.670
accepting	4.180
acceptor	2.750
accepts	3.880
access	5.050
accessed	3.890
accesses	2.680
accessibility	3.510
accessible	4.180
accessing	3.480
accession	3.400
accessories	3.950
accessory	3.630
accident	4.710
accidental	3.820
accidentally	4.220
accidently	2.860
accidents	4.160
acclaim	3.290
acclaimed	3.700
acclamation	2.400
acclimated	2.470
accolade	2.820
accolades	3.170
accommodate	4.020
accommodated	3.160
accommodates	2.820
accommodating	3.250
accommodation	4.060
accommodations	3.480
accomodate	2.450
accompanied	4.250
accompanies	3.200
accompaniment	3.220
accompany	3.810
accompanying	3.850
accomplice	3.220
accomplices	3.030
accomplish	4.050
accomplished	4.150
accomplishes	2.850
accomplishing	3.230
accomplishment	3.690
accomplishments	3.750
accord	3.810
accordance	4.130
accorded	3.020
according	5.280
according to	5.280
accordingly	4.020
accordion	3.090
accords	3.140
accosted	2.660
account	5.210
account's	2.480
accountability	3.910
accountable	3.900
accountancy	3.100
accountant	3.760
accountants	3.470
accounted	3.820
accounting	4.290
accounts	4.730
accra	3.040
accreditation	3.540
accredited	3.710
accrediting	2.590
accretion	2.780
accrington	2.450
accrual	2.500
accrue	2.910
accrued	3.140
accruing	2.580
acct	2.650
accumulate	3.480
accumulated	3.700
accumulates	2.880
accumulating	3.230
accumulation	3.590
accumulations	2.540
accumulator	2.700
accuracy	4.240
accurate	4.570
accurately	3.990
accursed	2.640
accusation	3.600
accusations	3.850
accusative	2.510
accuse	3.710
accused	4.460
accuser	2.990
accusers	2.860
accuses	3.420
accusing	3.740
accustom	2.060
accustomed	3.640
accutane	2.420
ace	4.110
aced	2.610
aceh	2.620
acer	3.130
aces	3.390
acetaminophen	2.690
acetate	3.150
acetic	2.650
acetone	2.790
acetyl	2.720
acetylcholine	2.600
acetylene	2.440
acf	2.410
ach	2.950
acharya	2.520
ache	3.430
ached	2.410
aches	3.280
acheson	2.430
achievable	3.210
achieve	4.570
achieved	4.490
achievement	4.360
achievements	4.060
achiever	2.500
achievers	2.720
achieves	3.330
achieving	4.030
achilles	3.470
aching	3.290
achy	2.390
aci	2.590
acid	4.450
acidic	3.340
acidification	2.730
acidity	3.200
acidosis	2.440
acids	3.850
ack	2.870
acker	2.480
ackerman	2.910
acknowledge	4.180
acknowledged	4.080
acknowledgement	3.320
acknowledgements	2.430
acknowledges	3.530
acknowledging	3.650
acknowledgment	3.110
acl	3.370
aclu	3.240
acm	3.140
acme	2.890
acne	3.660
aco	2.600
acolyte	2.410
acolytes	2.530
acorn	3.080
acorns	2.810
acosta	3.040
acoustic	3.980
acoustical	2.590
acoustically	2.430
acoustics	3.100
acp	2.940
acquaint	2.510
acquaintance	3.550
acquaintances	3.400
acquainted	3.510
acquiesce	2.480
acquiesced	2.420
acquiescence	2.470
acquire	4.130
acquired	4.400
acquires	3.290
acquiring	3.800
acquisition	4.260
acquisitions	3.690
acquit	2.580
acquittal	3.040
acquitted	3.440
acr	2.670
acre	3.930
acreage	3.050
acres	4.170
acrimonious	2.550
acrobat	2.720
acrobatic	2.810
acrobatically	1.410
acrobatics	2.750
acrobats	2.510
acronym	3.380
acronyms	2.870
acropolis	2.730
across	5.250
acrylic	3.420
acrylics	2.570
acs	3.130
act	5.300
act's	2.610
acta	2.890
acted	4.280
actin	3.140
acting	4.820
action	5.250
actionable	3.000
actions	4.820
activate	3.760
activated	4.010
activates	3.180
activating	3.260
activation	3.830
activator	2.780
active	4.930
actively	4.230
actives	2.600
activision	2.950
activism	3.670
activist	4.130
activists	4.130
activities	4.910
activity	4.860
acton	2.970
actor	4.650
actor's	2.940
actors	4.400
actress	4.450
actresses	3.490
acts	4.640
actu	2.420
actual	4.850
actuality	3.100
actualization	2.460
actually	5.490
actuarial	2.790
actuaries	2.520
actuary	2.500
actuated	2.560
actuation	2.440
actuator	2.770
actuators	2.720
acu	2.470
acuity	2.810
acumen	2.910
acupuncture	3.040
acura	2.810
acute	4.000
acutely	3.130
acyl	2.480
ad	4.760
ad lib	3.710
ad-lib	3.710
ada	3.710
adage	2.950
adagio	2.500
adair	2.830
adam	4.570
adam's	3.200
adama	2.740
adamant	3.280
adamantly	2.690
adamawa	2.470
adams	4.250
adamson	2.880
adani	2.440
adapt	3.980
adaptability	2.860
adaptable	3.120
adaptation	4.010
adaptations	3.380
adapted	4.170
adapter	3.600
adapters	2.860
adapting	3.500
adaption	2.730
adaptive	3.610
adaptor	2.640
adapts	2.880
adb	2.740
adblock	2.470
adc	3.030
adcock	2.480
add	5.090
addams	2.920
added	5.160
addendum	2.890
adder	2.690
adderall	2.870
addict	3.680
addicted	3.820
addicting	2.820
addiction	4.140
addictions	3.100
addictive	3.610
addicts	3.500
addie	2.740
adding	4.670
addington	2.420
addis	3.090
addison	3.470
addition	5.010
additional	4.980
additionally	4.200
additions	3.800
additive	3.330
additives	3.250
addled	2.560
addo	2.530
addon	2.630
addons	2.460
address	4.910
addressed	4.260
addressee	2.340
addresses	4.130
addressing	4.060
adds	4.380
addy	2.820
ade	2.980
adel	2.790
adela	2.410
adelaide	3.990
adelaide's	2.440
adele	3.450
adele's	2.460
adeline	2.540
adelphi	2.550
adelson	2.430
aden	3.100
adenocarcinoma	2.470
adenosine	2.680
adept	3.330
adequacy	2.850
adequate	4.050
adequately	3.640
adf	2.760
adha	2.420
adhd	3.490
adhere	3.570
adhered	3.120
adherence	3.340
adherent	2.600
adherents	3.130
adheres	2.860
adhering	3.130
adhesion	3.140
adhesions	2.390
adhesive	3.370
adhesives	2.890
adi	3.040
adiabatic	2.400
adidas	3.570
adieu	2.830
adil	2.560
adios	2.680
adipose	2.760
adirondack	2.800
adirondacks	2.390
aditi	2.480
aditya	2.980
adj	2.640
adjacent	4.120
adjective	3.340
adjectives	3.180
adjoin	1.970
adjoining	3.500
adjourn	2.710
adjourned	3.340
adjournment	2.660
adjudged	2.620
adjudicate	2.470
adjudicated	2.540
adjudication	2.760
adjudicator	2.460
adjunct	3.300
adjust	4.070
adjustable	3.600
adjusted	4.110
adjuster	2.680
adjusting	3.710
adjustment	3.880
adjustments	3.820
adjusts	3.030
adjutant	3.120
adjuvant	2.580
adkins	2.770
adl	2.760
adler	3.360
adm	3.180
admin	3.920
administer	3.540
administered	3.960
administering	3.300
administers	3.000
administration	4.930
administration's	3.340
administrations	3.350
administrative	4.450
administratively	2.690
administrator	4.070
administrators	3.850
admins	3.040
admirable	3.480
admirably	2.910
admiral	4.000
admirals	2.770
admiralty	3.440
admiration	3.590
admire	3.970
admired	3.720
admirer	3.190
admirers	3.170
admires	2.960
admiring	3.300
admiringly	2.050
admissible	2.870
admission	4.150
admissions	3.760
admit	4.580
admits	3.940
admittance	2.800
admitted	4.490
admittedly	3.540
admitting	3.800
admixture	2.580
admonished	2.660
admonition	2.510
adn	2.420
adnan	3.140
ado	3.200
adobe	3.530
adolescence	3.360
adolescent	3.580
adolescents	3.530
adolf	3.370
adolfo	2.520
adolph	2.800
adolphe	2.420
adolphus	2.510
adonis	2.900
adopt	4.190
adopted	4.510
adopter	2.580
adopters	2.850
adopting	3.780
adoption	4.170
adoptions	2.820
adoptive	3.220
adopts	3.260
adorable	4.060
adorably	2.410
adoration	3.110
adore	3.700
adored	3.320
adores	2.920
adoring	2.820
adorn	3.010
adorned	3.370
adorning	2.550
adornment	2.470
adorno	2.450
adorns	2.460
adp	3.030
adr	2.840
adrenal	2.990
adrenalin	2.770
adrenaline	3.520
adrenergic	2.440
adress	2.390
adria	2.400
adrian	3.950
adriana	3.070
adriano	2.620
adriatic	2.930
adrien	2.810
adrienne	2.940
adrift	3.060
ads	4.320
adsense	2.680
adsl	2.390
adsorption	2.890
adt	2.490
adulation	2.600
adult	4.800
adulterate	1.650
adulterated	2.410
adulterous	2.540
adultery	3.410
adulthood	3.600
adults	4.590
adv	3.040
advance	4.650
advanced	4.710
advancement	3.810
advancements	3.120
advances	4.080
advancing	3.860
advantage	4.780
advantaged	2.610
advantageous	3.330
advantages	4.100
advent	3.670
adventist	2.790
adventure	4.460
adventurer	3.180
adventurers	3.180
adventures	4.150
adventuring	2.570
adventurous	3.480
adverb	2.550
adverbial	2.130
adverbs	2.600
adversarial	2.840
adversaries	3.210
adversary	3.290
adverse	3.890
adversely	3.270
adversity	3.380
advert	3.460
advertise	3.660
advertised	3.750
advertisement	3.840
advertisements	3.750
advertiser	3.380
advertisers	3.580
advertises	2.770
advertising	4.540
adverts	3.260
advice	4.880
advices	2.760
advil	2.590
advisable	3.260
advise	4.090
advised	4.180
advisement	2.400
adviser	3.940
advisers	3.600
advises	3.430
advising	3.570
advisor	4.010
advisories	2.690
advisors	3.630
advisory	4.180
advocacy	3.900
advocate	4.210
advocated	3.600
advocates	3.950
advocating	3.630
adwords	2.690
ae	3.490
aec	2.810
aed	2.650
aedes	2.470
aeg	2.630
aegean	2.930
aegis	3.060
aegon	2.640
aeneas	2.560
aeon	2.640
aer	2.730
aeration	2.490
aerial	3.910
aerials	2.630
aero	3.330
aerobic	3.190
aerobics	2.750
aerodrome	2.540
aerodynamic	3.190
aerodynamics	2.930
aeronautical	3.090
aeronautics	3.100
aeroplane	3.180
aeroplanes	2.780
aerosmith	2.780
aerosol	3.030
aerosols	2.700
aerospace	3.730
aes	3.000
aesop	2.530
aest	2.640
aesthetic	4.020
aesthetically	3.190
aesthetics	3.590
aether	2.740
aetna	2.860
aew	2.570
af	3.970
afa	2.580
afar	3.350
afb	3.020
afc	3.700
afd	2.750
aff	2.940
affable	2.660
affair	4.300
affaires	2.680
affairs	4.670
affect	4.590
affectation	2.290
affected	4.640
affecting	4.070
affection	3.920
affectionate	3.350
affectionately	3.110
affections	3.070
affective	3.000
affects	4.160
affidavit	3.380
affidavits	2.650
affiliate	3.990
affiliated	3.960
affiliates	3.600
affiliation	3.630
affiliations	3.130
affine	2.430
affinities	2.690
affinity	3.610
affirm	3.200
affirmation	3.240
affirmations	2.780
affirmative	3.570
affirmed	3.360
affirming	3.150
affirms	2.960
affix	2.630
affixed	2.940
affleck	3.230
afflict	2.430
afflicted	3.290
affliction	3.110
afflictions	2.590
affluence	2.740
affluent	3.370
afford	4.570
affordability	3.160
affordable	4.220
afforded	3.460
affording	2.760
affords	3.050
affront	2.890
afghan	3.830
afghani	2.480
afghanistan	4.230
afghanistan's	2.670
afghans	2.960
afi	2.720
aficionado	2.570
aficionados	2.660
afield	3.000
afire	2.460
afl	3.800
aflame	2.460
afloat	3.330
afm	2.610
afoot	2.890
afore	2.420
aforementioned	3.540
aforesaid	2.600
afoul	2.630
afp	3.350
afr	2.650
afraid	4.700
afresh	2.780
africa	4.920
africa's	3.480
african	4.820
africans	3.770
afridi	2.600
afrika	2.550
afrikaans	2.810
afrikaner	2.470
afrique	2.450
afro	3.430
afs	2.560
aft	3.390
after	6.110
afterall	2.590
aftercare	2.540
afterglow	2.640
afterlife	3.360
aftermarket	3.030
aftermath	3.900
afternoon	4.720
afternoon's	2.480
afternoons	3.270
afterschool	2.450
aftershave	2.560
aftershock	2.580
aftershocks	2.490
aftertaste	2.680
afterthought	2.880
afterward	3.830
afterwards	4.420
afterword	2.400
afzal	2.420
ag	3.950
aga	3.080
again	5.700
against	5.680
agamemnon	2.690
agape	2.650
agar	3.020
agarwal	2.610
agassi	2.490
agassiz	2.490
agate	2.810
agatha	3.160
agave	2.740
age	5.320
aged	4.500
agee	2.430
ageing	3.440
ageism	2.400
ageless	2.690
agen	2.460
agence	2.580
agencies	4.540
agency	4.870
agency's	3.230
agenda	4.300
agendas	3.270
agent	4.810
agent's	2.850
agents	4.550
ages	4.530
aggie	2.850
aggies	2.840
agglomeration	2.530
aggravate	2.800
aggravated	3.470
aggravating	3.120
aggravation	2.760
aggregate	3.940
aggregated	3.040
aggregates	3.070
aggregating	2.590
aggregation	3.250
aggregator	2.760
aggression	3.900
aggressive	4.320
aggressively	3.630
aggressiveness	2.860
aggressor	3.010
aggressors	2.660
aggrieved	2.900
aggro	2.460
agh	2.650
agha	2.520
aghast	2.640
agi	2.730
agile	3.410
agility	3.330
aging	4.040
agitate	2.640
agitated	3.350
agitating	2.670
agitation	3.190
agitator	2.590
agitators	2.690
agl	2.610
agm	3.010
agnes	3.570
agnew	2.840
agni	2.540
agnieszka	2.470
agnostic	3.020
ago	5.420
agonise	1.430
agonist	2.830
agonists	2.690
agonize	2.140
agonizing	2.990
agony	3.600
agora	2.720
agostino	2.500
agr	2.600
agra	2.930
agrarian	3.200
agrawal	2.400
agree	4.970
agreeable	3.190
agreed	4.840
agreeing	3.830
agreement	4.880
agreements	4.120
agrees	4.080
agri	2.890
agribusiness	2.770
agricola	2.480
agricultural	4.340
agriculture	4.370
agrippa	2.540
agro	2.960
agronomy	2.430
aground	2.830
ags	2.640
agt	2.550
agua	2.760
aguero	3.110
aguilar	2.940
aguilera	2.950
aguirre	2.770
agustin	2.480
ah	4.630
aha	3.560
ahab	2.690
ahah	2.420
ahaha	2.620
ahahaha	2.400
ahead	5.010
ahem	3.250
ahern	2.430
ahh	3.860
ahhh	3.470
ahhhh	2.930
ahhhhh	2.540
ahi	2.400
ahl	3.090
ahmad	3.640
ahmadi	2.600
ahmadinejad	2.630
ahmed	3.830
ahmedabad	3.080
ahmet	2.850
ahn	3.070
ahold	2.860
ahoy	2.730
ahs	2.780
ahsoka	2.520
ai	4.230
aia	2.800
aib	2.400
aic	2.430
aid	4.750
aida	2.880
aidan	3.270
aide	3.690
aided	3.740
aiden	3.060
aides	3.410
aiding	3.440
aids	4.250
aig	2.770
aight	2.640
aii	2.470
aiken	3.080
aikido	2.670
aikman	2.450
aiko	2.560
aileen	2.670
ailes	2.650
ailing	3.080
ailment	2.980
ailments	3.220
ails	2.480
aim	4.510
aime	2.820
aimed	4.250
aimee	2.990
aiming	3.890
aimless	2.650
aimlessly	2.820
aims	4.210
ain	3.460
ain't	4.880
ainsley	2.420
ainslie	2.510
ainsworth	2.760
aint	3.340
aintree	2.520
aip	2.490
aipac	2.450
air	5.370
air conditioning	3.880
air force	4.990
air's	2.400
airasia	2.460
airbag	2.880
airbags	2.940
airbase	2.800
airbender	2.620
airbnb	3.320
airborne	3.670
airbrush	2.660
airbrushed	2.440
airbus	3.330
aircraft	4.640
aircraft's	2.800
aircrafts	2.480
aircrew	2.500
airdrie	2.500
airdrop	2.560
aire	2.620
aired	3.850
aires	3.550
airfare	2.830
airfield	3.290
airfields	2.700
airflow	3.080
airfoil	2.410
airforce	2.760
airframe	2.690
airing	3.580
airlift	2.870
airlifted	2.600
airline	4.040
airline's	2.720
airliner	3.070
airliners	2.710
airlines	4.190
airlock	2.630
airmail	2.500
airman	2.880
airmen	3.020
airplane	3.920
airplanes	3.510
airplay	2.850
airpods	2.700
airport	4.840
airport's	2.740
airports	3.930
airs	3.510
airship	2.880
airships	2.520
airshow	2.580
airsoft	2.660
airspace	3.280
airspeed	2.610
airstream	2.390
airstrike	2.980
airstrikes	3.150
airstrip	2.810
airtel	2.680
airtight	2.950
airtime	2.960
airwaves	2.980
airway	3.190
airways	3.720
airy	3.200
ais	3.060
aish	2.480
aisha	3.020
aishwarya	2.480
aisle	3.720
aisles	3.150
ait	2.760
aitken	2.870
aix	2.730
aj	3.590
aja	2.770
ajar	2.570
ajax	3.480
ajay	3.050
ajit	2.700
ak	3.730
ak00	2.500
aka	4.150
akali	2.460
akan	2.450
akane	2.450
akash	2.390
akbar	3.290
ake	2.610
akers	2.510
akhtar	2.650
aki	2.880
akin	3.700
akira	3.200
akita	2.490
ako	2.730
akon	2.490
akp	2.690
akram	2.560
akron	3.350
aks	2.480
akshay	2.670
aku	2.710
al	5.160
al's	2.540
ala	3.530
alabama	4.260
alabama's	2.750
alabaster	2.710
aladdin	3.160
alain	3.230
alam	3.100
alameda	3.020
alamo	3.080
alamos	2.860
alan	4.450
alan's	2.600
alana	2.860
alanine	2.510
alanis	2.520
alaric	2.530
alarm	4.280
alarm clock	4.050
alarmed	3.480
alarming	3.530
alarmingly	2.660
alarmist	2.560
alarms	3.570
alas	3.670
alasdair	2.650
alaska	4.190
alaska's	2.700
alaskan	3.200
alastair	3.060
alb	2.620
alba	3.330
alban	2.640
albania	3.350
albanian	3.250
albanians	2.810
albans	2.950
albany	3.810
albatross	2.900
albedo	2.590
albee	2.460
albeit	3.910
albemarle	2.790
albert	4.240
albert's	2.510
alberta	3.860
alberta's	2.640
alberto	3.470
albin	2.390
albino	3.050
albion	3.390
albrecht	2.850
albright	2.940
album	5.020
album's	2.970
albumin	2.580
albums	4.190
albuquerque	3.500
albury	2.570
albus	2.610
alc	2.550
alcantara	2.450
alcatel	2.630
alcatraz	2.790
alchemical	2.500
alchemist	3.070
alchemists	2.530
alchemy	3.210
alcoa	2.670
alcohol	4.610
alcoholic	3.910
alcoholics	3.180
alcoholism	3.450
alcohols	2.800
alcorn	2.390
alcott	2.590
alcove	2.620
ald	2.680
aldean	2.410
aldehyde	2.450
alden	3.170
alder	2.970
alderman	3.160
aldermen	2.760
aldershot	2.720
alderson	2.640
aldi	2.960
aldo	3.170
aldous	2.650
aldrich	3.000
aldridge	3.000
aldrin	2.650
ale	3.680
alec	3.650
alegre	2.690
alejandro	3.280
aleksandar	2.600
aleksandr	2.770
alena	2.420
alene	2.570
aleph	2.390
aleppo	3.560
alert	4.330
alerted	3.320
alerting	2.980
alertness	2.750
alerts	3.560
ales	2.860
alessandra	2.690
alessandro	3.190
aleutian	2.500
alex	4.620
alex's	3.050
alexa	3.520
alexander	4.400
alexander's	2.860
alexandra	3.530
alexandre	3.070
alexandria	3.770
alexandrian	2.430
alexei	3.130
alexey	2.740
alexi	2.450
alexia	2.500
alexis	3.740
alf	3.100
alfa	3.070
alfalfa	2.820
alfie	3.200
alfonso	3.190
alford	2.910
alfred	3.990
alfredo	3.270
algae	3.540
algal	2.690
algarve	2.720
algebra	3.770
algebraic	3.190
algebras	2.740
alger	2.620
algeria	3.620
algerian	3.260
algernon	2.580
algiers	3.020
algo	2.550
algonquin	2.660
algorithm	4.020
algorithmic	2.770
algorithms	3.810
alhaji	2.430
alhambra	2.740
ali	4.310
ali's	3.020
alia	3.120
alias	3.460
aliases	2.840
aliasing	2.460
alibaba	2.960
alibi	3.100
alicante	2.630
alice	4.260
alice's	2.960
alicia	3.640
alien	4.290
alienate	3.030
alienated	3.290
alienating	3.000
alienation	3.160
aliens	4.030
aliexpress	2.650
alight	3.000
align	3.630
aligned	3.800
aligning	3.020
alignment	3.780
alignments	2.770
aligns	2.880
alike	4.130
alimony	3.090
alina	2.900
aline	2.580
aliphatic	2.440
alisa	2.690
alisha	2.590
alison	3.760
alissa	2.530
alistair	3.250
alito	2.410
alive	4.760
alix	2.530
aliyah	2.400
aliyev	2.420
alk	2.410
alka	2.430
alkali	2.940
alkaline	3.250
alkaloid	2.440
alkaloids	2.670
alkyl	2.810
all	6.520
all right	5.850
all's	2.950
all-encompassing	3.350
alla	2.890
allah	3.890
allah's	2.790
allahabad	2.780
allahu	2.670
allan	3.800
allard	2.520
allardyce	2.550
allay	2.690
alle	2.810
allegany	2.430
allegation	3.500
allegations	4.080
allege	3.180
alleged	4.370
allegedly	4.060
alleges	3.320
allegheny	3.090
allegiance	3.690
allegiances	2.650
alleging	3.470
allegorical	2.860
allegory	3.070
allegra	2.570
allegri	2.500
allegro	2.710
allele	2.910
alleles	2.820
alleluia	2.460
allen	4.380
allen's	3.090
allenby	2.510
allende	2.720
allentown	2.840
allergen	2.630
allergens	2.710
allergic	3.780
allergies	3.630
allergy	3.600
alles	2.440
alleviate	3.520
alleviated	2.680
alleviating	2.770
alleviation	2.630
alley	3.870
alleys	3.060
alleyway	2.750
alleyways	2.470
alli	2.830
alliance	4.400
alliance's	2.530
alliances	3.570
allianz	2.710
allie	3.140
allied	4.070
allies	4.270
alligator	3.320
alligators	2.880
allin	2.490
allis	2.450
allison	3.780
allison's	2.450
alliteration	2.540
allman	2.700
allo	2.730
alloa	2.470
allocate	3.310
allocated	3.830
allocates	2.610
allocating	2.960
allocation	3.740
allocations	3.020
allot	2.790
allotment	3.130
allotments	2.780
allotted	3.280
allow	5.010
allowable	2.970
allowance	3.850
allowances	3.360
allowed	5.030
allowing	4.620
allows	4.670
alloy	3.610
alloys	3.200
allred	2.400
alls	2.640
allstar	2.510
allstars	2.450
allstate	2.650
allude	2.700
alluded	3.110
alludes	2.890
alluding	2.990
allure	3.150
alluring	3.020
allusion	2.940
allusions	2.900
alluvial	2.870
ally	4.100
allyn	2.540
allyson	2.590
alm	2.670
alma	3.570
almanac	3.060
almaty	2.550
almeida	2.940
almeria	2.400
almighty	3.720
almond	3.530
almonds	3.280
almost	5.390
alms	2.890
alo	2.650
aloe	3.060
aloft	3.080
aloha	3.090
alon	2.660
alone	5.160
along	5.380
alongside	4.450
alonso	3.490
alonzo	2.980
aloof	2.990
alopecia	2.660
alot	3.930
aloud	3.510
aloysius	2.490
alp	3.070
alpaca	2.800
alpert	2.480
alpha	4.250
alphabet	3.700
alphabetic	2.480
alphabetical	3.220
alphabetically	3.030
alphabets	2.630
alphanumeric	2.460
alphas	2.610
alphonse	2.840
alphonso	2.400
alpine	3.620
alps	3.560
alr	2.880
already	5.550
alright	4.420
alrighty	2.620
als	3.370
alsace	2.770
also	6.190
alstom	2.450
alston	2.730
alt	3.810
alta	3.120
altair	2.490
altar	3.800
altars	2.890
altcoin	2.400
alter	4.050
alteration	3.330
alterations	3.540
altercation	3.120
altered	4.020
altering	3.590
alternate	4.110
alternated	2.670
alternately	3.220
alternates	2.890
alternating	3.500
alternation	2.530
alternative	4.710
alternatively	3.810
alternatives	4.040
alternator	2.830
alters	3.110
althea	2.560
altho	2.650
although	5.300
altima	2.440
altimeter	2.480
altitude	3.920
altitudes	3.160
altman	2.960
alto	3.470
altogether	4.070
alton	3.180
altona	2.470
altoona	2.610
altos	2.540
altruism	2.940
altruistic	2.950
alts	2.410
alu	2.450
alum	3.250
alumina	2.720
aluminium	3.730
aluminum	4.010
alumna	2.470
alumnae	2.480
alumni	3.890
alumnus	2.910
alums	2.420
alun	2.590
alva	2.730
alvarado	2.760
alvarez	3.400
alvaro	2.840
alveolar	2.800
alves	3.090
alvin	3.400
alway	2.590
always	5.760
alwyn	2.420
aly	2.800
alyson	2.470
alyssa	3.170
alzheimer	2.660
alzheimer's	3.660
alzheimers	2.500
am	5.780
ama	3.480
amadeus	2.680
amador	2.640
amal	2.900
amalfi	2.530
amalgam	2.850
amalgamated	2.950
amalgamation	3.080
amalia	2.510
aman	2.920
amanda	4.000
amanda's	2.540
amano	2.440
amar	2.920
amara	2.630
amari	2.560
amarillo	2.870
amaro	2.400
amas	2.460
amass	2.770
amassed	3.240
amassing	2.810
amateur	4.220
amateurish	2.590
amateurs	3.400
amato	2.670
amaya	2.580
amaze	3.190
amazed	3.910
amazement	3.000
amazes	3.080
amazing	5.100
amazingly	3.640
amazon	4.550
amazon's	3.210
amazon.com	3.110
amazonia	2.400
amazonian	2.760
amazons	2.740
amb	2.550
ambassador	4.350
ambassador's	2.600
ambassadors	3.550
ambedkar	2.530
amber	3.970
amber's	2.400
ambiance	2.680
ambien	2.720
ambience	2.940
ambient	3.620
ambiguities	2.580
ambiguity	3.370
ambiguous	3.570
ambit	2.450
ambition	3.910
ambitions	3.640
ambitious	3.950
ambivalence	2.800
ambivalent	3.010
amboy	2.460
ambrose	3.470
ambrosia	2.650
ambrosio	2.630
ambulance	4.060
ambulances	3.070
ambulatory	2.850
ambush	3.550
ambushed	3.210
ambushes	2.540
amc	3.380
amc's	2.480
amd	3.520
ame	2.970
ameer	2.480
amelia	3.550
amelie	2.530
ameliorate	2.560
amen	3.930
amenable	2.890
amend	3.550
amended	3.780
amending	3.000
amendment	4.380
amendments	3.790
amendola	2.440
amends	3.320
amenities	3.530
amenity	2.750
amer	3.030
america	5.220
america's	4.190
american	5.490
american's	2.870
americana	3.210
americanism	2.560
americanized	2.400
americano	2.650
americans	4.830
americas	3.740
amerika	2.430
ames	3.420
amethyst	3.010
amex	2.970
amf	2.420
amg	3.000
amherst	3.240
ami	3.300
amiable	2.840
amicable	2.970
amicably	2.720
amico	2.390
amicus	2.740
amid	3.950
amide	2.440
amidst	3.560
amie	2.540
amiens	2.540
amiga	2.730
amigo	2.860
amigos	2.880
amiibo	2.720
amin	3.170
amina	2.700
amine	2.790
amines	2.600
amino	3.720
amir	3.400
amira	2.620
amirite	2.580
amis	2.870
amish	3.270
amiss	2.930
amit	3.010
amitabh	2.650
amity	2.890
amjad	2.440
aml	2.760
amma	2.790
amman	3.080
ammar	2.480
ammo	3.480
ammon	2.460
ammonia	3.360
ammonium	3.030
ammunition	3.910
amnesia	3.340
amnesty	3.630
amniotic	2.600
amo	2.810
amoeba	2.640
amok	2.770
amoled	2.410
amon	2.910
among	5.310
amongst	4.310
amor	3.160
amoral	2.650
amore	2.910
amorous	2.760
amorphous	2.950
amorphously	0.000
amortization	2.970
amory	2.470
amos	3.480
amount	5.130
amounted	3.530
amounting	3.110
amounts	4.410
amour	3.030
amp	3.800
amped	2.800
amphetamine	2.930
amphetamines	2.820
amphibian	2.720
amphibians	2.940
amphibious	3.060
amphitheater	2.800
amphitheatre	2.840
ample	3.710
amplification	3.120
amplified	3.340
amplifier	3.450
amplifiers	3.130
amplifies	2.610
amplify	3.160
amplifying	2.730
amplitude	3.280
amplitudes	2.470
amply	2.610
amps	3.150
amputate	2.410
amputated	2.930
amputation	3.020
amputations	2.510
amputee	2.720
amputees	2.500
amr	2.930
amritsar	2.740
ams	3.110
amsterdam	4.030
amt	2.890
amtrak	3.090
amu	2.460
amulet	2.990
amulets	2.600
amur	2.480
amuse	3.120
amused	3.530
amusement	3.740
amusements	2.600
amuses	2.580
amusing	3.760
amusingly	2.460
amway	2.460
amy	4.200
amy's	2.890
amygdala	2.840
amyloid	2.870
américa	2.450
an	6.530
ana	3.890
ana's	2.400
anabolic	2.760
anachronism	2.530
anachronistic	2.690
anaconda	2.970
anacostia	2.530
anaemia	2.510
anaerobic	2.970
anaesthesia	2.710
anaesthetic	2.930
anagram	2.670
anaheim	3.460
anak	2.560
anakin	3.040
anal	3.940
analgesic	2.680
anally	2.410
analog	3.730
analogies	2.930
analogous	3.360
analogs	2.630
analogue	3.280
analogues	2.720
analogy	3.710
analyse	3.470
analysed	3.480
analyses	3.790
analysing	3.220
analysis	4.910
analyst	4.030
analysts	3.840
analyte	2.400
analytic	3.310
analytica	2.450
analytical	3.730
analytically	2.460
analytics	3.770
analyze	3.840
analyzed	3.900
analyzer	3.060
analyzers	2.510
analyzes	3.190
analyzing	3.710
anambra	2.400
anand	3.100
ananda	2.480
anaphylactic	2.500
anaphylaxis	2.590
anarchic	2.550
anarchism	3.020
anarchist	3.360
anarchists	3.170
anarcho	2.690
anarchy	3.520
anas	2.700
anastasia	3.210
anathema	2.790
anatole	2.470
anatolia	2.770
anatolian	2.470
anatoly	2.730
anatomic	2.500
anatomical	3.210
anatomically	2.690
anatomy	3.940
anbar	2.490
anc	3.450
ancelotti	2.690
ancestor	3.490
ancestors	3.980
ancestral	3.430
ancestry	3.500
anchor	4.020
anchorage	3.420
anchored	3.460
anchoring	2.970
anchorman	2.630
anchorperson	0.000
anchors	3.430
anchovies	2.720
anchovy	2.580
ancient	4.680
ancients	3.120
ancillary	3.060
ancona	2.400
and	7.410
anda	2.700
andalusia	2.640
andalusian	2.460
andaman	2.740
andean	2.910
ander	2.660
anderlecht	2.560
anders	3.400
andersen	3.270
anderson	4.360
anderson's	3.080
andersson	2.760
andes	3.140
andhra	3.200
andi	3.030
andie	2.510
ando	2.590
andorra	2.690
andover	2.940
andrade	2.800
andre	3.850
andrea	3.880
andreas	3.480
andrei	3.230
andrej	2.400
andres	3.140
andretti	2.450
andrew	4.570
andrew's	3.060
andrews	3.930
andrey	2.820
andriy	2.430
androgen	2.770
androgens	2.420
androgynous	2.700
android	4.420
androids	2.900
andromeda	3.180
andros	2.710
andrus	2.510
andrzej	2.480
andré	3.250
andrés	2.730
andy	4.430
andy's	2.930
ane	2.620
anecdotal	3.170
anecdotally	2.420
anecdote	3.200
anecdotes	3.360
anemia	3.170
anemic	2.760
anemone	2.560
anemones	2.450
anesthesia	3.390
anesthesiologist	2.620
anesthesiology	2.510
anesthetic	3.060
anesthetics	2.440
aneurysm	3.080
aneurysms	2.410
anew	3.200
anfield	3.100
ang	3.520
ange	2.970
angel	4.450
angel's	2.890
angela	4.020
angela's	2.530
angeles	4.730
angelic	3.130
angelica	3.090
angelina	3.480
angelique	2.790
angell	2.560
angelo	3.540
angelou	2.920
angels	4.260
angelus	2.590
anger	4.420
angered	3.290
angering	2.500
angers	2.910
angie	3.350
angie's	2.520
angina	2.770
angiogenesis	2.500
angiography	2.510
angioplasty	2.390
angiotensin	2.470
angkor	2.680
anglais	2.470
angle	4.380
angled	3.270
angler	2.840
anglers	2.970
angles	3.900
anglesey	2.900
anglia	3.060
anglian	2.490
anglican	3.360
anglicans	2.530
angling	3.010
anglo	3.810
anglophone	2.610
angola	3.340
angolan	2.630
angora	2.590
angrier	2.750
angrily	3.340
angry	4.660
angst	3.260
angsty	2.450
anguilla	2.570
anguish	3.370
anguished	2.580
angular	3.510
angularity	1.510
angus	3.630
anh	2.680
anheuser	2.540
anhui	2.470
anhydrous	2.410
ani	3.200
anika	2.440
anil	3.010
anima	2.760
animal	4.810
animal's	2.930
animals	4.840
animate	3.140
animated	4.070
animatedly	1.890
animating	2.770
animation	4.180
animations	3.360
animator	2.930
animators	2.880
animatronic	2.480
anime	4.260
animosity	3.170
animus	2.700
anion	2.700
anions	2.400
anise	2.650
anisotropic	2.480
aniston	2.970
anita	3.630
anja	2.660
anjali	2.720
anjou	2.570
ankara	3.360
anker	2.540
ankle	3.970
ankles	3.500
ann	4.350
ann's	2.730
anna	4.370
anna's	2.890
annabel	2.900
annabelle	2.940
annales	2.410
annalise	2.570
annals	3.370
annan	2.880
annandale	2.480
annapolis	3.230
annapurna	2.530
anne	4.320
anne's	2.870
annealing	2.610
annenberg	2.480
annette	3.240
annex	3.500
annexation	3.420
annexe	2.510
annexed	3.500
annexes	2.440
annexing	2.610
anni	2.790
annie	3.940
annie's	2.720
annihilate	2.880
annihilated	2.970
annihilating	2.390
annihilation	3.220
annika	2.660
anniston	2.460
anniversaries	2.910
anniversary	4.530
anno	2.930
annotated	3.280
annotation	2.890
annotations	2.990
announce	4.260
announced	4.960
announcement	4.310
announcements	3.700
announcer	3.580
announcers	3.180
announces	3.940
announcing	3.870
annoy	3.460
annoyance	3.330
annoyances	2.490
annoyed	3.950
annoying	4.400
annoyingly	2.690
annoys	3.320
annual	4.940
annualized	2.620
annually	4.160
annuals	2.640
annuities	3.030
annuity	3.350
annul	2.490
annular	2.780
annulled	2.950
annulment	2.850
annum	3.230
annunciation	2.500
ano	2.960
anode	2.860
anoint	2.480
anointed	3.100
anointing	2.760
anomalies	3.280
anomalous	2.940
anomaly	3.470
anon	3.330
anonymity	3.390
anonymous	4.170
anonymously	3.410
anorexia	3.160
anorexic	2.730
another	5.740
another's	3.160
anova	2.570
anp	2.430
ans	3.310
ansar	2.650
ansari	2.800
ansel	2.810
anselm	2.640
anselmo	2.410
ansi	2.870
anson	2.940
answer	5.170
answerable	2.690
answered	4.320
answering	4.070
answers	4.600
ant	3.860
antagonism	2.840
antagonist	3.320
antagonistic	3.020
antagonists	3.070
antagonize	2.580
antagonizing	2.390
antalya	2.580
antarctic	3.560
antarctica	3.530
antares	2.480
ante	3.330
antebellum	2.840
antecedent	2.600
antecedents	2.610
antediluvian	2.080
antelope	3.080
antenatal	2.470
antenna	3.770
antennae	3.010
antennas	3.270
anterior	3.510
anteriorly	2.410
anthea	2.390
anthem	3.910
anthems	2.950
anthologies	2.770
anthology	3.480
anthony	4.410
anthony's	2.890
anthracite	2.580
anthrax	3.150
anthropogenic	2.800
anthropological	3.090
anthropologically	1.720
anthropologist	3.160
anthropologists	3.020
anthropology	3.650
anthropomorphic	2.730
anti	5.010
antiaircraft	2.490
antibacterial	2.890
antibiotic	3.500
antibiotics	3.740
antibodies	3.560
antibody	3.460
anticancer	2.440
antichrist	3.050
anticipate	3.730
anticipated	4.080
anticipates	2.990
anticipating	3.390
anticipation	3.740
anticipatory	2.390
anticlimactic	2.230
anticlimactically	0.000
anticoagulant	2.420
antics	3.380
antidepressant	2.930
antidepressants	3.160
antidote	3.250
antifa	3.200
antifreeze	2.560
antifungal	2.510
antigen	3.210
antigens	2.920
antigone	2.510
antigua	3.080
antihistamines	2.480
antilles	2.750
antimatter	2.640
antimicrobial	3.010
antimony	2.540
antioch	3.060
antiochus	2.460
antioxidant	2.940
antioxidants	2.950
antipathy	2.700
antipollution	0.000
antipsychotic	2.570
antipsychotics	2.420
antiquarian	2.810
antiquated	3.060
antique	3.860
antiques	3.480
antiquities	3.260
antiquity	3.430
antiretroviral	2.610
antisemitic	2.970
antisemitism	3.150
antiseptic	2.810
antisocial	3.130
antistatic	1.730
antithesis	2.960
antithetical	2.610
antitrust	3.370
antiviral	2.830
antivirus	2.900
antiwar	2.600
antler	2.610
antlers	2.950
antoine	3.390
antoinette	2.980
anton	3.590
antoni	2.890
antonia	2.970
antonin	2.680
antonio	4.170
antonio's	2.540
antonius	2.390
antonov	2.420
antony	3.380
antonym	1.950
antrim	3.050
ants	3.720
antsy	2.520
antwerp	3.200
anu	2.950
anubis	2.700
anurag	2.390
anus	3.250
anushka	2.430
anvil	3.040
anwar	3.150
anxieties	3.130
anxiety	4.450
anxious	4.090
anxiously	3.090
any	6.070
anya	3.020
anybody	4.560
anybody's	3.010
anyhow	3.480
anymore	4.940
anyone	5.380
anyone's	3.740
anyones	2.450
anyplace	2.590
anything	5.550
anything's	2.510
anytime	4.190
anyway	4.910
anyways	4.040
anywhere	4.710
anywho	2.390
anz	2.790
anzac	3.040
ao	3.380
aoa	2.610
aoc	3.000
aod	2.410
aoi	2.610
aoki	2.850
aol	3.240
aon	2.470
aor	2.500
aorta	2.920
aortic	3.070
aos	2.590
aot	2.480
ap	4.400
apa	3.320
apac	2.520
apace	2.460
apache	3.540
apaches	2.670
apart	4.780
apartheid	3.610
apartment	4.650
apartments	4.010
apathetic	2.840
apathy	3.260
apb	2.450
apc	3.240
apd	2.700
ape	3.480
apec	2.680
aperture	3.470
apertures	2.520
apes	3.450
apex	3.710
apg	2.490
aphasia	2.600
aphid	2.390
aphids	2.630
aphorism	2.490
aphorisms	2.400
aphrodisiac	2.600
aphrodite	2.910
api	3.680
apical	2.870
apiece	3.240
apis	3.100
apk	2.940
apl	2.570
aplenty	2.490
apm	2.600
apnea	3.000
apo	2.870
apocalypse	3.710
apocalyptic	3.430
apocrypha	2.480
apocryphal	2.660
apogee	2.570
apolitical	2.770
apollo	3.820
apologetic	2.990
apologetics	2.640
apologies	3.850
apologise	3.660
apologised	3.060
apologises	2.670
apologising	2.760
apologist	2.770
apologists	2.840
apologize	4.160
apologized	3.630
apologizes	3.160
apologizing	3.370
apology	4.050
apoptosis	2.990
apoptotic	2.390
apos	2.510
apostasy	2.920
apostate	2.670
apostates	2.530
apostle	3.460
apostles	3.470
apostolic	3.210
apostrophe	2.760
apothecary	2.740
apotheosis	2.430
app	4.860
app's	2.610
appa	2.580
appal	1.630
appalachia	2.770
appalachian	3.250
appalachians	2.460
appall	1.510
appalled	3.240
appalling	3.460
appallingly	2.310
apparatus	3.780
apparel	3.720
apparent	4.320
apparently	4.800
apparition	2.860
apparitions	2.580
appeal	4.670
appealed	3.830
appealing	3.950
appeals	4.220
appear	4.850
appearance	4.690
appearances	4.090
appeared	4.830
appearing	4.150
appears	4.840
appease	3.200
appeased	2.450
appeasement	2.790
appeasing	2.510
appel	2.530
appellant	2.820
appellants	2.420
appellate	3.340
appellation	2.760
append	2.640
appendage	2.760
appendages	2.800
appended	2.840
appendices	2.630
appendicitis	2.760
appendix	3.510
appetite	3.870
appetites	2.870
appetizer	2.860
appetizers	2.780
appetizing	2.590
appl	2.500
applaud	3.460
applauded	3.210
applauding	2.910
applauds	2.740
applause	3.830
apple	4.760
apple's	3.650
applebee's	2.580
appleby	2.780
applegate	2.610
apples	3.960
applesauce	2.630
appleton	3.120
appliance	3.350
appliances	3.710
applicability	2.910
applicable	4.130
applicant	3.640
applicant's	2.390
applicants	3.940
application	4.860
applications	4.640
applicator	2.590
applied	4.670
applies	4.230
apply	4.810
applying	4.240
appoint	3.700
appointed	4.590
appointee	2.880
appointees	3.000
appointing	3.330
appointment	4.490
appointments	3.950
appoints	3.170
apportioned	2.460
apportionment	2.480
appraisal	3.430
appraisals	2.800
appraise	2.540
appraised	2.780
appraiser	2.800
appraisers	2.640
appreciable	2.780
appreciably	2.450
appreciate	4.740
appreciated	4.160
appreciates	3.380
appreciating	3.230
appreciation	4.120
appreciative	3.240
apprehend	3.020
apprehended	3.310
apprehending	2.420
apprehension	3.090
apprehensive	3.030
apprentice	3.700
apprenticed	2.610
apprentices	3.150
apprenticeship	3.470
apprenticeships	2.890
apprised	2.520
approach	4.930
approachable	2.910
approached	4.160
approaches	4.250
approaching	4.170
appropriate	4.670
appropriated	3.140
appropriately	3.740
appropriateness	2.760
appropriating	2.790
appropriation	3.390
appropriations	3.360
approval	4.500
approvals	3.130
approve	4.080
approved	4.640
approves	3.420
approving	3.340
approx	3.510
approximate	3.640
approximated	2.680
approximately	4.640
approximating	2.440
approximation	3.320
approximations	2.710
apps	4.350
appt	2.580
apr	4.020
apra	2.500
apricot	2.980
apricots	2.740
april	5.190
april's	2.690
apron	3.360
aprons	2.730
apropos	2.690
après	2.410
aps	3.120
apt	3.690
apt to	3.690
aptitude	3.200
aptly	3.120
apu	2.720
aq	2.990
aqaba	2.440
aqsa	2.630
aqua	3.430
aquaculture	3.050
aquaman	2.950
aquamarine	2.510
aquaria	2.470
aquarium	3.560
aquariums	2.760
aquarius	3.060
aquatic	3.620
aquatics	2.570
aqueduct	2.930
aqueducts	2.420
aqueous	3.150
aqui	2.410
aquifer	2.900
aquifers	2.710
aquila	2.780
aquinas	3.020
aquino	3.030
aquitaine	2.420
ar	4.060
ara	3.210
arab	4.390
arabella	2.750
arabia	4.120
arabia's	2.670
arabian	3.530
arabic	4.030
arabica	2.420
arabidopsis	2.520
arable	2.960
arabs	3.760
arafat	2.860
aragon	2.910
aragorn	2.650
araki	2.480
aral	2.390
aram	2.920
aramaic	2.850
aramis	2.390
aran	2.480
arapahoe	2.440
ararat	2.490
arb	2.610
arbiter	2.980
arbitrage	2.810
arbitral	2.420
arbitrarily	3.220
arbitrary	3.850
arbitration	3.720
arbitrator	2.980
arbitrators	2.510
arbor	3.490
arboretum	2.800
arbroath	2.510
arby's	2.590
arc	4.210
arca	2.470
arcade	3.730
arcades	2.770
arcadia	3.080
arcana	2.620
arcane	2.990
arcanely	0.000
arch	4.020
archaeological	3.680
archaeologist	3.120
archaeologists	3.370
archaeology	3.570
archaic	3.360
archangel	2.980
archbishop	3.820
archbishops	2.540
archdeacon	2.700
archdiocese	3.080
archduke	2.810
arched	3.240
archeological	2.930
archeologist	2.420
archeologists	2.490
archeology	2.770
archer	3.810
archer's	2.450
archers	3.290
archery	3.250
arches	3.450
archetypal	2.880
archetype	2.960
archetypes	2.820
archibald	3.240
archie	3.590
archimedes	2.690
arching	2.710
archipelago	3.330
architect	4.080
architects	3.910
architectural	3.960
architecturally	2.620
architecture	4.420
architectures	3.020
archiv	2.450
archival	3.280
archive	3.980
archive.org	2.620
archived	3.400
archives	4.100
archiving	2.730
archivist	2.800
archivists	2.480
archon	2.500
archway	2.670
arcing	2.450
arco	2.560
arcs	3.260
arctic	4.030
arcy	2.670
ard	3.070
arda	2.530
arden	3.090
ardennes	2.420
ardent	3.280
ardently	2.440
ardmore	2.470
ardor	2.340
ardour	2.250
ards	2.460
arduino	2.900
arduous	3.180
arduously	1.500
are	6.740
area	5.460
area's	3.380
areal	2.390
areas	5.150
aren	2.810
aren't	5.050
arena	4.330
arenas	3.280
arendt	2.520
arent	3.520
ares	3.090
aretha	2.800
arf	2.710
arg	2.970
argan	2.410
argent	2.800
argentina	4.220
argentina's	2.800
argentine	3.620
argentinean	2.520
argentines	2.410
argentinian	3.100
argh	2.950
arginine	2.700
argo	2.990
argon	2.860
argonne	2.650
argos	3.040
arguable	2.660
arguably	3.900
argue	4.460
argued	4.360
argues	4.040
arguing	4.250
argument	4.640
argumentation	2.650
argumentative	2.890
arguments	4.330
argus	3.050
argyle	2.960
argyll	2.920
ari	3.530
aria	3.390
ariadne	2.580
arian	2.770
ariana	3.150
ariane	2.670
arianna	2.660
arians	2.540
arias	3.100
arid	3.370
arie	2.640
ariel	3.540
aries	3.130
arif	2.730
aris	2.610
arise	3.930
arisen	3.200
arises	3.610
arising	3.720
aristide	2.480
aristocracy	3.210
aristocrat	2.990
aristocratic	3.230
aristocrats	2.960
aristotelian	2.600
aristotle	3.410
arithmetic	3.400
ariz	3.110
ariza	2.440
arizona	4.380
arizona's	2.810
arjun	3.030
arjuna	2.580
ark	3.750
arkady	2.550
arkansas	4.050
arkham	3.100
arl	2.500
arlen	2.520
arlene	2.960
arles	2.460
arlington	3.730
arlo	2.680
arm	4.730
arm's	2.910
arma	2.610
armada	3.120
armadillo	2.700
armageddon	3.110
armagh	2.910
armament	3.040
armaments	2.950
arman	2.400
armand	2.980
armando	2.900
armani	3.060
armature	2.540
armband	2.700
armchair	3.210
armchairs	2.440
armed	4.590
armenia	3.560
armenian	3.600
armenians	3.140
armful	1.980
armies	3.900
armin	2.960
arming	3.140
armistice	3.220
armitage	2.940
armor	3.970
armored	3.620
armory	3.220
armour	3.750
armoured	3.340
armoury	2.730
armpit	3.000
armpits	2.870
arms	4.820
armstrong	3.900
armstrong's	2.680
army	5.060
army's	3.450
arn	2.610
arnaud	2.780
arndt	2.420
arne	2.890
arnett	2.640
arnhem	2.750
arnie	2.850
arno	2.750
arnold	4.000
arnold's	2.680
arnott	2.450
arnt	2.410
aro	2.730
aroma	3.230
aromas	2.630
aromatherapy	2.610
aromatic	3.320
aromatics	2.420
aron	3.040
aronson	2.480
arora	2.570
arose	3.730
around	5.770
arousal	3.120
arouse	2.900
aroused	3.350
arousing	2.830
arp	2.700
arpaio	2.410
arquette	2.530
arr	3.000
arraigned	2.730
arraignment	2.800
arran	2.690
arrange	4.000
arranged	4.310
arrangement	4.250
arrangements	4.230
arranger	2.610
arranges	2.900
arranging	3.550
arras	2.550
array	4.100
arrayed	2.570
arrays	3.290
arrears	3.050
arrest	4.550
arrested	4.640
arresting	3.500
arrests	3.740
arrhythmia	2.710
arrhythmias	2.450
arriba	2.400
arrington	2.400
arrival	4.440
arrivals	3.480
arrive	4.380
arrived	4.790
arrives	4.110
arriving	4.160
arrogance	3.550
arrogant	3.740
arrogantly	2.440
arron	2.430
arrondissement	2.500
arrow	4.130
arrowhead	2.860
arrowheads	2.450
arrows	3.800
arroyo	2.950
ars	3.220
arse	3.570
arsed	2.710
arsehole	2.800
arseholes	2.400
arsenal	4.310
arsenal's	3.050
arsenals	2.600
arsene	3.120
arsenic	3.230
arsenio	2.450
arses	2.470
arson	3.400
arsonist	2.590
arsène	2.540
art	5.290
art's	2.740
artagnan	2.530
arte	2.980
artefact	2.700
artefacts	3.190
artem	2.560
artemis	3.050
artemisia	2.410
arterial	3.250
arteries	3.460
artery	3.650
artesian	2.390
arteta	2.600
artful	2.880
artfully	2.670
arthritic	2.450
arthritis	3.610
arthropods	2.530
arthur	4.410
arthur's	2.990
arthurian	2.500
arti	2.430
artic	2.420
artichoke	2.730
artichokes	2.590
article	5.090
article's	2.530
articles	4.710
articular	2.500
articulate	3.540
articulated	3.390
articulates	2.570
articulating	2.850
articulation	3.090
artie	3.140
artifact	3.410
artifacts	3.720
artifice	2.580
artificial	4.240
artificially	3.440
artillery	3.960
artis	2.560
artisan	3.260
artisanal	2.790
artisans	3.250
artist	4.800
artist's	3.520
artiste	2.840
artistes	2.670
artistic	4.170
artistically	2.920
artistry	3.120
artists	4.670
arts	4.700
artsy	2.890
artur	2.760
arturo	3.100
artwork	4.110
artworks	3.380
arty	2.990
aru	2.660
aruba	2.930
arugula	2.460
arun	2.960
arunachal	2.520
arundel	2.980
arvind	2.800
arvo	2.400
ary	2.760
arya	3.110
aryan	3.210
aryans	2.580
as	6.770
asa	3.440
asad	2.690
asada	2.670
asahi	2.800
asami	2.490
asante	2.460
asap	3.810
asb	2.610
asbestos	3.540
asbury	2.740
asc	2.970
ascap	2.410
ascend	3.240
ascendancy	2.880
ascendant	2.870
ascended	3.300
ascending	3.310
ascends	2.680
ascension	3.340
ascent	3.420
ascents	2.450
ascertain	3.290
ascertained	2.790
ascetic	2.810
asceticism	2.400
ascii	2.920
ascorbic	2.400
ascot	3.060
ascribe	2.750
ascribed	3.040
asd	3.050
asda	2.920
ase	2.620
asean	3.300
asexual	2.910
asf	2.770
asg	2.410
asgard	2.800
asghar	2.660
ash	4.160
ash's	2.390
asha	2.880
ashamed	4.060
ashanti	2.820
ashburn	2.580
ashby	2.960
ashcroft	2.830
ashdown	2.550
ashe	3.110
ashen	2.480
asher	3.180
ashes	3.930
asheville	3.120
ashfield	2.440
ashford	2.970
ashish	2.520
ashkenazi	2.520
ashland	3.070
ashlee	2.590
ashleigh	2.740
ashley	4.110
ashley's	2.760
ashok	2.820
ashoka	2.550
ashore	3.520
ashraf	2.970
ashram	2.920
ashton	3.720
ashtray	2.720
ashwin	2.670
ashworth	2.660
ashy	2.570
asi	2.850
asia	4.650
asia's	3.010
asian	4.690
asians	3.460
asiatic	3.090
asic	2.860
asics	2.720
aside	4.590
asides	2.580
asif	2.850
asim	2.470
asimov	2.620
asinine	2.560
asio	2.400
asis	2.450
ask	5.340
asked	5.300
askew	2.720
askin	2.850
asking	4.960
asks	4.440
asl	3.000
aslam	2.590
aslan	2.700
asleep	4.360
asli	2.400
asm	2.860
asma	2.400
asme	2.530
asmr	2.590
asn	2.480
aso	2.750
asos	2.940
asp	3.050
asparagus	3.250
aspartame	2.490
aspect	4.410
aspects	4.500
aspen	3.430
asperger	2.460
asperger's	2.790
aspergers	2.420
aspergillus	2.580
asphalt	3.530
asphyxia	2.410
asphyxiation	2.650
aspirant	2.620
aspirants	2.680
aspirated	2.610
aspiration	3.300
aspirational	2.640
aspirations	3.660
aspire	3.470
aspired	2.830
aspires	2.810
aspirin	3.340
aspiring	3.560
asquith	2.590
asr	2.640
ass	5.000
assad	3.630
assad's	2.760
assailant	3.090
assailants	2.890
assailed	2.520
assam	3.290
assange	3.360
assassin	3.660
assassin's	3.010
assassinate	3.200
assassinated	3.390
assassinating	2.510
assassination	3.820
assassinations	2.990
assassins	3.420
assault	4.440
assaulted	3.750
assaulting	3.360
assaults	3.480
assay	3.280
assays	2.990
assed	2.930
assemblage	2.940
assemblages	2.590
assemble	3.640
assembled	3.960
assembler	2.690
assembles	2.660
assemblies	3.480
assembling	3.330
assembly	4.610
assembly's	2.500
assemblyman	2.900
assent	3.030
assert	3.620
asserted	3.590
asserting	3.350
assertion	3.630
assertions	3.270
assertive	3.190
assertiveness	2.620
asserts	3.380
asses	3.790
assess	4.070
assessed	3.900
assesses	2.930
assessing	3.740
assessment	4.460
assessments	3.790
assessor	2.880
assessors	2.650
asset	4.230
assets	4.560
asshat	2.420
asshole	4.340
assholes	3.710
assiduously	2.440
assign	3.660
assigned	4.390
assigning	3.280
assignment	4.180
assignments	3.880
assigns	3.230
assimilate	3.050
assimilated	3.070
assimilating	2.490
assimilation	3.190
assisi	2.680
assist	4.420
assistance	4.590
assistant	4.720
assistants	3.680
assisted	4.100
assisting	3.790
assistive	2.580
assists	4.030
assn	3.030
assoc	2.720
associate	4.390
associated	4.890
associates	4.140
associating	3.130
association	5.010
association's	3.260
associations	4.020
associative	2.780
assorted	3.280
assortment	3.260
asst	2.780
assuage	2.630
assume	4.570
assumed	4.390
assumes	3.780
assuming	4.230
assumption	4.070
assumptions	3.950
assurance	3.810
assurances	3.320
assure	4.060
assured	4.070
assuredly	2.780
assures	3.230
assuring	3.120
assyria	2.720
assyrian	2.960
assyrians	2.620
ast	3.080
asta	2.550
astaire	2.650
astana	2.720
aster	2.810
asterisk	3.050
asterisks	2.470
asterix	2.450
astern	2.520
asteroid	3.560
asteroids	3.200
asthma	3.730
asthmatic	2.630
astigmatism	2.450
astley	2.600
astm	2.940
aston	3.660
astonish	2.470
astonished	3.270
astonishing	3.670
astonishingly	2.860
astonishment	2.860
astor	2.940
astoria	3.100
astounded	2.940
astounding	3.450
astra	3.040
astral	3.130
astray	3.130
astrazeneca	2.430
astrid	2.990
astride	2.620
astringent	2.510
astro	3.230
astrocytes	2.420
astrologer	2.800
astrologers	2.560
astrological	2.770
astrology	3.380
astronaut	3.600
astronautics	2.440
astronauts	3.460
astronomer	3.160
astronomers	3.400
astronomical	3.490
astronomy	3.630
astrophysical	2.600
astrophysicist	2.620
astrophysics	2.990
astros	3.350
astroturf	2.460
asturias	2.410
astute	3.100
asu	3.040
asuka	2.830
asunder	2.600
asus	3.230
asv	2.440
asw	2.440
aswell	3.210
asx	2.620
asylum	3.990
asylums	2.500
asymmetric	3.140
asymmetrical	3.050
asymmetry	2.880
asymptomatic	2.890
asymptotic	2.690
asynchronous	2.880
at	6.700
ata	3.040
atacama	2.400
atalanta	2.510
atari	2.980
ataxia	2.530
atb	2.440
atc	3.090
atchison	2.610
ate	4.340
atelier	2.820
ateneo	2.620
atf	3.050
atg	2.400
ath	2.960
athanasius	2.460
atheism	3.450
atheist	3.620
atheistic	2.480
atheists	3.340
athena	3.250
athenaeum	2.510
athenian	3.030
athenians	2.720
athens	3.920
atherosclerosis	2.780
atherton	2.890
athlete	4.110
athlete's	2.750
athletes	4.340
athletic	4.120
athleticism	2.980
athletics	3.820
athol	2.410
athos	2.750
ati	2.880
atk	3.010
atkins	3.300
atkinson	3.420
atl	3.160
atlanta	4.370
atlanta's	2.830
atlantic	4.390
atlantis	3.430
atlas	3.800
atleast	3.540
atletico	3.090
atlético	2.910
atm	3.850
atmos	2.640
atmosphere	4.460
atmospheres	2.890
atmospheric	3.840
atms	2.950
ato	2.850
atoll	2.850
atom	3.720
atomic	3.980
atomizer	2.400
atoms	3.750
atone	2.860
atonement	3.090
atop	3.630
atp	3.510
atpase	2.520
atr	2.610
atrial	2.960
atrium	3.120
atrocious	3.140
atrocities	3.530
atrocity	3.030
atrophy	2.970
atropine	2.510
ats	3.010
att	3.220
atta	2.990
attach	3.750
attache	2.550
attached	4.520
attaches	3.110
attaching	3.260
attachment	3.880
attachments	3.380
attaché	2.770
attack	5.090
attacked	4.520
attacker	3.590
attackers	3.510
attacking	4.290
attacks	4.680
attain	3.600
attainable	3.100
attained	3.570
attaining	3.180
attainment	3.150
attains	2.810
attempt	4.850
attempted	4.420
attempting	4.270
attempts	4.500
attenborough	2.870
attend	4.550
attendance	4.170
attendances	2.730
attendant	3.600
attendants	3.320
attended	4.470
attendee	2.720
attendees	3.550
attending	4.310
attends	3.490
attention	5.110
attentions	2.920
attentive	3.300
attentively	2.510
attenuated	2.750
attenuation	2.810
attest	3.250
attestation	2.610
attested	3.160
attests	2.540
attic	3.630
attica	2.740
attics	2.410
atticus	2.750
attila	2.890
attire	3.490
attitude	4.580
attitudes	4.010
attlee	2.480
attn	2.650
attorney	4.690
attorney's	3.270
attorneys	4.010
attract	4.200
attracted	4.310
attracting	3.690
attraction	4.110
attractions	3.900
attractive	4.530
attractively	2.490
attractiveness	3.250
attracts	3.630
attributable	3.310
attribute	3.770
attributed	4.050
attributes	3.920
attributing	2.930
attribution	3.360
attributive	1.840
attrition	3.160
attuned	2.880
atty	2.840
atul	2.390
atv	3.120
atwater	2.680
atwell	2.400
atwood	3.040
atx	2.750
atypical	3.120
au	4.020
aubergine	2.410
aubrey	3.310
aubry	2.420
auburn	3.720
auc	2.570
auch	2.490
auckland	3.700
auction	4.270
auctioned	3.040
auctioneer	3.150
auctioneers	2.780
auctioning	2.530
auctions	3.450
aud	3.160
audacious	2.950
audacity	3.270
auden	2.650
audi	3.660
audible	3.450
audibly	2.580
audience	4.730
audience's	2.740
audiences	4.020
audio	4.470
audiobook	3.100
audiobooks	2.870
audiophile	2.450
audios	2.460
audiovisual	2.930
audit	4.040
audited	3.130
auditing	3.260
audition	3.770
auditioned	2.910
auditioning	2.960
auditions	3.400
auditor	3.480
auditorium	3.510
auditors	3.250
auditory	3.250
audits	3.290
audley	2.450
audra	2.520
audrey	3.550
audubon	2.950
auerbach	2.620
auf	3.090
aug	4.330
auger	2.770
aught	2.430
augie	2.430
augment	3.190
augmentation	3.050
augmented	3.500
augmenting	2.590
augments	2.530
augsburg	2.780
augur	2.480
august	5.100
augusta	3.590
auguste	2.790
augustin	2.700
augustine	3.510
augustinian	2.390
augusto	2.750
augustus	3.430
auld	2.940
aum	2.600
aung	2.970
aunt	4.160
aunt's	2.820
auntie	3.300
aunties	2.460
aunts	3.210
aunty	3.160
aur	2.950
aura	3.520
aural	2.780
aurelia	2.550
aurelio	2.430
aurelius	2.790
aureus	2.790
aurora	3.730
aus	3.570
auschwitz	3.320
auspices	3.220
auspicious	3.090
aussie	3.550
aussies	3.060
aust	2.920
austen	3.300
austen's	2.490
austere	3.000
austerely	1.600
austerity	3.410
austin	4.360
austin's	2.880
austral	2.490
australasia	2.820
australasian	2.810
australia	5.060
australia's	3.790
australian	4.930
australians	3.630
australis	2.640
austria	4.070
austria's	2.650
austrian	3.800
austrians	2.940
austro	2.830
aut	2.620
auteur	2.470
auth	2.950
authentic	4.040
authentically	2.680
authenticate	2.720
authenticated	2.930
authentication	3.350
authenticity	3.600
author	4.950
author's	3.430
authored	3.490
authoring	2.740
authorisation	3.030
authorise	2.790
authorised	3.610
authorising	2.560
authoritarian	3.590
authoritarianism	3.000
authoritative	3.400
authorities	4.630
authority	4.810
authority's	2.640
authorization	3.740
authorizations	2.480
authorize	3.380
authorized	4.120
authorizes	2.890
authorizing	3.120
authors	4.490
authorship	3.150
autism	3.970
autistic	3.430
auto	4.480
autobahn	2.490
autobiographical	3.140
autobiographies	2.460
autobiography	3.630
autobots	2.540
autocad	2.560
autocorrect	2.940
autocracy	2.620
autocrat	2.480
autocratic	2.900
autodesk	2.530
autofocus	2.520
autograph	3.490
autographed	2.900
autographs	3.120
autoimmune	3.170
autologous	2.430
automaker	2.640
automakers	2.780
automata	2.910
automate	3.080
automated	3.910
automatic	4.360
automatically	4.520
automating	2.600
automation	3.800
automaton	2.680
automobile	3.940
automobiles	3.490
automotive	3.930
autonomic	2.730
autonomous	3.850
autonomously	2.640
autonomy	3.860
autophagy	2.460
autopilot	3.160
autopsies	2.630
autopsy	3.570
autos	3.120
autosomal	2.620
autumn	4.260
autumnal	2.760
auvergne	2.510
aux	3.440
auxiliaries	2.640
auxiliary	3.740
av	3.630
ava	3.490
avail	3.590
availability	4.130
available	5.280
availed	2.470
availing	2.410
avalanche	3.480
avalanches	2.680
avalon	3.190
avant	3.360
avanti	2.460
avarice	2.500
avast	2.450
avatar	3.690
avatars	2.960
ave	4.040
avec	3.030
avenge	3.250
avenged	2.960
avenger	3.090
avengers	3.780
avenging	2.750
avenida	2.500
avenue	4.430
avenues	3.500
average	5.160
averaged	3.850
averages	3.640
averaging	3.730
averse	3.060
aversion	3.250
avert	3.140
averted	3.070
averting	2.500
avery	3.600
avery's	2.470
avg	3.370
avi	3.180
avian	3.140
aviary	2.490
aviation	4.170
aviator	2.970
aviators	2.690
avicii	2.500
avid	3.500
avidly	2.460
avignon	2.730
avila	2.810
avionics	2.810
avis	2.900
aviv	3.530
aviva	2.720
avo	2.400
avocado	3.450
avocados	2.920
avoid	4.870
avoidable	2.970
avoidance	3.540
avoided	4.070
avoiding	4.070
avoids	3.500
avon	3.450
avondale	2.550
avowed	2.660
avp	2.450
avril	2.890
avs	2.650
aw	4.130
awa	2.850
await	3.630
awaited	3.580
awaiting	3.750
awaits	3.550
awake	4.140
awaken	3.350
awakened	3.300
awakening	3.720
awakenings	2.470
awakens	3.220
awakes	2.420
awami	2.420
award	4.880
awarded	4.350
awarding	3.400
awards	4.710
aware	4.780
awareness	4.440
awash	2.760
away	5.620
aways	2.610
awd	2.800
awe	3.800
awed	2.630
awesome	4.920
awesomely	2.530
awesomeness	2.960
awestruck	2.410
awful	4.460
awfully	3.410
awh	2.730
awhile	3.890
awkward	4.290
awkwardly	3.250
awkwardness	3.000
awl	2.410
awning	2.700
awoke	3.150
awoken	2.720
awol	2.700
awp	2.640
awry	2.930
aws	3.170
awsome	2.500
aww	3.670
awww	3.110
awwww	2.620
ax	3.340
axa	2.540
axe	3.790
axed	2.820
axel	3.280
axelrod	2.690
axes	3.410
axial	3.150
axillary	2.410
axiom	3.020
axiomatic	2.540
axioms	2.850
axis	4.020
axl	2.680
axle	3.490
axles	2.980
axon	2.670
axons	2.590
ay	3.610
aya	2.920
ayahuasca	2.480
ayala	2.770
ayatollah	2.920
aye	3.890
ayer	2.740
ayers	2.880
ayesha	2.690
ayla	2.410
aylesbury	2.610
ayn	2.960
ayo	2.430
ayodhya	2.440
ayr	2.970
ayres	2.900
ayrshire	3.050
ayrton	2.640
ayurveda	2.610
ayurvedic	2.580
ayy	2.600
az	3.680
aza	2.410
azad	2.810
azalea	3.050
azam	2.670
azerbaijan	3.480
azerbaijani	2.750
azeri	2.480
azhar	2.830
azimuth	2.510
aziz	3.230
azkaban	2.500
azores	2.670
azov	2.470
aztec	3.100
aztecs	2.850
azul	2.690
azur	2.640
azure	3.350
azusa	2.480
b	5.350
b's	3.070
b.a	3.480
b.b	2.660
b.c	3.740
b.d	2.410
b.e	2.460
b.i.g	2.470
b.j	2.820
b.p	2.550
b.s	3.320
b.sc	2.830
b.v	2.600
b0	2.500
b00	3.610
b000	3.170
b0000	2.720
b1	3.200
b1g	2.510
b2	3.190
b2b	3.210
b2c	2.450
b3	2.920
b4	3.020
b5	2.830
b6	2.790
b7	2.490
b8	2.530
ba	4.130
baa	2.920
baal	2.880
bab	3.000
baba	3.580
babar	2.610
babbitt	2.590
babble	2.770
babbling	2.850
babcock	3.100
babe	4.110
babel	2.910
babes	3.390
babi	2.470
babies	4.450
baboon	2.730
baboons	2.680
babs	2.770
babu	2.980
baby	5.260
baby's	3.710
babyface	2.650
babylon	3.540
babylonia	2.530
babylonian	3.010
babylonians	2.430
babysit	3.030
babysitter	3.210
babysitters	2.560
babysitting	3.210
bac	3.100
baca	2.730
bacall	2.450
bacardi	2.510
baccalaureate	2.890
baccarat	2.470
bacchus	2.790
bach	3.530
bach's	2.590
bachchan	2.690
bachelor	3.970
bachelor's	3.520
bachelorette	3.180
bachelors	3.190
bachman	2.630
bachmann	2.780
bacillus	2.700
back	6.040
backache	2.220
backboard	2.570
backbone	3.530
backcountry	2.750
backcourt	2.430
backdoor	3.030
backdrop	3.580
backdrops	2.510
backed	4.260
backend	2.860
backer	3.000
backers	3.230
backfield	2.730
backfire	3.110
backfired	3.040
backfires	2.690
backflip	2.680
backgammon	2.450
background	4.770
backgrounds	3.790
backhand	2.860
backhanded	2.390
backhoe	2.390
backing	4.230
backlash	3.660
backless	2.410
backlight	2.480
backline	2.720
backlinks	2.710
backlit	2.540
backlog	3.210
backpack	3.780
backpacker	2.640
backpackers	2.670
backpacking	3.000
backpacks	3.070
backroom	2.780
backs	4.100
backseat	3.190
backside	3.200
backstabbing	2.600
backstage	3.600
backstop	2.600
backstory	3.140
backstreet	2.760
backstroke	2.650
backtrack	2.720
backtracking	2.550
backup	4.210
backups	3.120
backward	3.710
backwards	4.040
backwater	2.840
backwaters	2.420
backwoods	2.740
backyard	3.870
backyards	2.560
bacon	4.150
bacteria	4.190
bacterial	3.730
bacterium	3.050
bad	5.530
bad-tempered	3.530
bada	2.720
badass	3.710
baddest	2.710
baddie	2.490
baddies	2.740
bade	2.680
baden	3.520
bader	2.990
badge	4.020
badger	3.480
badgers	3.250
badges	3.500
badlands	2.830
badly	4.440
badminton	3.280
badness	2.470
badoo	2.520
badr	2.500
badu	2.450
bae	3.580
bae's	2.470
baek	2.990
baer	2.880
baez	2.900
baffle	2.720
baffled	3.360
baffles	2.880
baffling	3.130
bafta	3.090
bag	4.790
bagel	3.180
bagels	3.030
baggage	3.740
bagged	3.180
bagger	2.470
baggies	2.530
bagging	3.000
baggins	2.440
baggy	3.160
bagh	2.430
baghdad	3.640
baghdadi	2.520
bagley	2.760
bagpipes	2.740
bagram	2.390
bags	4.430
baguette	2.820
baguio	2.720
bah	3.120
baha	2.420
baha'i	2.410
bahadur	2.730
bahama	2.660
bahamas	3.530
bahamian	2.550
bahasa	2.460
bahia	2.880
bahn	2.670
bahr	2.410
bahrain	3.590
bahraini	2.710
baht	2.940
bai	3.180
baidu	2.640
baikal	2.420
bail	4.010
bailed	3.330
bailey	4.060
bailey's	2.810
baileys	2.460
bailiff	3.000
bailiffs	2.690
bailing	2.980
baillie	2.770
bailly	2.530
bailout	3.160
bailouts	2.630
bails	2.560
bain	3.230
bainbridge	2.740
baines	3.010
bains	2.510
bair	2.450
baird	3.360
bait	3.850
baited	2.780
baiting	3.010
baits	2.650
baja	3.100
bajaj	2.500
bak	2.900
baka	2.640
bakar	2.390
bake	3.910
baked	3.920
baker	4.230
baker's	3.030
bakeries	2.900
bakers	3.170
bakersfield	3.120
bakery	3.670
bakes	2.730
bakewell	2.480
baking	3.920
bakker	2.420
bakr	2.900
bakshi	2.420
baku	2.990
bal	3.130
bala	2.890
balaclava	2.510
balance	4.760
balanced	4.180
balances	3.620
balancing	3.800
balboa	2.950
balconies	3.040
balcony	3.780
bald	3.830
balding	2.910
baldly	1.870
baldness	2.660
baldwin	3.790
baldwin's	2.520
baldy	2.580
bale	3.610
balearic	2.390
balenciaga	2.520
bales	2.970
balfour	3.160
bali	3.690
balinese	2.770
balk	2.720
balkan	3.190
balkans	3.250
balked	2.530
balky	1.570
ball	5.040
ball's	2.800
ballad	3.420
ballads	3.160
ballantine	2.500
ballantyne	2.540
ballarat	2.900
ballard	3.250
ballast	3.160
balled	2.730
baller	2.900
ballerina	3.100
ballerinas	2.490
ballers	2.400
ballet	3.950
ballets	2.630
ballgame	2.690
ballin	2.590
balling	2.760
ballinger	2.410
ballistic	3.480
ballistics	2.840
ballmer	2.390
ballon	2.910
balloon	3.900
ballooned	2.400
ballooning	2.670
balloons	3.660
ballot	4.060
balloting	2.620
ballots	3.640
ballou	2.400
ballpark	3.300
ballpoint	2.530
ballroom	3.520
balls	4.520
ballsy	2.540
bally	2.730
ballymena	2.420
balm	3.250
balmain	2.890
balmoral	2.630
balmy	2.700
baloch	2.820
balochistan	3.050
baloney	2.520
balotelli	2.880
balsa	2.480
balsam	2.650
balsamic	2.740
balthazar	2.580
baltic	3.570
baltics	2.440
baltimore	4.220
baltimore's	2.590
baluchistan	2.680
balustrade	2.410
balzac	2.650
bam	3.640
bama	3.170
bamako	2.550
bamba	2.560
bambi	2.960
bambino	2.460
bamboo	3.650
bamboozled	2.440
bamford	2.660
ban	4.550
bana	2.630
banach	2.410
banal	2.880
banality	2.420
banana	4.000
bananas	3.700
banbury	2.640
banc	2.590
banco	3.030
bancorp	2.570
bancroft	2.990
band	4.920
band's	3.560
banda	3.000
bandage	3.240
bandaged	2.710
bandages	3.060
bandai	2.760
bandana	2.750
bandar	2.620
bandcamp	2.740
banded	3.130
banderas	2.440
bandicoot	2.510
banding	2.910
bandit	3.370
bandits	3.390
bandleader	2.490
bandmate	2.430
bandmates	2.700
bandra	2.390
bands	4.370
bandstand	2.570
bandung	2.730
bandwagon	3.260
bandwidth	3.620
bandy	2.550
bane	3.260
banerjee	2.760
banff	2.900
bang	4.320
bangalore	3.690
banged	3.420
banger	3.020
bangers	2.850
bangin	2.520
banging	3.680
bangkok	3.840
bangla	2.860
bangladesh	3.960
bangladesh's	2.450
bangladeshi	3.120
bangle	2.510
bangles	2.750
bangor	3.180
bangs	3.450
bani	2.640
banish	3.070
banished	3.390
banishing	2.510
banishment	2.760
banister	2.520
banjo	3.270
bank	5.160
bank account	4.880
bank's	3.380
banked	3.000
banker	3.780
bankers	3.770
banking	4.350
banknote	2.490
banknotes	2.800
bankroll	2.860
bankrupt	3.730
bankruptcies	2.770
bankruptcy	4.110
bankrupted	2.560
banks	4.690
bankstown	2.640
banksy	2.780
banned	4.410
banner	4.120
bannerman	2.500
banners	3.600
banning	3.800
bannister	2.910
bannon	3.120
banque	2.520
banquet	3.590
banquets	2.720
bans	3.690
banshee	2.810
banshees	2.490
bantam	2.790
bantamweight	2.430
banter	3.480
bantu	3.030
banyan	2.570
bao	3.130
bap	2.780
baptised	2.760
baptism	3.550
baptismal	2.670
baptisms	2.610
baptist	3.860
baptiste	2.980
baptists	2.980
baptize	2.680
baptized	3.460
bapu	2.450
bar	4.940
bar's	2.610
bara	2.570
barack	3.960
barak	2.710
baraka	2.610
barangay	2.420
baratheon	2.620
barb	3.310
barba	2.500
barbados	3.500
barbara	4.200
barbara's	2.520
barbarian	3.280
barbarians	3.300
barbaric	3.270
barbarism	2.750
barbarity	2.450
barbarossa	2.420
barbarous	2.540
barbary	2.610
barbecue	3.620
barbecued	2.460
barbecues	2.650
barbed	3.270
barbell	2.650
barbeque	2.700
barber	3.810
barber's	2.490
barbers	2.820
barbershop	2.990
barbican	2.650
barbie	3.560
barbies	2.400
barbosa	2.550
barbour	3.040
barbra	2.860
barbs	2.810
barbuda	2.410
barca	3.410
barcelona	4.230
barcelona's	2.690
barclay	3.190
barclays	3.230
barcode	2.890
bard	3.340
barden	2.400
bardot	2.540
bards	2.700
bare	4.180
bareback	2.750
bared	2.640
barefoot	3.390
barely	4.490
barents	2.410
bares	2.500
barf	2.740
bargain	3.950
bargained	2.850
bargaining	3.640
bargains	3.290
barge	3.500
barged	2.500
barges	3.060
bari	2.830
bariatric	2.640
baring	2.970
barista	3.020
baristas	2.460
baritone	2.980
barium	2.710
bark	3.850
barked	2.790
barker	3.590
barking	3.510
barkley	3.330
barks	3.010
barksdale	2.560
barley	3.490
barlow	3.360
barmaid	2.470
barman	2.770
barn	3.990
barnabas	2.850
barnaby	2.930
barnacle	2.550
barnacles	2.590
barnard	3.150
barnes	3.940
barnet	2.860
barnett	3.430
barney	3.540
barney's	2.530
barns	3.140
barnsley	3.000
barnum	2.730
barnyard	2.570
baroda	2.540
barometer	3.180
barometric	2.550
baron	3.880
baron's	2.410
barone	2.480
baroness	3.380
baronet	2.830
barons	3.170
barony	2.500
baroque	3.320
barr	3.460
barra	2.890
barrack	2.790
barracks	3.670
barracuda	2.780
barrage	3.390
barratt	2.530
barre	3.080
barred	3.710
barrel	4.170
barreled	2.630
barrels	3.830
barren	3.400
barrens	2.430
barret	2.500
barrett	3.640
barrett's	2.450
barricade	3.090
barricaded	2.690
barricades	3.000
barrie	3.120
barrier	4.150
barriers	4.010
barring	3.440
barrington	2.940
barrio	2.850
barrios	2.560
barrister	3.370
barristers	2.860
barron	3.150
barroso	2.440
barrow	3.380
barrows	2.770
barry	4.260
barry's	2.940
barrymore	2.930
bars	4.450
barstow	2.550
bart	3.670
bart's	2.450
bartel	2.390
bartender	3.500
bartenders	2.870
bartending	2.480
barter	3.050
bartering	2.460
barth	2.870
bartholomew	3.120
bartlett	3.390
bartley	2.580
bartolo	2.460
barton	3.610
barty	2.430
baru	2.540
baruch	2.770
barça	2.690
bas	3.240
basal	3.400
basalt	3.020
basaltic	2.460
base	5.050
baseball	4.540
baseball's	2.790
baseballs	2.450
based	5.510
basel	3.420
baseless	3.090
baseline	3.700
baseman	3.190
basement	4.180
basements	2.900
bases	4.180
basf	2.570
bash	3.810
bashar	2.870
bashed	3.100
basher	2.390
bashes	2.500
bashful	2.540
bashing	3.450
bashir	3.020
basic	4.890
basically	4.630
basics	3.820
basie	2.410
basil	3.650
basildon	2.540
basilica	3.080
basilisk	2.420
basin	4.080
basing	3.230
basingstoke	2.810
basins	3.260
basis	4.810
bask	2.930
basket	4.070
basketball	4.560
baskets	3.450
baskin	2.650
basking	2.880
basque	3.180
basra	2.760
bass	4.280
basses	2.670
basset	2.620
bassett	3.080
bassey	2.440
bassist	3.200
bassline	2.430
basso	2.440
bassoon	2.530
bast	2.590
basta	2.450
bastard	3.890
bastards	3.630
baste	2.390
bastian	2.840
bastille	3.040
bastion	3.310
bastions	2.650
basu	2.640
bat	4.300
bata	2.500
bataan	2.430
bataille	2.390
batangas	2.390
batavia	2.720
batch	3.910
batchelor	2.530
batches	3.230
bate	2.760
bateman	3.070
bates	3.640
batgirl	2.680
bath	4.440
bathe	3.220
bathed	3.130
bathers	2.410
bathes	2.400
bathhouse	2.660
bathing	3.680
bathrobe	2.680
bathroom	4.540
bathrooms	3.670
baths	3.670
bathtub	3.450
bathurst	3.110
batik	2.540
batista	2.920
batman	4.220
batman's	2.830
batmobile	2.690
baton	3.640
batons	2.580
bats	3.820
batshit	2.580
batsman	3.400
batsmen	2.990
batt	2.570
battalion	3.810
battalions	3.170
batted	3.190
batten	2.740
batter	3.560
battered	3.410
batteries	4.060
battering	2.870
batters	3.100
battersea	2.870
battery	4.520
battery's	2.390
batting	3.840
battista	2.400
battle	4.940
battled	3.270
battlefield	3.930
battlefields	2.920
battlefront	2.750
battleground	3.070
battlegrounds	2.630
battlements	2.540
battles	4.180
battleship	3.150
battleships	2.950
battlestar	2.830
battling	3.690
batty	2.790
batu	2.470
bau	2.570
bauble	2.290
baudelaire	2.610
bauer	3.510
bauhaus	2.600
baum	2.970
bauman	2.670
baumann	2.560
bausch	2.440
bautista	2.960
bauxite	2.710
bavaria	3.180
bavarian	3.120
bawdy	2.560
bawling	2.760
bax	2.450
baxter	3.560
bay	4.730
bay's	2.770
bayard	2.760
bayer	3.260
bayern	3.750
bayes	2.510
bayesian	2.950
bayeux	2.390
bayless	2.540
bayley	2.980
bayliss	2.530
baylor	3.430
baynes	2.620
bayonet	3.150
bayonets	2.760
bayonne	2.660
bayou	3.140
bays	3.320
bayside	2.700
bayswater	2.480
bayview	2.410
baywatch	2.640
baz	2.880
bazaar	3.370
bazaars	2.420
bazar	2.570
bazooka	2.630
bb	3.840
bb00	2.610
bba	2.730
bbb	2.980
bbc	4.570
bbc's	3.210
bbc1	2.730
bbc2	2.750
bbe	2.420
bbl	3.050
bbm	2.570
bbq	3.660
bbs	2.990
bbw	3.180
bby	2.550
bc	4.490
bca	2.670
bcc	2.780
bcci	2.750
bce	3.100
bcg	2.640
bch	2.510
bcl	2.490
bcm	2.570
bcs	3.260
bd	3.490
bday	2.690
bdo	2.830
bds	3.060
bdsm	3.330
be	6.790
bea	3.340
beach	4.920
beached	2.610
beaches	3.960
beachfront	2.770
beachhead	2.400
beachside	2.490
beachy	2.530
beacon	3.740
beacons	3.120
beaconsfield	2.440
bead	3.440
beaded	3.060
beading	2.480
beadle	2.510
beads	3.690
beady	2.480
beagle	3.060
beak	3.300
beaker	2.800
beaks	2.740
beal	2.990
beale	3.190
beam	4.140
beamed	3.000
beamer	2.550
beaming	3.030
beams	3.760
bean	3.980
beanie	2.990
beans	4.140
beanstalk	2.460
bear	4.710
bear's	2.820
bearable	2.890
bearcats	2.470
beard	4.070
bearded	3.340
beards	3.290
beardsley	2.580
bearer	3.430
bearers	3.120
bearing	4.220
bearings	3.540
bearish	2.830
bears	4.340
beasley	3.010
beast	4.290
beast's	2.450
beastie	2.810
beastly	2.760
beasts	3.700
beat	5.010
beatdown	2.440
beaten	4.210
beater	3.090
beaters	2.750
beating	4.430
beatings	3.020
beatle	2.630
beatles	3.880
beaton	2.620
beatrice	3.410
beatrix	2.770
beatriz	2.520
beats	4.220
beattie	2.880
beatty	3.190
beatz	2.440
beau	3.580
beauchamp	2.780
beaufort	3.060
beaulieu	2.570
beaumont	3.310
beauregard	2.670
beaut	2.560
beautician	2.390
beauties	3.390
beautification	2.520
beautiful	5.220
beautifully	3.920
beautify	2.510
beauty	4.750
beauvoir	2.490
beaux	2.730
beaver	3.610
beavers	3.060
beaverton	2.480
beavis	2.610
bebe	2.970
bebop	2.830
bec	2.940
became	5.150
because	6.030
because of	6.010
becca	3.120
bechtel	2.430
beck	3.710
beck's	2.580
becker	3.480
becket	2.760
beckett	3.420
beckett's	2.460
beckford	2.440
beckham	3.510
beckham's	2.460
beckman	2.770
beckon	2.390
beckoned	2.510
beckoning	2.630
beckons	2.720
becks	2.460
beckwith	2.630
becky	3.630
become	5.400
becomes	4.830
becoming	4.810
becuase	2.560
bed	5.070
bedbugs	2.640
bedchamber	2.470
bedded	2.640
bedding	3.400
bede	2.670
bedford	3.600
bedfordshire	2.870
bedlam	2.690
bedouin	2.810
bedridden	2.640
bedrock	3.280
bedroom	4.460
bedrooms	3.720
beds	4.170
bedside	3.350
bedtime	3.560
bee	4.090
bee's	2.600
beebe	2.630
beech	3.270
beecher	2.870
beef	4.290
beefed	2.530
beefing	2.610
beefy	2.740
beehive	2.890
beek	2.410
beekeeper	2.540
beekeepers	2.590
beekeeping	2.660
beeline	2.470
been	6.270
beep	3.450
beeping	2.690
beeps	2.730
beer	4.700
beers	3.900
bees	3.960
beeswax	2.670
beet	3.050
beethoven	3.410
beethoven's	2.780
beetle	3.530
beetlejuice	2.430
beetles	3.340
beetroot	2.760
beets	3.070
bef	2.680
befall	2.710
befallen	2.400
befell	2.540
befits	2.410
befitting	2.880
before	5.930
beforehand	3.620
befriend	2.930
befriended	2.950
befriending	2.560
befriends	2.510
befuddled	2.470
beg	4.050
began	5.070
begat	2.410
beget	2.390
begets	2.600
begg	2.400
beggar	3.170
beggars	3.230
begged	3.580
begging	3.930
begin	4.840
begining	2.580
beginner	3.520
beginner's	2.830
beginners	3.520
beginning	5.000
beginnings	3.640
begins	4.620
begone	2.450
begotten	2.730
begrudge	2.570
begs	3.380
beguiling	2.550
beguilingly	1.300
begum	2.560
begun	4.360
behalf	4.420
behave	4.000
behaved	3.590
behaves	3.250
behaving	3.510
behavior	4.690
behavioral	3.860
behaviors	3.890
behaviour	4.360
behavioural	3.320
behaviours	3.330
behead	2.710
beheaded	3.220
beheading	2.950
beheld	2.510
behemoth	2.970
behest	2.990
behind	5.290
behold	3.760
beholden	2.810
beholder	2.810
bei	3.100
beige	3.300
beijing	4.120
beijing's	2.560
bein	3.200
being	5.950
beings	4.190
beirut	3.550
beit	2.990
bel	3.420
bela	2.830
belafonte	2.440
belarus	3.460
belarusian	2.780
belated	3.020
belatedly	2.570
belay	2.430
belcher	2.800
beleaguered	2.730
beleive	2.460
belfast	3.880
belfort	2.630
belfry	2.560
belgian	3.820
belgians	2.870
belgique	2.400
belgium	4.150
belgium's	2.600
belgrade	3.320
belichick	2.820
belie	2.450
belied	2.390
belief	4.460
beliefs	4.250
belies	2.510
believable	3.290
believably	1.890
believe	5.510
believed	4.750
believer	3.670
believers	3.660
believes	4.430
believeth	2.450
believing	4.150
belinda	3.110
belittle	2.860
belittled	2.490
belittling	2.610
belive	2.790
belize	3.240
belkin	2.460
belknap	2.480
bell	4.590
bell's	3.000
bella	3.740
bella's	2.460
belladonna	2.520
bellagio	2.530
bellamy	3.300
bellas	2.520
bellator	2.650
bellatrix	2.390
belle	3.790
belles	2.720
belleville	2.850
bellevue	3.220
bellew	2.400
belli	2.530
bellied	2.710
bellies	2.910
belligerence	2.120
belligerent	3.040
bellinger	2.430
bellingham	2.930
bellini	2.610
bello	3.020
bellow	2.790
bellowing	2.530
bellows	3.070
bells	3.900
belly	4.100
belmont	3.330
belo	2.930
beloit	2.560
belong	4.380
belonged	4.010
belonging	4.050
belongings	3.560
belongs	4.240
beloved	4.170
below	5.050
belt	4.420
belted	2.800
belter	2.430
belting	2.830
belton	2.490
beltran	2.660
belts	3.740
beltway	2.890
beluga	2.690
belvedere	2.790
belvoir	2.530
bem	2.500
bemused	2.560
ben	4.690
ben's	3.080
benadryl	2.570
benazir	2.390
bench	4.390
benched	2.880
benches	3.470
benchmark	3.600
benchmarking	2.740
benchmarks	3.270
bend	4.130
bender	3.400
benders	2.480
bendigo	2.830
bending	3.680
bendix	2.440
bends	3.340
bendy	2.550
bene	2.900
beneath	4.240
benedict	3.700
benedictine	2.740
benediction	2.490
benefactor	3.090
benefactors	2.790
beneficial	4.080
beneficiaries	3.450
beneficiary	3.370
benefit	4.820
benefited	3.670
benefiting	3.320
benefits	4.840
benefitted	2.980
benefitting	2.780
benelux	2.440
benetton	2.420
benevolence	2.780
benevolent	3.340
benfica	2.970
bengal	3.680
bengali	3.210
bengals	3.380
bengaluru	2.960
benghazi	3.600
beni	2.580
benidorm	2.450
benign	3.510
benignly	1.950
benigno	2.550
benin	3.030
benitez	2.740
benito	2.940
benjamin	4.160
benjamin's	2.400
benjamins	2.460
benji	3.090
benjy	2.440
benn	3.030
bennet	3.100
bennett	4.030
bennett's	2.750
bennie	2.730
benning	2.740
bennington	2.660
benny	3.600
benoit	2.990
benson	3.600
bent	3.990
benteke	2.590
bentham	2.670
benthic	2.670
bentley	3.590
bento	2.700
benton	3.360
bentonite	2.390
benue	2.420
benz	3.590
benzema	2.810
benzene	2.850
benzodiazepine	2.430
benzodiazepines	2.650
beowulf	2.920
bequeath	2.470
bequeathed	3.020
bequest	2.840
ber	2.850
berate	2.440
berated	2.670
berating	2.560
berber	2.700
berea	2.460
bereaved	2.900
bereavement	2.960
bereft	2.800
bereftly	0.000
berenson	2.390
beresford	2.680
beret	2.920
berets	2.550
beretta	2.710
berg	3.320
bergdahl	2.420
bergen	3.320
berger	3.350
bergeron	2.710
bergman	3.000
bering	2.890
berk	2.660
berkeley	3.930
berkley	2.760
berkowitz	2.560
berks	2.740
berkshire	3.510
berlin	4.380
berlin's	2.730
berliner	2.680
berlioz	2.450
berlusconi	2.770
berm	2.400
berman	3.160
bermondsey	2.400
bermuda	3.520
bern	3.140
bernabeu	2.410
bernadette	3.120
bernal	2.670
bernanke	2.600
bernard	4.020
bernardi	2.450
bernardino	3.190
bernardo	3.190
bernd	2.570
berne	2.750
berners	2.640
bernhard	2.850
bernhardt	2.500
bernice	2.910
bernie	3.990
bernie's	2.690
bernier	2.740
bernoulli	2.410
bernstein	3.430
berra	2.530
berries	3.570
berry	3.970
berry's	2.550
berryman	2.480
berserk	3.010
berserker	2.410
bert	3.500
berta	2.590
berth	3.440
bertha	3.150
berths	2.840
bertie	3.080
bertram	2.960
bertrand	3.170
berwick	3.010
beryl	2.910
beryllium	2.860
bes	2.900
beseech	2.740
beset	3.080
beside	4.190
besides	4.630
besiege	2.360
besieged	3.350
besieging	2.470
bespoke	3.200
bess	3.060
bessemer	2.510
bessie	3.050
best	5.840
bested	2.720
bestest	2.530
bestial	2.390
bestiality	2.620
bestie	2.550
besties	2.480
bestow	2.980
bestowed	3.390
bestowing	2.460
bestows	2.480
bests	2.590
bestseller	3.340
bestsellers	2.710
bestselling	3.230
bet	4.790
beta	4.200
betas	2.480
betcha	2.580
betel	2.530
betfair	2.530
beth	3.870
beth's	2.430
bethany	3.320
bethel	3.110
bethenny	2.400
bethesda	3.390
bethlehem	3.400
bethnal	2.430
bethune	2.530
betis	2.530
beto	2.760
betray	3.420
betrayal	3.680
betrayals	2.420
betrayed	3.760
betraying	3.130
betrays	3.000
betrothal	2.490
betrothed	2.860
bets	3.850
betsey	2.530
betsy	3.420
betta	2.790
bette	3.150
better	5.760
bettered	2.540
bettering	2.780
betterment	3.020
betters	2.480
bettie	2.420
bettina	2.540
betting	4.000
betts	3.040
betty	3.920
betty's	2.560
between	5.770
betwixt	2.390
beulah	2.590
bev	2.940
bevan	2.940
bevel	2.610
beveled	2.410
beverage	3.690
beverages	3.600
beveridge	2.690
beverley	2.980
beverly	3.870
bevin	2.600
bevy	2.550
beware	3.700
bewilder	1.740
bewildered	3.100
bewildering	2.840
bewilderment	2.630
bewitched	2.780
bewitching	2.540
bex	2.530
bexley	2.520
bey	3.310
beyer	2.630
beyonce	3.490
beyonce's	2.710
beyoncé	3.370
beyoncé's	2.460
beyond	4.980
bezel	2.800
bezos	2.980
bf	3.790
bf's	2.390
bfa	2.900
bff	2.950
bffs	2.510
bfg	2.490
bfi	2.550
bfs	2.550
bg	3.320
bgc	2.390
bgs	2.560
bh	3.030
bha	2.530
bhagat	2.560
bhagavad	2.460
bhai	3.130
bhakti	2.530
bharat	3.130
bharatiya	2.920
bharti	2.600
bhaskar	2.490
bhatia	2.400
bhatt	2.690
bhattacharya	2.390
bhavan	2.390
bhd	2.670
bhi	2.500
bhopal	2.790
bhp	2.970
bhs	2.510
bhubaneswar	2.520
bhushan	2.540
bhutan	3.090
bhutto	2.800
bi	4.040
bia	2.790
biafra	2.590
bianca	3.370
bianchi	2.890
bianco	2.560
biannual	2.460
bias	4.180
biased	3.760
biases	3.320
biathlon	2.680
bib	2.970
bibby	2.540
bibi	2.990
bible	4.540
bibles	3.040
biblical	3.920
bibliographic	2.690
bibliographical	2.460
bibliographies	2.600
bibliography	3.820
bibs	2.480
bic	2.770
bicarbonate	2.730
bicentennial	2.800
bicep	2.720
biceps	3.060
bicker	2.560
bickering	3.010
bicycle	3.980
bicycles	3.400
bicycling	2.700
bicyclists	2.560
bid	4.400
bidder	3.480
bidders	3.330
bidding	3.810
biddle	2.750
biddy	2.390
bide	2.660
biden	3.860
biden's	2.860
bidet	2.580
biding	2.500
bidirectional	2.550
bids	3.870
bieber	3.700
bieber's	2.970
biel	2.690
bien	3.100
biennale	2.850
biennial	3.250
bier	2.460
biff	2.800
bifida	2.510
bifurcation	2.470
big	5.670
bigamy	2.390
bigelow	2.900
bigfoot	3.160
bigg	2.730
biggar	2.570
bigger	4.740
biggest	4.930
biggie	3.180
biggs	3.050
bighorn	2.630
bight	2.670
bigot	3.180
bigoted	3.050
bigotry	3.420
bigots	3.030
bigs	2.530
bigtime	2.400
bih	2.460
bihar	3.280
bijou	2.490
bike	4.530
biker	3.370
bikers	3.250
bikes	3.890
biking	3.410
bikini	3.700
bikinis	2.960
bikram	2.400
bil	2.780
bilal	2.830
bilateral	3.720
bilbao	2.930
bilbo	2.830
bild	2.640
bile	3.210
bilge	2.670
biliary	2.460
bilingual	3.520
bilingualism	2.650
bill	5.150
bill's	3.290
billboard	3.870
billboard's	2.640
billboards	3.290
billed	3.590
billet	2.750
billiard	2.860
billiards	2.840
billie	3.460
billing	3.590
billings	3.260
billingsley	2.390
billion	4.750
billionaire	3.760
billionaires	3.440
billions	3.970
billowing	2.530
bills	4.520
billy	4.330
billy's	2.760
biloxi	2.630
biltmore	2.550
bim	2.760
bimbo	2.870
bimonthly	2.600
bin	4.220
binance	2.640
binaries	2.750
binary	3.950
bind	3.750
binder	3.320
binders	2.840
binding	4.140
bindings	2.900
binds	3.380
bing	3.630
binge	3.600
bingham	3.120
binghamton	2.850
binging	2.410
bingley	2.580
bingo	3.710
binh	2.480
binks	2.390
binned	2.400
binocular	2.600
binoculars	3.100
binomial	2.700
bins	3.430
bint	2.420
bio	4.070
bioavailability	2.570
biochem	2.410
biochemical	3.210
biochemist	2.520
biochemistry	3.360
biodegradable	2.840
biodiesel	2.650
biodiversity	3.470
bioengineering	2.550
bioethics	2.600
biofilm	2.470
biofuel	2.710
biofuels	2.840
biogas	2.570
biogenesis	2.400
biographer	3.090
biographers	2.540
biographical	3.380
biographies	3.230
biography	3.890
biohazard	2.670
bioinformatics	2.820
biol	2.450
biologic	2.590
biological	4.310
biologically	3.230
biologics	2.420
biologist	3.350
biologists	3.240
biology	4.220
biomarker	2.630
biomarkers	2.840
biomass	3.380
biomaterials	2.430
biome	2.730
biomechanical	2.440
biomechanics	2.540
biomedical	3.470
biometric	2.990
biometrics	2.710
bionic	2.960
biopharmaceutical	2.420
biophysical	2.460
biophysics	2.580
biopic	3.030
biopsies	2.690
biopsy	3.310
bios	3.260
bioscience	2.500
biosciences	2.570
bioshock	2.720
biosphere	2.890
biosynthesis	2.840
biota	2.490
biotech	3.160
biotechnology	3.420
biotic	2.660
biotin	2.530
bioware	2.460
bip	2.530
bipartisan	3.370
bipedal	2.420
biplane	2.460
bipolar	3.620
bir	2.680
biracial	2.620
birch	3.500
bird	4.630
bird's	3.230
birdcage	2.450
birdie	3.260
birdies	2.760
birding	2.640
birdman	2.940
birds	4.600
birdsong	2.610
birdy	2.600
birkenhead	2.600
birkin	2.600
birla	2.520
birmingham	4.180
birmingham's	2.520
birnbaum	2.400
birth	4.770
birthdate	2.430
birthday	4.760
birthdays	3.480
birthed	2.730
birthing	2.940
birthmark	2.450
birthplace	3.370
birthright	3.020
births	3.640
biryani	2.490
bis	3.340
biscayne	2.580
bischoff	2.670
biscuit	3.450
biscuits	3.600
bisexual	3.700
bisexuality	2.660
bisexuals	2.570
bish	2.530
bishkek	2.440
bishop	4.380
bishop's	3.010
bishopric	2.570
bishops	3.800
bismarck	3.170
bismuth	2.660
bison	3.260
bisping	2.450
bisque	2.450
bissau	2.670
bissell	2.530
bistro	3.050
bit	5.370
bit.ly	3.180
bitch	4.760
bitched	2.450
bitches	3.840
bitchin	2.630
bitching	3.190
bitchy	3.080
bitcoin	4.240
bitcoin's	2.620
bitcoins	3.380
bite	4.310
biter	2.600
bites	3.790
biting	3.770
bitmap	2.420
bitrate	2.630
bits	4.180
bitten	3.490
bitter	4.210
bitterly	3.290
bitterness	3.450
bitters	2.660
bittersweet	3.240
bittorrent	2.630
bitty	2.790
bitumen	2.830
biweekly	2.660
bixby	2.620
biz	3.270
bizarre	4.020
bizarrely	2.660
bizarro	2.610
bj	3.280
bjj	2.590
bjork	2.450
bjorn	2.900
bjp	3.540
bjp's	2.450
bk	3.430
bl	3.370
bla	3.010
black	5.460
black's	2.850
blackadder	2.740
blackbeard	2.560
blackberries	2.800
blackberry	3.650
blackbird	2.910
blackbirds	2.480
blackboard	3.020
blackburn	3.480
blacked	3.260
blackened	2.990
blacker	2.660
blackest	2.690
blackett	2.430
blackface	2.880
blackfish	2.590
blackfoot	2.450
blackfriars	2.530
blackhawk	2.570
blackhawks	3.340
blackheads	2.390
blackie	2.700
blacking	2.570
blackish	2.850
blackjack	3.160
blacklist	3.130
blacklisted	2.990
blacklisting	2.430
blackmail	3.440
blackmailed	2.870
blackmailing	2.750
blackman	2.890
blackmon	2.420
blackmore	2.500
blackness	3.090
blackout	3.580
blackouts	2.900
blackpool	3.390
blackrock	2.810
blacks	4.150
blacksburg	2.500
blacksmith	3.260
blacksmiths	2.580
blackstone	3.100
blackwater	3.020
blackwell	3.310
blackwood	2.970
bladder	3.620
bladders	2.450
blade	4.190
bladed	2.710
blades	3.870
blah	3.880
blaine	3.280
blair	4.000
blair's	2.800
blaise	2.850
blake	4.160
blake's	2.930
blakely	2.690
blame	4.630
blamed	3.900
blameless	2.800
blames	3.550
blaming	3.880
blanc	3.420
blanca	2.990
blanch	2.540
blanchard	3.150
blanche	3.380
blanchett	2.530
blanco	3.060
bland	3.500
blandishment	0.000
blaney	2.460
blank	4.140
blanked	2.550
blankenship	2.430
blanket	4.070
blanketed	2.450
blankets	3.670
blanking	2.430
blankly	2.630
blankness	1.760
blanks	3.260
blanton	2.510
blare	2.390
blaring	2.950
blas	2.420
blasio	2.800
blasphemous	2.840
blasphemy	3.300
blast	4.320
blasted	3.490
blaster	3.080
blasters	2.740
blasting	3.550
blasts	3.490
blatant	3.450
blatantly	3.200
blatt	2.610
blatter	2.600
blau	2.410
blaze	3.690
blazed	2.870
blazer	3.270
blazers	3.340
blazes	2.780
blazing	3.480
bldg	2.600
ble	2.620
bleach	3.510
bleached	3.030
bleacher	2.590
bleachers	2.910
bleaching	3.040
bleak	3.430
bleating	2.400
bled	3.210
bledsoe	2.740
bleed	3.720
bleeding	4.080
bleeds	3.040
bleep	3.080
bleh	2.640
blemish	2.850
blemishes	2.660
blend	3.950
blended	3.500
blender	3.430
blending	3.440
blends	3.340
blenheim	2.710
bless	4.170
blessed	4.230
blesses	2.610
blessing	4.060
blessings	3.750
bletchley	2.630
bleu	2.920
blew	4.120
blige	2.640
bligh	2.720
blight	3.240
blighted	2.770
blimey	2.570
blimp	2.780
blind	4.520
blinded	3.470
blinder	2.410
blinders	2.700
blindfold	2.800
blindfolded	3.060
blinding	3.200
blindly	3.320
blindness	3.440
blinds	3.300
blindside	2.540
blindsided	2.710
bling	3.210
blink	3.730
blinked	3.000
blinkers	2.420
blinking	3.300
blinks	2.770
blip	2.970
bliss	3.780
blissful	3.000
blissfully	2.750
blister	3.000
blistering	2.980
blisters	3.070
blithe	2.480
blithely	2.440
blitz	3.570
blitzer	2.570
blitzkrieg	2.560
blizzard	3.530
blizzards	2.590
blk	2.620
blm	3.380
bloat	2.600
bloated	3.330
bloating	2.720
blob	3.070
blobs	2.580
bloc	3.600
bloch	2.890
block	4.880
blockade	3.570
blockaded	2.610
blockades	2.440
blockading	2.440
blockage	3.000
blockages	2.470
blockbuster	3.480
blockbusters	2.760
blockchain	3.660
blocked	4.310
blocker	3.200
blockers	3.130
blocking	4.120
blocks	4.430
blocky	2.510
blocs	2.680
bloemfontein	2.450
blog	4.730
blogged	2.810
blogger	3.850
bloggers	3.760
blogging	3.710
blogosphere	2.650
blogpost	2.500
blogs	3.950
blogspot	2.430
bloke	3.550
blokes	3.060
blond	3.550
blonde	4.040
blondes	3.000
blondie	3.030
blood	5.100
bloodbath	3.000
bloodborne	2.770
blooded	3.340
bloodhound	2.700
bloodied	2.750
bloodiest	2.590
bloodless	2.690
bloodletting	2.400
bloodline	2.980
bloodlines	2.710
bloodlust	2.440
bloods	3.030
bloodshed	3.290
bloodshot	2.590
bloodstained	2.460
bloodstream	3.160
bloodthirsty	2.860
bloody	4.280
bloom	3.930
bloom's	2.410
bloomberg	3.560
bloomed	2.660
bloomer	2.660
bloomfield	3.040
blooming	3.330
bloomington	3.220
blooms	3.330
bloomsbury	2.920
bloop	2.430
blooper	2.420
bloor	2.540
blossom	3.620
blossomed	2.900
blossoming	2.900
blossoms	3.340
blot	3.030
blotches	2.450
blotter	2.440
blotting	2.540
blount	2.970
blouse	3.380
blouses	2.670
blow	4.590
blowback	2.710
blower	3.270
blowers	2.900
blowin	2.550
blowing	4.200
blowjob	3.350
blowjobs	2.870
blown	4.210
blowout	3.200
blowouts	2.440
blows	4.040
blowtorch	2.400
bls	2.780
blt	2.520
blu	3.750
blubber	2.530
blubbery	1.610
bludgeoned	2.420
blue	5.130
blue's	2.620
bluebell	2.530
blueberries	3.080
blueberry	3.300
bluebird	2.910
bluebirds	2.510
bluefin	2.390
bluegrass	3.160
blueprint	3.480
blueprints	3.140
blues	4.340
bluestone	2.470
bluesy	2.430
bluetooth	3.750
bluff	3.580
bluffing	2.760
bluffs	3.000
bluish	2.880
blum	2.870
blume	2.530
blumenthal	2.860
blundell	2.410
blunder	3.130
blunders	2.910
blunt	3.900
blunted	2.540
bluntly	3.070
blunts	2.530
blur	3.550
bluray	2.620
blurb	2.790
blurred	3.470
blurring	2.960
blurry	3.270
blurs	2.620
blurt	2.480
blurted	2.620
blush	3.560
blushed	2.640
blushes	2.810
blushing	3.080
bluster	2.580
blustery	2.470
blvd	3.550
bly	2.610
blyth	2.630
blythe	2.830
bm	3.360
bma	2.510
bmc	3.000
bmd	2.450
bme	2.400
bmg	2.550
bmi	3.430
bmj	2.480
bmo	2.660
bmp	2.680
bms	2.640
bmt	2.650
bmw	3.920
bmw's	2.510
bmx	2.980
bn	3.350
bna	2.390
bnb	2.590
bnp	3.000
bnsf	2.410
bo	4.000
bo's	2.400
bo2	2.420
bo3	2.780
boa	3.180
boar	3.300
board	5.240
board game	5.120
board's	3.110
boarded	3.470
boarder	2.730
boarders	2.870
boarding	3.960
boardman	2.730
boardroom	2.960
boards	4.310
boardwalk	3.280
boars	2.740
boas	2.810
boast	3.510
boasted	3.220
boastful	2.500
boasting	3.280
boasts	3.610
boat	4.710
boat's	2.710
boateng	2.690
boaters	2.530
boathouse	2.710
boating	3.330
boatload	2.490
boatman	2.500
boats	4.250
boaz	2.520
bob	4.630
bob's	3.220
boba	2.880
boban	2.400
bobbi	2.930
bobbie	2.830
bobbin	2.520
bobbing	2.850
bobble	2.650
bobby	4.220
bobby's	2.750
bobcat	2.800
bobcats	2.960
bobo	3.010
bobs	2.940
bobsled	2.430
bobsleigh	2.650
boc	2.580
boca	3.210
bock	2.800
bod	3.050
bode	3.030
bodega	2.740
boden	2.600
bodes	2.580
bodhi	2.610
bodhisattva	2.510
bodice	2.620
bodie	2.580
bodied	3.480
bodies	4.690
bodily	3.780
bodleian	2.490
body	5.400
body's	3.620
bodybuilder	2.890
bodybuilders	2.720
bodybuilding	3.140
bodyguard	3.380
bodyguards	3.140
bodysuit	2.490
bodyweight	2.680
bodywork	2.780
boe	2.910
boehner	2.940
boeing	3.800
boer	3.030
boers	2.600
bog	3.340
bogan	2.550
bogart	2.930
bogdan	2.620
bogey	2.920
bogeyman	2.500
bogged	2.990
boggles	2.460
boggling	3.030
boggs	2.940
boggy	2.420
bogie	2.460
bogo	2.520
bogota	2.900
bogotá	2.630
bogs	2.850
bogus	3.430
bogut	2.710
bohemia	3.070
bohemian	3.500
bohm	2.410
bohn	2.410
boho	2.630
bohr	2.650
boi	3.400
boil	3.830
boiled	3.680
boiler	3.710
boilerplate	2.510
boilers	3.350
boiling	3.750
boils	3.290
boing	2.740
bois	3.350
boise	3.360
boisterous	2.860
bojack	2.530
bojan	2.390
bok	2.960
boko	3.290
boku	2.590
bol	2.920
bola	2.650
bolan	2.400
boland	2.830
bold	4.260
bolden	2.520
bolder	2.950
boldest	2.530
boldly	3.280
boldness	2.900
bole	2.400
bolero	2.490
boles	2.470
boleyn	2.660
bolger	2.390
bolin	2.490
bolivar	2.810
bolivia	3.530
bolivian	3.030
boll	2.520
bollinger	2.730
bollocks	3.090
bollywood	3.580
bolo	2.680
bologna	3.250
bolognese	2.590
bolshevik	2.970
bolsheviks	2.920
bolshevism	2.450
bolshoi	2.660
bolster	3.310
bolstered	2.900
bolstering	2.590
bolsters	2.520
bolt	4.040
bolt's	2.440
bolted	3.250
bolting	2.570
bolton	3.650
bolton's	2.390
bolts	3.620
boltzmann	2.480
bolus	2.600
bom	3.340
bomb	4.600
bombard	2.740
bombarded	3.170
bombardier	2.880
bombarding	2.640
bombardment	3.340
bombastic	2.630
bombay	3.650
bombed	3.620
bomber	3.880
bombers	3.790
bombing	4.090
bombings	3.520
bombs	4.150
bombshell	3.150
bon	3.710
bona	3.250
bona fide	2.960
bonafide	2.390
bonanza	3.050
bonaparte	3.070
bonaventure	2.530
bond	4.590
bond's	2.630
bondage	3.460
bonded	3.520
bondholders	2.780
bondi	2.960
bonding	3.680
bonds	4.270
bone	4.470
boned	2.880
boneless	2.750
boner	3.210
boners	2.420
bones	4.320
boney	2.500
bonfire	3.330
bonfires	2.710
bong	3.500
bongo	2.870
bongs	2.480
bonham	2.790
boniface	2.650
boning	2.500
bonita	2.760
bonito	2.500
bonjour	2.760
bonk	2.430
bonkers	3.100
bonn	3.110
bonne	2.670
bonner	2.960
bonnet	3.350
bonnets	2.450
bonneville	2.860
bonney	2.410
bonnie	3.660
bonny	2.840
bono	3.370
bonobos	2.400
bonsai	2.790
bonus	4.450
bonuses	3.790
bony	3.250
boo	3.920
boob	3.410
boobies	2.990
boobs	3.900
booby	2.980
booed	3.090
boof	2.390
boogaloo	2.400
booger	2.700
boogers	2.420
boogeyman	2.520
boogie	3.550
booing	3.130
book	5.430
book's	3.280
bookcase	2.780
booked	4.050
booker	3.550
bookie	2.680
bookies	2.950
booking	3.860
bookings	3.330
bookish	2.570
bookkeeper	2.880
bookkeeping	2.990
booklet	3.530
booklets	2.840
booklist	2.420
bookmaker	2.610
bookmakers	2.680
bookmark	3.040
bookmarked	2.540
bookmarks	2.810
books	5.150
bookseller	2.900
booksellers	2.860
bookshelf	2.920
bookshelves	2.690
bookshop	3.110
bookshops	2.570
bookstore	3.420
bookstores	3.030
bookworm	2.580
bool	2.440
boolean	2.950
boom	4.330
boomed	2.760
boomer	3.280
boomerang	3.060
boomers	3.420
booming	3.430
booms	3.000
boomtown	2.460
boon	3.450
boondocks	2.390
boone	3.420
boop	2.910
boos	3.030
boost	4.410
boosted	3.480
booster	3.560
boosters	3.070
boosting	3.520
boosts	3.410
boot	4.190
bootcamp	2.860
booted	3.200
booth	4.100
booths	3.280
booties	2.800
booting	2.880
bootleg	3.070
boots	4.330
bootstrap	2.870
booty	3.590
booze	3.650
boozer	2.560
boozy	2.520
bop	3.360
bor	3.020
bora	3.110
borat	2.540
borax	2.480
bord	2.390
bordeaux	3.360
borden	2.990
border	4.700
bordered	3.160
bordering	3.390
borderlands	2.980
borderless	2.410
borderline	3.340
borders	4.260
bore	3.930
boreal	2.690
borealis	2.750
bored	4.200
boredom	3.460
borehole	2.540
borer	2.530
bores	2.840
borg	3.260
borges	2.830
borgia	2.640
boring	4.430
boris	3.870
borisov	2.440
bork	2.500
borland	2.430
born	5.090
borne	3.670
borneo	3.090
borno	2.800
boro	2.790
boron	2.920
borough	3.830
boroughs	3.220
borrow	4.000
borrowed	3.910
borrower	3.250
borrowers	3.380
borrowing	3.750
borrowings	2.770
borrows	2.900
borussia	3.060
bos	3.070
bosch	3.300
bosco	2.890
bose	3.210
bosh	2.940
bosnia	3.570
bosnian	3.190
bosom	3.050
boson	2.760
bosphorus	2.570
bosque	2.540
boss	4.760
boss's	2.940
bossa	2.470
bosses	3.900
bossing	2.560
bossy	2.970
boston	4.670
boston's	3.050
boswell	2.870
bosworth	2.790
bot	3.820
botanic	3.040
botanical	3.490
botanist	2.890
botanists	2.600
botany	3.380
botch	2.400
botched	3.210
both	5.790
botha	2.770
bother	4.390
bothered	3.960
bothering	3.630
bothers	3.550
bothersome	2.680
bothwell	2.520
botnet	2.500
botox	3.110
bots	3.420
botswana	3.240
bottas	2.770
botticelli	2.430
bottle	4.570
bottled	3.490
bottleneck	2.970
bottlenecks	2.800
bottles	4.190
bottling	3.160
bottom	4.840
bottomed	2.890
bottoming	2.390
bottomless	2.960
bottoms	3.530
botulism	2.450
botw	2.490
bou	2.680
bouchard	2.870
boucher	2.780
boudoir	2.730
boudreau	2.430
bough	2.730
bought	4.910
bouillon	2.540
boulder	3.710
boulders	3.170
boulevard	3.700
boulevards	2.660
boulogne	2.640
boulton	2.720
bounce	4.020
bounced	3.460
bouncer	3.120
bouncers	2.770
bounces	3.170
bouncing	3.600
bouncy	3.170
bound	4.460
boundaries	4.250
boundary	4.130
bounded	3.500
bounding	2.730
boundless	3.040
bounds	3.680
bounties	2.820
bountiful	2.880
bounty	3.740
bouquet	3.410
bouquets	2.870
bourbon	3.600
bourbons	2.490
bourdain	2.540
bourgeois	3.400
bourgeoisie	3.030
bourke	2.950
bourne	3.350
bournemouth	3.390
bourse	2.480
bout	4.050
boutique	3.540
boutiques	2.890
bouts	3.210
bouvier	2.390
bovine	3.010
bow	4.300
bowden	2.940
bowdoin	2.440
bowe	2.680
bowed	3.330
bowel	3.550
bowels	3.080
bowen	3.510
bower	3.000
bowers	3.110
bowery	2.730
bowes	2.700
bowie	3.540
bowie's	2.640
bowing	3.150
bowl	4.630
bowled	3.230
bowler	3.480
bowlers	3.130
bowles	3.040
bowling	4.050
bowls	3.750
bowman	3.460
bows	3.500
bowser	3.030
bowtie	2.400
bowyer	2.580
box	5.040
boxcar	2.450
boxed	3.340
boxer	3.740
boxers	3.410
boxes	4.340
boxing	4.170
boxy	2.650
boy	5.170
boy's	3.720
boyband	2.400
boyce	3.080
boycott	3.810
boycotted	2.940
boycotting	3.030
boycotts	2.880
boyd	3.830
boyd's	2.530
boyer	2.950
boyfriend	4.590
boyfriend's	3.230
boyfriends	3.450
boyhood	3.090
boyish	2.790
boykin	2.450
boyle	3.520
boylston	2.430
boyne	2.520
boynton	2.650
boys	5.030
boyz	3.070
boz	2.510
bozeman	2.670
bozo	2.620
bp	3.830
bp's	2.660
bpa	2.920
bpd	3.100
bpi	2.550
bpl	2.540
bpm	2.960
bpo	2.390
bps	2.790
bq	2.480
br	3.890
bra	3.850
brabant	2.440
brabham	2.560
brac	2.620
brace	3.720
braced	3.030
bracelet	3.700
bracelets	3.370
braces	3.490
bracing	3.120
bracken	2.780
bracket	3.840
bracketed	2.500
brackets	3.590
brackett	2.520
brackish	2.690
bracknell	2.420
bracts	2.540
brad	4.120
brad's	2.500
bradbury	2.970
braddock	2.870
braden	2.830
bradenton	2.530
bradfield	2.390
bradford	3.750
bradley	4.010
bradley's	2.560
bradman	2.610
bradshaw	3.210
brady	3.970
brady's	2.860
brae	2.430
brag	3.490
braga	2.580
bragg	3.190
bragged	2.930
bragging	3.440
brags	2.660
brah	3.000
brahma	2.870
brahman	2.810
brahmin	2.810
brahmins	2.650
brahms	2.900
braid	3.240
braided	3.080
braiding	2.500
braids	3.010
braille	3.010
brain	4.940
brain's	3.040
brainard	2.420
brainchild	2.760
brained	2.680
brainer	3.190
brainerd	2.500
brainiac	2.570
brainless	2.750
brains	4.070
brainstem	2.520
brainstorm	2.850
brainstorming	2.920
braintree	2.720
brainwash	2.660
brainwashed	3.260
brainwashing	2.930
brainy	2.620
braised	2.720
braithwaite	2.620
brake	3.950
brakes	3.900
braking	3.400
bram	2.740
bramble	2.560
brambles	2.440
brampton	2.900
bran	3.300
branch	4.580
branched	3.180
branches	4.210
branching	3.240
brand	4.830
brand's	3.120
brand-new	4.810
branded	3.840
brandeis	2.810
branden	2.390
brandenburg	2.940
brandi	2.970
branding	3.770
brandis	2.450
brandish	2.200
brandishing	2.700
brando	2.960
brandon	4.010
brandon's	2.460
brands	4.320
brandt	3.210
brandy	3.510
brandywine	2.450
branson	3.140
brant	2.900
brantford	2.390
brantley	2.680
bras	3.380
brash	2.950
brasil	3.160
brasilia	2.570
brass	4.050
brasserie	2.490
brat	3.450
bratislava	2.700
brats	2.910
bratton	2.580
bratty	2.470
braun	3.350
brava	2.610
bravado	2.800
brave	4.330
braved	2.630
braveheart	2.550
bravely	3.270
braver	2.870
bravery	3.590
braves	3.560
bravest	3.000
braving	2.480
bravo	3.770
brawl	3.530
brawler	2.430
brawling	2.610
brawls	2.590
brawn	2.760
braxton	2.990
bray	3.310
brayden	2.440
brazen	3.100
brazenly	2.530
brazier	2.530
brazil	4.580
brazil's	3.180
brazilian	4.230
brazilians	3.080
brazos	2.500
brb	3.000
brca1	2.410
bre	2.530
brea	2.770
breach	4.130
breached	3.360
breaches	3.350
breaching	2.980
bread	4.500
breadcrumbs	2.750
breaded	2.410
breads	2.950
breadsticks	2.390
breadth	3.470
breadwinner	2.660
break	5.180
breakable	2.420
breakage	2.900
breakaway	3.190
breakdown	4.100
breakdowns	3.190
breaker	3.600
breakers	3.420
breakeven	2.390
breakfast	4.610
breakfasts	2.960
breakin	2.600
breaking	4.740
breakneck	2.510
breakout	3.490
breakouts	2.610
breakpoint	2.400
breaks	4.460
breakthrough	3.830
breakthroughs	3.050
breakup	3.640
breakups	2.720
breakwater	2.650
bream	2.690
breast	4.350
breasted	3.000
breastfed	2.550
breastfeed	2.820
breastfeeding	3.500
breastplate	2.490
breasts	3.940
breaststroke	2.670
breath	4.520
breathable	2.750
breathalyzer	2.390
breathe	4.260
breathed	3.220
breather	3.020
breathes	3.300
breathing	4.280
breathless	3.190
breathlessly	2.420
breaths	3.290
breathtaking	3.600
breathtakingly	2.490
brecht	2.720
breck	2.460
breckenridge	2.650
brecon	2.640
bred	3.790
bree	3.110
breech	2.910
breeches	2.670
breed	4.080
breeder	3.350
breeders	3.460
breeding	4.080
breeds	3.680
breen	2.930
brees	2.980
breeze	3.860
breezes	2.910
breezy	3.120
breitbart	3.050
breivik	2.410
bremen	2.990
bremer	2.560
bremner	2.440
bren	2.620
brenda	3.520
brendan	3.690
brendon	3.020
brenna	2.430
brennan	3.650
brennan's	2.450
brenner	2.970
brent	3.690
brentford	2.810
brenton	2.520
brentwood	3.030
brereton	2.520
brescia	2.420
breslau	2.410
breslin	2.500
brest	2.720
bret	3.270
brethren	3.510
breton	3.060
brett	3.860
bretton	2.600
brevard	2.570
brevet	2.470
brevity	2.850
brew	3.640
brewed	3.150
brewer	3.540
brewer's	2.450
breweries	3.270
brewers	3.520
brewery	3.660
brewing	3.760
brews	2.990
brewster	3.240
brexit	3.790
breyer	2.600
brezhnev	2.610
bri	2.860
brian	4.470
brian's	2.790
briana	2.490
brianna	2.900
briar	2.860
bribe	3.500
bribed	3.050
bribery	3.400
bribes	3.300
bribing	2.930
bric	2.560
brice	2.980
brick	4.250
bricked	2.480
brickell	2.450
bricklayer	2.520
bricks	3.810
brickwork	2.710
brics	2.560
bridal	3.500
bride	4.080
bride's	2.940
bridegroom	2.760
brides	3.370
bridesmaid	3.080
bridesmaids	3.110
bridge	4.770
bridge's	2.440
bridged	2.750
bridgend	2.660
bridgeport	3.090
bridger	2.700
bridges	4.100
bridgestone	2.660
bridget	3.430
bridgette	2.540
bridgewater	3.150
bridging	3.250
bridgwater	2.440
bridle	2.780
brie	3.080
brief	4.520
briefcase	3.090
briefed	3.190
briefing	3.740
briefings	3.140
briefly	4.220
briefs	3.310
brien	2.500
brienne	2.630
brig	3.320
brigade	3.900
brigades	3.290
brigadier	3.300
briggs	3.520
brigham	3.160
bright	4.610
brighten	3.250
brightened	2.860
brightening	2.750
brightens	2.600
brighter	3.730
brightest	3.550
brightly	3.440
brightness	3.570
brighton	3.850
brigid	2.440
brigitte	2.920
brill	3.060
brilliance	3.390
brilliant	4.550
brilliantly	3.460
brim	3.060
brimmed	2.440
brimming	2.880
brimstone	2.820
brin	2.610
brine	3.070
bring	5.270
bringer	2.510
bringing	4.710
brings	4.610
brining	2.390
brink	3.510
brinkley	2.810
brio	2.390
brioche	2.570
brisbane	3.970
brisbane's	2.460
briscoe	2.840
brisk	3.200
brisket	2.870
briskly	2.600
bristle	2.750
bristled	2.390
bristles	2.930
bristling	2.470
bristol	4.030
bristow	2.820
brit	3.590
britain	4.720
britain's	3.680
britannia	3.180
britannica	2.740
brite	2.400
british	5.180
britney	3.390
briton	2.840
britons	3.150
brits	3.540
britt	3.180
britta	2.530
brittain	2.470
brittany	3.530
britten	2.710
brittle	3.280
brittney	2.500
britton	2.980
brixton	2.990
brno	2.500
bro	4.400
bro's	2.390
broach	2.620
broached	2.470
broad	4.530
broadband	3.690
broadbent	2.620
broadcast	4.390
broadcasted	2.640
broadcaster	3.630
broadcasters	3.480
broadcasting	4.020
broadcasts	3.500
broadchurch	2.530
broaden	3.300
broadened	3.040
broadening	3.060
broadens	2.510
broader	4.010
broadest	2.970
broadly	3.820
broads	2.740
broadside	2.850
broadsides	2.390
broadway	4.080
brocade	2.630
broccoli	3.500
brochure	3.370
brochures	3.080
brock	3.710
brockton	2.540
broderick	2.860
brodeur	2.440
brodie	3.220
brodsky	2.550
brody	3.330
brogan	2.610
broil	2.440
broiled	2.390
broiler	2.650
brokaw	2.440
broke	4.850
brokeback	2.510
broken	4.880
broker	3.890
brokerage	3.370
brokerages	2.500
brokered	2.800
brokering	2.430
brokers	3.670
brolin	2.390
brom	2.980
bromance	2.620
bromide	2.700
bromine	2.440
bromley	2.980
brompton	2.550
bromwich	3.030
bron	2.790
bronchial	2.590
bronchitis	2.920
bronco	2.990
broncos	3.800
bronson	3.090
bronte	2.790
brontë	2.400
bronx	3.650
brony	2.530
bronze	4.200
bronzed	2.550
bronzer	2.640
bronzes	2.670
brooch	3.040
brooches	2.490
brood	3.250
brooding	3.110
broods	2.410
brook	3.740
brooke	3.760
brooker	2.480
brookes	2.810
brookfield	2.950
brookhaven	2.650
brookings	3.000
brookline	2.700
brooklyn	4.250
brooklyn's	2.550
brooks	4.040
broom	3.420
broome	2.930
broomfield	2.410
brooms	2.710
broomstick	2.470
brophy	2.460
bros	4.080
brosnan	2.510
broth	3.390
brotha	2.510
brothel	3.260
brothels	3.020
brother	5.110
brother's	3.730
brother-in-law	4.950
brotherhood	3.850
brotherly	2.920
brothers	4.690
brough	2.690
brougham	2.450
brought	5.160
broughton	2.860
brouhaha	2.160
broussard	2.480
brouwer	2.400
brow	3.550
broward	2.980
browder	2.460
brower	2.470
brown	5.010
brown's	3.510
browne	3.420
browned	2.730
browner	2.450
brownfield	2.530
brownie	3.210
brownies	3.190
browning	3.410
brownish	3.130
brownlee	2.740
brownlow	2.790
browns	3.860
brownstone	2.590
brownsville	2.890
brows	3.340
browse	3.590
browsed	2.520
browser	3.890
browsers	3.190
browsing	3.600
brs	2.400
brt	2.630
bru	2.740
brubaker	2.420
bruce	4.340
bruce's	2.800
bruges	2.800
bruh	3.510
bruin	2.520
bruins	3.570
bruise	3.180
bruised	3.390
bruiser	2.600
bruises	3.430
bruising	3.180
brun	2.530
bruna	2.480
brunch	3.460
brunei	3.190
brunel	2.600
bruner	2.460
brunette	3.400
brunettes	2.550
bruni	2.560
brunner	2.730
bruno	3.810
brunson	2.530
brunswick	3.610
brunt	3.120
brush	4.230
brushed	3.570
brushes	3.580
brushing	3.500
brussel	2.510
brussels	3.990
brut	2.580
brutal	4.100
brutality	3.600
brutalized	2.460
brutally	3.590
brute	3.420
brutes	2.600
brutish	2.570
bruton	2.470
brutus	3.090
bruv	2.780
bruxelles	2.480
bruyne	2.580
bryan	3.980
bryan's	2.560
bryant	3.840
bryant's	2.540
bryce	3.530
bryn	2.980
bryson	3.030
brzezinski	2.450
bs	4.020
bsa	2.960
bsb	2.560
bsc	3.030
bsd	2.680
bse	2.730
bsi	2.390
bsl	2.400
bsn	2.580
bsp	2.810
bss	2.390
bst	3.190
bt	3.880
btc	3.430
btn	2.390
btr	2.540
bts	3.270
btu	2.630
btw	4.060
bu	3.530
bub	2.880
bubba	3.300
bubble	4.160
bubbled	2.540
bubblegum	2.810
bubbles	3.790
bubbling	3.230
bubbly	3.200
bubonic	2.600
bubs	2.390
buccaneer	2.410
buccaneers	2.970
buch	2.490
buchan	2.710
buchanan	3.520
bucharest	3.180
buchholz	2.390
buck	4.010
buck's	2.530
bucked	2.500
bucket	4.070
buckets	3.500
buckeye	2.870
buckeyes	3.020
bucking	2.800
buckingham	3.520
buckinghamshire	3.030
buckland	2.720
buckle	3.500
buckled	2.860
buckler	2.400
buckles	2.850
buckley	3.460
buckling	2.690
buckner	2.650
bucks	4.190
buckshot	2.470
buckwheat	2.790
bucky	3.120
bucolic	2.440
bucs	2.980
bud	4.080
buda	2.470
budapest	3.550
budd	2.850
buddha	3.790
buddha's	2.630
buddhas	2.570
buddhism	3.630
buddhist	3.850
buddhists	3.130
buddies	3.810
budding	3.280
buddy	4.400
buddy's	2.780
budge	3.230
budget	4.820
budgetary	3.160
budgeted	3.000
budgeting	3.250
budgets	3.740
budgie	2.490
buds	3.630
budweiser	2.900
buell	2.580
buena	2.960
bueno	2.930
buenos	3.610
buff	3.590
buffalo	4.140
buffalo's	2.410
buffaloes	2.750
buffed	2.430
buffer	3.780
buffered	2.590
buffering	2.920
buffers	3.020
buffet	3.540
buffets	2.460
buffett	3.180
buffing	2.470
buffon	2.740
buffoon	2.800
buffoonery	2.170
buffs	3.020
buffy	3.420
buford	2.780
bug	4.200
bugatti	2.810
bugged	3.090
bugger	3.000
buggers	2.600
buggies	2.540
bugging	3.140
buggy	3.320
bugle	2.920
bugs	4.040
bugsy	2.400
buh	2.760
buhari	2.820
bui	2.570
buick	3.170
build	5.040
builder	3.850
builder's	2.450
builders	3.800
building	5.290
building's	3.250
buildings	4.690
builds	3.950
buildup	3.370
built	5.070
buisness	2.410
buk	2.510
bukhari	2.640
bukit	2.570
bukowski	2.510
bul	2.490
bulawayo	2.410
bulb	3.660
bulbous	2.660
bulbs	3.550
bulgaria	3.900
bulgaria's	2.410
bulgarian	3.810
bulgarians	2.940
bulge	3.240
bulger	2.600
bulges	2.460
bulging	3.030
bulimia	2.720
bulk	4.190
bulk up	4.190
bulkhead	2.750
bulkheads	2.510
bulking	2.500
bulky	3.300
bull	4.340
bull's	2.980
bullard	2.780
bulldog	3.380
bulldogs	3.640
bulldozed	2.420
bulldozer	2.880
bulldozers	2.630
buller	2.570
bullet	4.240
bulletin	3.790
bulletins	3.040
bulletproof	3.250
bullets	4.020
bullfighting	2.460
bullied	3.690
bullies	3.470
bullion	3.180
bullish	3.140
bullitt	2.430
bullock	3.410
bullpen	3.330
bulls	3.970
bullseye	2.800
bullshit	4.470
bullshitting	2.780
bully	3.870
bullying	3.970
bulwark	2.760
bum	3.750
bumble	2.970
bumblebee	2.920
bumblebees	2.390
bumbling	2.800
bumgarner	2.510
bummed	3.130
bummer	3.200
bump	3.980
bumped	3.490
bumper	3.690
bumpers	2.950
bumping	3.290
bumps	3.600
bumpy	3.180
bums	3.180
bun	3.560
bunbury	2.660
bunch	4.570
bunched	2.550
bunches	2.960
bund	2.750
bundaberg	2.520
bundesliga	3.250
bundestag	2.500
bundle	3.930
bundled	3.320
bundles	3.520
bundling	2.680
bundy	3.200
bung	2.580
bunga	2.440
bungalow	3.340
bungalows	2.810
bungee	2.840
bungie	2.580
bungle	2.410
bungled	2.430
bunk	3.450
bunker	3.670
bunkers	3.090
bunks	2.630
bunn	2.430
bunnies	3.210
bunny	3.880
buns	3.390
bunsen	2.430
bunt	2.820
bunting	3.040
bunyan	2.610
buoy	3.000
buoyancy	2.950
buoyant	2.980
buoyed	2.650
buoys	2.770
bur	2.750
burbank	3.170
burberry	3.110
burbs	2.410
burch	2.920
burden	4.230
burdened	3.130
burdens	3.300
burdensome	2.850
burdett	2.430
bure	2.440
bureau	4.410
bureau's	2.720
bureaucracies	2.550
bureaucracy	3.550
bureaucrat	2.840
bureaucratic	3.400
bureaucratically	1.660
bureaucrats	3.180
bureaus	2.940
buren	2.920
burg	2.810
burgeoning	3.120
burger	4.070
burgers	3.720
burgess	3.530
burgesses	2.420
burgh	2.860
burglar	3.340
burglaries	2.750
burglars	2.950
burglary	3.440
burgle	2.010
burgos	2.600
burgoyne	2.590
burgundy	3.460
burial	3.900
burials	3.040
buried	4.400
buries	2.690
burj	2.600
burka	2.590
burke	3.870
burke's	2.580
burkina	3.150
burl	2.430
burlap	2.690
burleigh	2.680
burleson	2.400
burlesque	3.100
burley	2.850
burlingame	2.460
burlington	3.500
burly	2.820
burma	3.570
burman	2.400
burmese	3.270
burn	4.530
burnaby	2.710
burned	4.310
burner	3.540
burners	3.030
burnet	2.640
burnett	3.320
burney	2.550
burnham	3.180
burnie	2.540
burnin	2.540
burning	4.500
burnished	2.560
burnley	3.390
burnout	3.150
burns	4.240
burnside	2.870
burnt	4.030
burp	2.810
burqa	2.580
burr	3.360
burrell	3.020
burris	2.490
burrito	3.260
burritos	2.940
burroughs	3.080
burrow	3.100
burrowing	2.720
burrows	3.290
bursa	2.600
bursaries	2.560
bursary	2.580
burst	4.150
bursting	3.490
bursts	3.500
burt	3.430
burton	3.800
burton's	2.640
burundi	2.960
burwell	2.550
bury	3.890
burying	3.350
bus	4.830
bus station	4.610
bus stop	4.750
busan	3.050
busby	2.680
buscemi	2.430
busch	3.300
buses	4.020
bush	4.490
bush's	3.270
bushel	2.790
bushels	2.600
bushes	3.580
bushfire	2.480
bushfires	2.440
bushing	2.570
bushings	2.550
bushland	2.430
bushman	2.480
bushnell	2.650
bushwick	2.410
bushy	2.980
busi	2.400
busier	2.930
busiest	3.420
busily	2.570
business	5.560
business's	2.510
businesses	4.660
businessman	3.950
businessmen	3.560
businesspeople	2.610
businessweek	2.520
businesswoman	2.950
busing	2.530
busking	2.470
busquets	2.450
buss	2.830
busses	2.790
bust	4.040
busta	2.600
busted	3.770
buster	3.470
busters	2.920
bustin	2.430
busting	3.440
bustle	2.980
bustling	3.160
busts	3.170
busty	3.070
busy	4.750
but	6.630
butane	2.620
butch	3.370
butcher	3.750
butcher's	2.820
butchered	3.010
butchering	2.630
butchers	3.070
butchery	2.560
bute	2.790
buti	2.410
butler	4.080
butler's	2.740
butlers	2.570
buts	2.640
butt	4.280
butte	3.090
butted	2.580
butter	4.400
buttercream	2.500
buttercup	2.790
buttered	2.850
butterfield	2.830
butterflies	3.690
butterfly	3.930
buttermilk	2.950
butternut	2.660
butters	2.920
butterscotch	2.590
butterworth	2.780
buttery	2.910
butthole	2.940
butthurt	2.760
butting	2.660
buttock	2.480
buttocks	3.150
button	4.560
buttoned	2.810
buttons	3.980
buttress	2.670
buttresses	2.440
butts	3.530
butyl	2.500
buxton	2.920
buy	5.320
buyback	2.720
buybacks	2.400
buyer	4.030
buyer's	2.890
buyers	4.160
buying	4.750
buyout	3.150
buyouts	2.440
buys	3.930
buzz	4.050
buzzard	2.830
buzzards	2.550
buzzed	3.020
buzzer	3.400
buzzes	2.420
buzzfeed	3.320
buzzing	3.650
buzzword	2.610
buzzwords	2.490
buzzy	2.460
bv	3.000
bvs	2.390
bw	3.230
bx	2.640
by	6.660
bye	4.390
byers	2.880
byes	2.720
bygone	2.830
bylaw	2.600
bylaws	3.020
byline	2.570
bynes	2.410
bynum	2.620
bypass	3.760
bypassed	2.950
bypasses	2.650
bypassing	3.010
byproduct	3.030
byproducts	2.690
byrd	3.240
byrne	3.480
byrnes	2.880
byron	3.680
bystander	3.020
bystanders	3.030
byte	3.150
bytes	3.260
byu	3.180
byung	2.590
byzantine	3.350
byzantines	2.420
byzantium	2.800
bz	2.470
c	5.330
c'mon	3.750
c's	2.920
c.a	2.580
c.b	2.560
c.c	2.770
c.d	2.520
c.e	2.660
c.e.o	2.470
c.f	2.500
c.i	2.450
c.i.a	2.780
c.j	3.120
c.k	2.670
c.m	2.560
c.s	2.890
c.v	2.480
c.w	2.530
c00	3.640
c000	3.200
c0000	3.200
c1	3.210
c2	3.210
c3	3.140
c4	3.250
c5	2.900
c6	2.720
c7	2.660
c8	2.510
c9	2.600
ca	4.670
ca2	2.790
caa	2.960
cab	3.950
cabal	3.040
caballero	2.590
cabana	2.700
cabaret	3.240
cabbage	3.550
cabbages	2.610
cabbie	2.620
cabello	2.600
cabernet	2.880
cabin	4.130
cabinet	4.490
cabinets	3.460
cabins	3.390
cable	4.540
cables	3.870
cabling	2.670
cabo	2.970
caboose	2.590
cabot	3.010
cabral	2.450
cabrera	3.040
cabs	3.190
cac	2.870
cacao	2.860
cache	3.630
cached	2.600
caches	2.890
cachet	2.410
caching	2.680
cackle	2.410
cackling	2.690
cacophony	2.610
cacti	2.750
cactus	3.400
cad	3.410
cadaver	2.700
cadavers	2.490
cadbury	2.910
caddie	2.600
caddy	2.960
cade	2.960
cadence	3.120
cadet	3.350
cadets	3.300
cadillac	3.480
cadiz	2.690
cadmium	2.850
cadmus	2.420
cadre	3.040
cadres	2.840
cady	2.770
cae	2.580
caen	2.640
caerphilly	2.470
caesar	3.800
caesar's	2.930
caesarea	2.400
caesarean	2.590
caesars	2.990
caf	2.920
cafe	4.090
cafes	3.330
cafeteria	3.440
cafeterias	2.430
caffeinate	1.050
caffeinated	2.580
caffeine	3.670
café	3.750
cafés	2.910
cag	2.510
cagayan	2.450
cage	4.130
caged	3.060
cages	3.430
cagey	2.390
cagliari	2.460
cagney	2.450
cagr	2.800
cah	2.400
cahill	3.180
cahoots	2.540
cai	2.950
caicos	2.690
cain	3.540
caine	3.060
cair	2.590
cairn	2.870
cairns	3.290
cairo	3.840
cait	2.540
caithness	2.530
caitlin	3.310
caitlyn	2.990
caius	2.540
cajon	2.450
cajun	2.990
cake	4.530
caked	2.700
cakes	3.850
cakewalk	2.470
cal	4.010
cala	2.560
calabar	2.440
calabasas	2.490
calabria	2.690
calais	3.310
calamari	2.570
calamities	2.680
calamitous	2.430
calamitously	1.100
calamity	3.220
calc	2.900
calcareous	2.590
calcification	2.410
calcite	2.620
calcium	3.820
calculate	3.870
calculated	4.100
calculates	3.100
calculating	3.570
calculation	3.760
calculations	3.870
calculator	3.560
calculators	2.980
calculus	3.600
calcutta	3.520
calder	3.100
caldera	2.640
calderon	2.800
calderón	2.400
caldwell	3.430
cale	2.860
caleb	3.520
caledonia	2.950
caledonian	2.960
calendar	4.300
calendars	3.300
calender	2.540
calf	3.710
calgary	3.780
calgary's	2.430
calhoun	3.230
cali	3.330
caliber	3.650
calibers	2.420
calibrate	2.790
calibrated	3.170
calibrating	2.440
calibration	3.340
calibre	3.210
calico	2.880
caliente	2.470
calif	3.830
california	5.000
california's	3.450
californian	3.120
californians	2.970
caligula	2.610
caliper	2.650
calipers	2.550
caliph	2.910
caliphate	3.210
call	5.510
callaghan	2.920
callahan	3.170
callan	2.620
callaway	2.850
callback	2.790
calle	2.910
called	5.590
caller	3.610
callers	3.100
callie	2.970
calligraphy	3.060
callin	2.870
calling	4.960
calliope	2.410
callous	3.070
callously	2.140
callow	2.460
calloway	2.560
calls	4.910
callum	3.050
callus	2.590
cally	2.590
calm	4.540
calmed	3.260
calmer	3.050
calming	3.350
calmly	3.560
calmness	2.890
calms	2.980
caloric	2.980
calorie	3.590
calories	4.030
calorific	2.200
cals	2.440
caltech	2.720
calum	2.920
calumet	2.710
calvary	2.990
calvert	3.100
calves	3.320
calvin	3.820
calvin's	2.450
calving	2.440
calvinism	2.580
calvinist	2.640
calypso	2.860
calyx	2.450
cam	4.100
cam's	2.430
camacho	2.520
camara	2.440
camaraderie	2.990
camaro	3.090
camber	2.670
camberwell	2.470
cambodia	3.710
cambodia's	2.400
cambodian	3.250
cambria	2.660
cambrian	2.970
cambridge	4.390
cambridgeshire	3.090
camcorder	2.740
camden	3.530
came	5.500
camel	3.640
camel's	2.520
camellia	2.520
camelot	2.970
camels	3.300
cameo	3.480
cameos	2.910
camera	4.870
camera's	2.890
cameraman	3.300
cameramen	2.530
cameras	4.340
cameron	4.260
cameron's	3.120
cameroon	3.530
cameroonian	2.630
cami	2.570
camila	2.950
camilla	3.240
camille	3.320
camillo	2.390
camino	2.930
cammy	2.510
camo	3.160
camouflage	3.420
camouflaged	2.770
camp	4.790
camp's	2.720
campaign	5.000
campaign's	2.850
campaigned	3.390
campaigner	3.000
campaigners	2.950
campaigning	3.620
campaigns	4.210
campbell	4.230
campbell's	2.980
campbelltown	2.400
camped	3.270
camper	3.260
campers	3.250
campfire	3.100
campfires	2.410
campground	3.040
campgrounds	2.680
camphor	2.480
camping	4.000
campion	2.720
campo	2.870
campos	2.940
camps	4.190
campsite	3.090
campsites	2.790
campus	4.510
campuses	3.570
campy	2.510
camry	2.970
cams	3.340
camshaft	2.470
camus	2.880
can	6.460
can't	5.800
cana	2.710
canaan	3.040
canaanite	2.420
canada	4.970
canada's	3.800
canadensis	2.450
canadian	4.700
canadians	3.860
canadiens	3.070
canal	4.220
canals	3.480
canard	2.430
canaries	2.750
canary	3.440
canaveral	2.800
canberra	3.640
cancel	4.180
canceled	3.900
canceling	3.200
cancellation	3.760
cancellations	3.090
cancelled	4.220
cancelling	3.310
cancels	3.120
cancer	4.930
cancerous	3.150
cancers	3.600
cancun	2.870
candace	3.020
candelabra	2.450
candice	3.120
candid	3.450
candida	2.850
candidacy	3.410
candidate	4.660
candidate's	2.900
candidates	4.560
candidly	2.760
candied	2.620
candies	3.140
candle	3.880
candlelight	3.010
candles	3.820
candlestick	2.790
candlesticks	2.560
candor	2.800
candour	2.460
candy	4.290
cane	3.760
canelo	2.670
canes	3.110
canfield	2.680
canine	3.330
canines	2.800
canis	2.480
canister	3.090
canisters	2.950
cann	2.470
canna	2.490
cannabinoid	2.410
cannabinoids	2.570
cannabis	4.030
canned	3.620
cannery	2.580
cannes	3.500
cannibal	3.050
cannibalism	3.010
cannibals	2.830
canning	3.310
cannon	4.020
cannonball	2.870
cannons	3.440
cannot	5.110
cannula	2.450
canny	2.890
cano	2.810
canoe	3.500
canoeing	2.880
canoes	3.010
canola	2.740
canon	4.110
canonical	3.320
canonically	2.400
canonization	2.500
canonized	2.520
canons	3.090
canopies	2.650
canopy	3.520
cans	3.800
cant	4.350
cantaloupe	2.530
cantata	2.440
canteen	3.170
canteens	2.450
canter	2.720
canterbury	3.740
cantilever	2.720
cantina	2.680
canto	2.810
canton	3.550
cantona	2.450
cantonese	3.070
cantons	2.620
cantor	3.140
cantrell	2.450
cantwell	2.550
canucks	3.370
canvas	3.960
canvases	2.920
canvass	2.810
canvassed	2.580
canvassing	2.880
canyon	3.960
canyons	3.040
cao	3.200
cap	4.510
cap'n	2.510
capa	2.660
capabilities	4.110
capability	4.070
capable	4.610
capacious	2.200
capacitance	2.860
capacities	3.440
capacitive	2.630
capacitor	3.170
capacitors	3.000
capacity	4.710
capaldi	2.630
capcom	3.070
cape	4.300
capella	2.590
caper	2.860
capers	2.830
capes	3.000
capillaries	2.660
capillary	2.880
capita	3.820
capital	5.010
capital letter	4.680
capital's	2.670
capitalisation	2.470
capitalise	2.690
capitalised	2.430
capitalism	3.970
capitalist	3.790
capitalistic	2.610
capitalists	3.310
capitalization	3.120
capitalize	3.340
capitalized	3.160
capitalizing	2.800
capitals	3.600
capitan	2.640
capitol	4.000
capitulate	2.500
capitulated	2.540
capitulation	2.900
caplan	2.600
capo	2.730
capoeira	2.410
capone	2.920
capote	2.590
capped	3.670
cappella	2.760
capper	2.470
capping	3.080
capps	2.390
cappuccino	2.870
capra	2.580
capri	3.060
caprice	2.860
capricious	2.790
capricorn	3.010
caps	4.150
capsicum	2.490
capsized	2.760
capstone	2.690
capsule	3.700
capsules	3.330
capt	3.710
captain	4.890
captain's	3.210
captaincy	2.980
captained	2.930
captaining	2.460
captains	3.620
captcha	2.400
caption	3.720
captioned	2.950
captioning	2.580
captions	3.190
captivate	2.520
captivated	3.010
captivating	3.170
captive	3.700
captives	3.210
captivity	3.560
captor	2.570
captors	2.950
capture	4.420
captured	4.440
captures	3.720
capturing	3.760
capua	2.460
caputo	2.540
car	5.450
car park	4.980
car's	3.490
cara	3.430
caracas	3.290
caramel	3.480
caramelized	2.500
carapace	2.630
carat	3.150
carats	2.800
caravaggio	2.460
caravan	3.620
caravans	2.990
caraway	2.430
carb	3.330
carbide	2.980
carbine	2.830
carbohydrate	3.170
carbohydrates	3.300
carbon	4.550
carbon dioxide	3.740
carbon footprint	3.480
carbon monoxide	3.250
carbonaceous	2.390
carbonate	3.220
carbonated	2.820
carbonates	2.390
carbonation	2.400
carbondale	2.620
carbonic	2.390
carboniferous	2.920
carbonise	0.000
carbonize	1.130
carbons	2.420
carbonyl	2.560
carboxylic	2.550
carbs	3.360
carburetor	2.820
carcass	3.210
carcasses	2.940
carcinogen	2.580
carcinogenic	2.790
carcinogens	2.660
carcinoma	3.150
card	5.040
card's	2.650
cardamom	2.710
cardboard	3.660
carded	2.750
cardenas	2.560
cardholders	2.410
cardi	2.770
cardiac	3.840
cardiff	3.920
cardigan	3.210
cardigans	2.560
cardin	2.420
cardinal	3.900
cardinals	3.770
carding	2.490
cardio	3.440
cardiologist	2.900
cardiology	3.070
cardiomyopathy	2.660
cardiopulmonary	2.490
cardiovascular	3.680
cardoso	2.420
cardozo	2.430
cards	4.760
cardwell	2.450
care	5.560
cared	4.110
career	5.070
careers	4.080
carefree	3.190
careful	4.590
carefully	4.460
caregiver	3.110
caregivers	3.240
caregiving	2.660
careless	3.600
carelessly	2.900
carelessness	2.830
carell	2.450
carer	2.860
carers	3.160
cares	4.400
caress	2.940
caressed	2.510
caresses	2.610
caressing	2.720
caretaker	3.450
caretakers	2.800
carew	2.630
carey	3.730
carey's	2.580
cargill	2.710
cargo	4.190
cargoes	2.650
caribbean	4.120
caribou	2.970
caricature	3.190
caricatures	2.870
caries	2.530
carina	2.840
caring	4.200
carjacking	2.470
carl	4.240
carl's	2.730
carla	3.440
carle	2.530
carleton	3.020
carli	2.440
carlile	2.450
carlin	3.070
carling	2.520
carlisle	3.460
carlo	3.690
carlos	4.090
carlotta	2.570
carlsbad	2.860
carlsberg	2.440
carlsen	2.610
carlson	3.400
carlton	3.670
carly	3.370
carlyle	3.220
carman	2.480
carmarthen	2.520
carmarthenshire	2.590
carmel	3.220
carmela	2.480
carmella	2.410
carmelo	2.980
carmen	3.630
carmichael	3.240
carmine	2.980
carmody	2.500
carnage	3.300
carnal	2.970
carnarvon	2.470
carnation	2.700
carnations	2.610
carnaval	2.520
carne	2.760
carnegie	3.610
carney	3.140
carnival	3.860
carnivals	2.510
carnivore	2.680
carnivores	2.840
carnivorous	2.850
caro	2.970
carol	4.020
carol's	2.500
carole	3.260
carolina	4.520
carolina's	2.940
carolinas	2.810
caroline	4.010
caroline's	2.480
carols	2.880
carolyn	3.460
caron	2.650
carotene	2.590
carotid	2.900
carousel	3.210
carp	3.180
carpal	2.720
carpark	2.590
carpe	2.640
carpenter	3.810
carpenter's	2.570
carpenters	3.060
carpentry	2.970
carpet	4.180
carpeted	2.660
carpeting	2.690
carpets	3.370
carplay	2.410
carpool	2.750
carr	3.700
carr's	2.570
carrara	2.390
carrasco	2.550
carrefour	2.450
carrera	2.770
carrey	2.820
carriage	3.850
carriages	3.370
carriageway	2.860
carrick	3.150
carrie	3.770
carried	4.770
carrier	4.290
carrier's	2.520
carriers	4.020
carries	4.230
carrillo	2.600
carrington	3.140
carrion	2.710
carroll	3.800
carroll's	2.600
carrollton	2.640
carrot	3.620
carrots	3.630
carruthers	2.610
carry	4.890
carrying	4.610
cars	4.890
carson	3.910
carson's	2.700
carstairs	2.410
carsten	2.570
carswell	2.610
cart	3.980
carta	2.910
cartagena	2.790
carte	3.160
carted	2.650
cartel	3.580
cartels	3.170
carter	4.350
carter's	3.110
carters	2.580
cartesian	2.770
carthage	3.060
cartier	3.080
cartilage	3.260
carting	2.420
cartman	2.760
cartographic	2.460
cartography	2.670
carton	3.190
cartons	2.890
cartoon	4.080
cartoonish	2.590
cartoonist	3.070
cartoonists	2.610
cartoons	3.740
cartridge	3.570
cartridges	3.410
carts	3.450
cartwheel	2.450
cartwright	3.210
caruso	2.820
carvajal	2.520
carvalho	2.690
carve	3.410
carved	3.880
carver	3.330
carves	2.400
carving	3.510
carvings	3.000
cary	3.420
cas	3.510
casa	3.540
casablanca	3.070
casanova	2.880
casas	2.660
cascade	3.470
cascades	2.990
cascadia	2.450
cascading	2.840
case	5.550
cased	2.580
casein	2.540
caseload	2.510
casement	2.680
cases	5.040
casey	3.960
casey's	2.640
cash	4.920
cashback	2.810
cashed	3.100
cashew	2.750
cashews	2.520
cashflow	2.480
cashier	3.570
cashiers	2.750
cashing	3.080
cashless	2.500
cashman	2.570
cashmere	3.120
cashpoint	1.640
casillas	2.740
casimir	2.410
casing	3.350
casings	2.920
casino	4.160
casinos	3.470
casio	2.730
cask	2.990
casket	3.260
caskets	2.540
casks	2.710
caso	2.390
caspar	2.860
casper	3.200
caspian	3.030
cass	3.510
cassandra	3.250
cassava	2.800
cassel	2.690
cassell	2.590
casserole	3.070
cassette	3.400
cassettes	2.890
cassia	2.510
cassidy	3.480
cassie	3.290
cassini	2.780
cassius	2.950
cast	4.790
castaway	2.610
caste	3.600
casted	2.540
castel	2.480
castello	2.420
caster	3.100
casters	2.740
castes	3.060
castiel	2.620
castile	2.890
castilian	2.420
castillo	3.140
casting	4.150
castings	2.810
castle	4.450
castle's	2.630
castleford	2.430
castlereagh	2.460
castles	3.460
castlevania	2.440
castor	3.180
castrated	2.740
castration	2.780
castro	3.730
castro's	2.600
casts	3.580
casual	4.230
casually	3.660
casuals	2.490
casualties	3.930
casualty	3.610
caswell	2.460
cat	4.780
cat's	3.350
cataclysm	2.640
cataclysmic	2.670
catacombs	2.820
catalan	3.420
catalans	2.680
catalina	3.070
catalog	3.910
cataloged	2.470
cataloging	2.680
catalogs	3.080
catalogue	3.910
catalogued	2.770
catalogues	3.050
cataloguing	2.550
catalonia	3.350
catalunya	2.500
catalysis	2.690
catalyst	3.760
catalysts	3.100
catalytic	3.220
catalyze	2.520
catalyzed	2.730
catamaran	2.580
catania	2.900
catapult	3.010
catapulted	2.640
catapults	2.510
cataract	2.970
cataracts	2.790
catastrophe	3.560
catastrophes	2.770
catastrophic	3.580
catastrophically	2.420
catatonic	2.430
catawba	2.410
catch	4.870
catcher	3.540
catchers	2.920
catches	3.930
catching	4.200
catchment	3.020
catchphrase	2.940
catchphrases	2.450
catchy	3.490
cate	3.090
catechism	2.920
categorical	2.880
categorically	3.030
categories	4.310
categorisation	2.260
categorise	2.280
categorised	2.730
categorization	2.820
categorize	2.920
categorized	3.310
categorizing	2.540
category	4.570
cater	3.550
catered	3.100
caterer	2.730
caterers	2.600
caterham	2.410
caterina	2.570
catering	3.640
caterpillar	3.380
caterpillars	2.970
caters	3.090
cates	2.580
catfish	3.350
cath	2.900
catharine	2.610
catharsis	2.670
cathartic	2.810
cathay	2.780
cathcart	2.550
cathedral	3.990
cathedrals	2.920
catherine	4.110
catherine's	2.710
catheter	3.240
catheters	2.580
cathode	3.030
catholic	4.550
catholicism	3.370
catholics	3.840
cathy	3.540
cation	2.790
cations	2.600
catlin	2.470
catnip	2.680
cato	3.050
catriona	2.420
cats	4.460
catskill	2.500
catskills	2.400
catt	2.390
cattle	4.150
catty	2.560
catwalk	2.990
catwoman	2.810
caucasian	3.440
caucasians	2.580
caucasus	3.350
cauchy	2.400
caucus	3.580
caucuses	2.810
caudal	2.780
caught	4.900
cauldron	3.060
caulfield	2.900
cauliflower	3.200
causa	2.550
causal	3.330
causality	2.920
causally	2.430
causation	3.100
causative	2.680
cause	5.350
caused	4.880
causes	4.630
causeway	3.040
causing	4.530
caustic	2.970
caution	3.970
cautionary	2.950
cautioned	3.080
cautions	2.960
cautious	3.790
cautiously	3.320
cav	2.740
cava	2.740
cavalcade	2.520
cavalier	3.170
cavaliers	3.360
cavalli	2.560
cavalry	3.800
cavan	2.530
cavanagh	2.500
cavanaugh	2.610
cavani	2.640
cave	4.200
caveat	3.150
caveats	2.790
caved	2.980
caveman	2.890
cavemen	2.480
cavendish	3.160
cavern	3.080
cavernous	2.750
caverns	2.980
caves	3.690
caviar	3.150
cavill	2.580
caving	2.820
cavite	2.450
cavities	3.300
cavity	3.610
cavs	3.430
caw	2.570
caxton	2.450
cay	2.730
cayenne	2.950
cayman	3.190
cayuga	2.490
cazorla	2.650
cb	3.710
cba	3.310
cbc	3.490
cbd	3.650
cbe	2.860
cbf	2.460
cbi	3.310
cbn	3.010
cbo	2.830
cbp	2.740
cbr	2.650
cbs	4.140
cbs's	2.500
cbse	2.500
cbt	3.000
cc	4.150
cca	2.980
ccc	3.150
ccd	2.880
ccf	2.430
ccg	2.610
cci	2.570
ccl	2.560
ccm	2.750
ccp	3.230
ccr	2.500
ccs	3.010
cctv	3.510
ccw	2.390
cd	4.360
cd player	4.300
cd's	2.750
cd-rom	3.660
cd00	2.980
cd4	2.740
cd8	2.410
cda	2.680
cdc	3.590
cdf	2.450
cdi	2.500
cdl	2.720
cdm	2.690
cdma	2.640
cdn	2.830
cdna	2.580
cdo	2.460
cdp	2.680
cdr	3.010
cds	3.630
cdt	2.980
cdu	2.790
ce	3.830
cea	2.660
cease	4.030
ceased	3.810
ceasefire	3.320
ceaseless	2.570
ceaselessly	2.400
ceases	3.250
ceasing	2.870
cebu	3.200
cec	2.760
cece	2.750
cech	2.830
ceci	2.470
cecil	3.510
cecile	2.630
cecilia	3.250
cecily	2.630
cedar	3.760
cedars	2.830
cede	2.860
ceded	3.030
ceding	2.580
cedric	3.080
cee	2.960
ceiling	4.180
ceilings	3.450
cel	2.790
celeb	3.000
celebrant	2.390
celebrate	4.490
celebrated	4.240
celebrates	3.760
celebrating	4.170
celebration	4.290
celebrations	3.850
celebratory	3.060
celebrities	4.080
celebrity	4.290
celebs	3.110
celery	3.320
celeste	3.190
celestial	3.530
celestine	2.480
celia	3.200
celiac	2.910
celibacy	2.910
celibate	2.730
celina	2.400
celine	3.160
cell	4.870
cell's	2.630
cellar	3.600
cellars	3.000
celled	2.580
cellist	2.710
cello	3.290
cellophane	2.600
cellphone	3.650
cellphones	2.960
cells	4.750
cellular	3.890
cellulite	2.800
celluloid	2.650
cellulose	3.070
celsius	3.290
celta	2.620
celtic	4.000
celtics	3.550
celts	2.820
cem	2.720
cement	3.940
cemented	3.250
cementing	2.810
cements	2.720
cemeteries	3.220
cemetery	4.060
cen	2.690
cena	3.280
cengage	2.390
cenotaph	2.610
cenozoic	2.430
censor	3.360
censored	3.380
censoring	2.970
censors	3.010
censorship	3.850
censure	2.940
censured	2.640
census	4.190
censuses	2.700
cent	4.830
centaur	2.790
centauri	2.700
centaurs	2.450
centenary	3.390
centennial	3.360
center	5.190
center's	3.180
centered	3.990
centering	2.950
centerline	2.500
centerpiece	3.100
centers	4.420
centerville	2.430
centigrade	2.470
centimeter	2.890
centimeters	3.240
centimetre	2.550
centimetres	2.990
centipede	2.790
central	5.120
central heating	4.130
central's	2.420
centralised	2.930
centrality	2.620
centralization	2.690
centralize	2.420
centralized	3.470
centrally	3.330
centre	4.950
centre's	2.740
centred	3.500
centrelink	2.440
centrepiece	2.640
centres	4.100
centric	3.430
centrifugal	2.970
centrifuge	2.810
centrifuges	2.430
centrist	3.170
centro	3.010
cents	4.360
centuries	4.320
centurion	3.050
century	5.020
century's	2.630
centurylink	2.500
ceo	4.460
ceo's	2.820
ceos	3.390
cept	2.600
cer	2.440
cera	2.600
ceramic	3.740
ceramics	3.440
cerberus	2.770
cereal	3.740
cereals	3.200
cerebellar	2.470
cerebellum	2.670
cerebral	3.600
cerebrospinal	2.520
ceredigion	2.520
ceremonial	3.490
ceremonies	3.730
ceremony	4.420
ceres	2.860
cerevisiae	2.430
cern	2.920
cerro	2.660
cersei	2.910
cert	3.190
certain	5.160
certainly	5.000
certainties	2.480
certainty	3.820
certificate	4.290
certificates	3.770
certification	3.970
certifications	3.290
certified	4.230
certifies	2.550
certify	3.080
certifying	2.830
certiorari	2.460
cervantes	2.800
cervical	3.450
cervix	3.010
ces	3.190
cesar	3.290
cesare	2.920
cesarean	2.590
cesaro	2.470
cesc	2.830
cesium	2.460
cespedes	2.440
cessation	3.250
cession	2.420
cessna	2.820
cesspool	2.680
cest	2.440
cet	2.890
cetera	2.960
ceviche	2.460
ceylon	3.220
cf	3.850
cfa	3.170
cfb	2.970
cfc	2.850
cfd	2.560
cfl	3.000
cfm	2.720
cfo	3.130
cfp	2.810
cfpb	2.490
cfr	3.070
cfs	3.060
cftc	2.540
cg	3.310
cgi	3.370
cgs	2.430
cgt	2.550
ch	3.950
ch2	2.460
ch3	2.460
ch4	2.450
cha	3.700
chaco	2.490
chad	3.930
chad's	2.490
chadian	2.420
chadwick	3.200
chae	2.650
chafe	2.400
chaff	2.750
chaffetz	2.490
chafing	2.610
chagall	2.490
chagrin	2.860
chai	3.290
chaim	2.590
chain	4.650
chain's	2.400
chained	3.370
chaining	2.600
chains	4.110
chainsaw	3.200
chainsaws	2.480
chainz	2.460
chair	4.690
chaired	3.430
chairing	2.640
chairman	4.800
chairman's	2.610
chairmanship	2.980
chairmen	3.140
chairperson	3.150
chairs	4.020
chairwoman	2.890
chaise	2.640
chaka	2.660
chakra	3.170
chakraborty	2.420
chakras	2.640
chalet	3.060
chalets	2.590
chalice	3.000
chalk	3.690
chalkboard	2.770
chalked	2.720
chalky	2.680
challenge	4.880
challenged	4.090
challenger	3.740
challengers	3.180
challenges	4.490
challenging	4.270
chalmers	3.200
cham	2.710
chamber	4.470
chambered	2.610
chamberlain	3.590
chamberlin	2.520
chambers	4.060
chambre	2.550
chameleon	3.100
chamois	2.470
chamomile	2.620
chamonix	2.420
champ	3.900
champagne	3.900
champaign	3.080
champion	4.620
champion's	2.590
championed	3.110
championing	2.870
champions	4.500
championship	4.540
championships	4.030
champlain	2.860
champs	3.600
chan	4.000
chan's	2.720
chance	5.260
chanced	2.440
chancel	2.730
chancellor	4.130
chancellor's	2.670
chancellors	2.630
chancery	2.910
chances	4.510
chand	2.700
chandelier	3.190
chandeliers	2.920
chandigarh	2.960
chandler	3.750
chandler's	2.540
chandra	3.190
chanel	3.490
chaney	2.920
chang	3.730
chang's	2.510
change	5.540
changeable	2.750
changed	5.070
changeling	2.580
changeover	2.690
changer	3.460
changers	2.800
changes	5.120
changi	2.630
changing	4.760
changsha	2.410
channel	4.850
channel's	2.900
channeled	2.940
channeling	3.080
channelled	2.600
channelling	2.440
channels	4.380
channing	3.200
chant	3.600
chantal	2.770
chanted	2.990
chantelle	2.490
chantilly	2.650
chanting	3.620
chantry	2.490
chants	3.400
chao	3.060
chaos	4.270
chaotic	3.670
chaotically	1.950
chap	3.610
chaparral	2.550
chapel	4.030
chapelle	2.630
chapels	2.870
chaperone	2.750
chaperones	2.410
chapin	2.740
chaplain	3.430
chaplaincy	2.420
chaplains	2.900
chaplin	3.230
chapman	3.780
chapman's	2.460
chapo	2.760
chapped	2.470
chappell	2.910
chappelle	2.770
chaps	3.120
chapstick	2.470
chapter	4.650
chapters	4.100
char	3.470
chara	2.820
character	5.110
character's	3.450
characterisation	2.890
characterise	2.640
characterised	3.400
characteristic	3.970
characteristically	2.850
characteristics	4.280
characterization	3.530
characterizations	2.590
characterize	3.320
characterized	4.010
characterizes	2.910
characterizing	2.860
characters	4.880
charade	2.900
charcoal	3.580
chard	2.710
chardonnay	2.980
charge	5.020
chargeable	2.580
charged	4.620
charger	3.640
chargers	3.670
charges	4.680
charging	4.170
charing	2.780
chariot	3.290
chariots	2.880
charisma	3.340
charismatic	3.480
charitable	3.910
charities	3.830
charity	4.450
charity's	2.530
charizard	2.530
charlatan	2.630
charlatans	2.530
charlemagne	2.880
charlene	2.940
charles	4.770
charles's	2.520
charleston	3.770
charlestown	2.770
charley	3.260
charli	2.570
charlie	4.430
charlie's	3.090
charlize	2.560
charlotte	4.220
charlotte's	2.940
charlottesville	3.250
charlottetown	2.450
charlton	3.250
charly	2.660
charm	4.120
charmaine	2.500
charmed	3.250
charmer	2.710
charming	4.070
charmingly	2.570
charms	3.540
charon	2.440
charred	3.070
chars	2.500
chart	4.470
charted	2.960
charter	4.230
chartered	3.660
charters	3.280
charting	3.180
chartres	2.540
chartreuse	2.440
charts	4.160
chas	3.000
chase	4.440
chase's	2.480
chased	3.740
chaser	3.130
chasers	2.850
chases	3.220
chasing	4.120
chasm	2.960
chassis	3.540
chastain	2.580
chaste	2.800
chastise	2.530
chastised	2.660
chastity	3.140
chat	4.570
chat show	4.540
chateau	3.300
chatham	3.280
chatroom	2.580
chats	3.370
chatsworth	2.760
chattanooga	3.260
chatted	3.170
chattel	2.510
chatter	3.380
chattering	2.830
chatterjee	2.630
chatting	3.770
chatty	2.920
chau	2.670
chaucer	2.840
chaudhary	2.500
chaudhry	2.500
chauffer	1.760
chauffeur	3.170
chauffeurs	2.390
chauhan	2.450
chauncey	2.760
chautauqua	2.640
chauvinism	2.490
chavez	3.300
chaz	2.830
chc	2.400
chd	2.500
che	3.460
cheadle	2.580
cheap	4.710
cheaper	4.220
cheapest	3.750
cheaply	3.280
cheat	4.060
cheated	3.900
cheater	3.230
cheaters	3.030
cheating	4.200
cheats	3.440
chechen	3.020
chechens	2.470
chechnya	2.970
check	5.310
check-in	5.310
check-in counter	4.490
check-in desk	4.380
checkbook	2.630
checkbox	2.390
checked	4.540
checker	3.080
checkerboard	2.460
checkered	2.890
checkers	3.100
checkin	2.580
checking	4.430
checklist	3.450
checklists	2.580
checkmate	2.980
checkout	3.640
checkpoint	3.390
checkpoints	3.130
checks	4.310
checkup	2.880
checkups	2.450
cheddar	3.290
chee	2.810
cheech	2.460
cheek	3.960
cheekbones	2.890
cheeked	2.460
cheeks	3.820
cheeky	3.510
cheep	2.470
cheer	4.060
cheered	3.380
cheerful	3.600
cheerfully	2.980
cheerfulness	2.300
cheering	3.830
cheerios	2.770
cheerleader	3.330
cheerleaders	3.220
cheerleading	3.160
cheers	4.130
cheery	3.010
cheese	4.570
cheeseburger	3.120
cheeseburgers	2.780
cheesecake	3.220
cheeses	3.230
cheesy	3.580
cheetah	3.200
cheetahs	2.820
cheeto	2.510
cheetos	2.720
chef	4.230
chef's	2.950
chefs	3.640
chekhov	2.730
chelmsford	2.970
chelsea	4.350
chelsea's	3.030
cheltenham	3.340
chem	3.460
chemical	4.570
chemically	3.240
chemicals	4.170
chemist	3.510
chemistry	4.350
chemists	3.250
chemo	3.250
chemotherapy	3.560
chen	3.960
chen's	2.650
cheney	3.360
cheng	3.370
chengdu	2.890
chennai	3.520
cheol	2.490
cheong	2.420
cheque	3.490
chequered	2.520
cheques	3.100
cher	3.360
cherbourg	2.490
cheri	2.580
cherie	2.840
cherish	3.520
cherished	3.410
cherishing	2.400
chernobyl	3.110
cherokee	3.450
cherokees	2.390
cherries	3.270
cherry	4.180
cherub	2.590
cheryl	3.580
chesapeake	3.340
cheshire	3.450
chesney	2.670
chess	3.940
chessboard	2.490
chest	4.520
chest of drawers	3.390
chested	2.790
chester	3.810
chesterfield	3.110
chesterton	2.700
chestnut	3.460
chestnuts	2.810
chests	3.190
chet	3.130
cheung	3.030
chevalier	2.960
chevrolet	3.620
chevron	3.270
chevy	3.530
chew	3.660
chewbacca	2.710
chewed	3.240
chewie	2.560
chewing	3.630
chewing gum	3.460
chews	2.780
chewy	2.940
cheyenne	3.270
chez	2.950
chf	2.850
chhattisgarh	2.630
chi	3.950
chia	3.020
chiaki	2.430
chiang	3.280
chianti	2.500
chiapas	2.530
chiara	2.600
chiba	2.640
chibi	2.610
chibok	2.610
chic	3.680
chica	2.770
chicago	4.830
chicago's	3.350
chicagoland	2.500
chicano	2.850
chichester	3.000
chick	4.080
chickasaw	2.480
chicken	4.630
chickenpox	2.470
chickens	3.820
chickpea	2.500
chickpeas	2.700
chicks	3.870
chico	3.210
chicory	2.390
chided	2.420
chief	5.110
chief's	2.910
chiefly	3.420
chiefs	4.070
chieftain	2.880
chieftains	2.580
chien	2.760
chiffon	2.790
chih	2.460
chihuahua	3.210
chihuahuas	2.390
chika	2.510
chil	2.580
child	5.300
child's	3.990
childbearing	2.620
childbirth	3.420
childcare	3.400
childers	2.640
childhood	4.510
childhoods	2.570
childish	3.730
childless	3.060
childlike	2.940
children	5.470
children's	4.470
childrens	3.040
childress	2.770
childs	3.170
chile	4.060
chile's	2.630
chilean	3.440
chileans	2.390
chiles	2.780
chili	3.730
chili's	2.490
chill	4.180
chilled	3.490
chiller	2.540
chilli	3.290
chillies	2.630
chillin	2.780
chilling	3.690
chills	3.420
chilly	3.500
chiltern	2.490
chilton	2.930
chim	2.630
chime	3.140
chimed	2.650
chimera	2.850
chimes	3.060
chiming	2.730
chimney	3.550
chimneys	3.010
chimp	2.950
chimpanzee	2.960
chimpanzees	2.970
chimps	2.900
chin	4.000
china	5.100
china's	3.900
chinaman	2.460
chinatown	3.320
chinchilla	2.570
chine	2.520
chinese	5.010
ching	3.370
chink	2.610
chino	3.020
chinook	2.900
chins	2.690
chip	4.310
chipmunk	2.740
chipmunks	2.680
chipotle	3.130
chipped	3.250
chippendale	2.420
chipper	2.840
chippewa	2.760
chipping	3.160
chippy	2.620
chips	4.210
chipset	2.700
chirac	2.470
chiral	2.670
chiron	2.600
chiropractic	2.930
chiropractor	2.850
chiropractors	2.500
chirp	2.790
chirping	2.870
chisel	2.960
chiseled	2.690
chiselled	2.200
chisholm	2.880
chiswick	2.590
chit	3.010
chittagong	2.560
chitty	2.700
chiu	2.910
chivalrous	2.550
chivalry	3.080
chivas	2.730
chives	2.620
chl	2.610
chlamydia	2.820
chloe	3.750
chloe's	2.640
chloride	3.390
chlorinated	2.540
chlorine	3.430
chloroform	2.790
chlorophyll	2.750
cho	3.490
choc	2.640
chock	2.860
choco	2.640
chocolat	2.500
chocolate	4.490
chocolates	3.400
choctaw	2.710
choe	2.510
choi	3.510
choice	5.080
choices	4.460
choir	3.880
choirs	2.960
choke	3.720
choked	3.530
choker	2.600
chokes	2.920
choking	3.580
cholera	3.290
cholesterol	3.720
choline	2.460
chomp	2.530
chomping	2.630
chomsky	3.010
chon	2.430
chong	3.150
chongqing	2.830
choo	3.280
choose	4.910
chooses	3.830
choosing	4.260
choosy	2.520
chop	3.770
chopin	2.940
chopped	3.780
chopper	3.310
choppers	2.700
chopping	3.370
choppy	2.910
chopra	3.080
chops	3.380
chopsticks	2.930
choral	3.220
chorale	2.510
chord	3.650
chords	3.500
chore	3.150
choreographed	3.070
choreographer	3.130
choreographers	2.580
choreographical	0.000
choreography	3.490
chores	3.540
chorizo	2.770
chorley	2.490
chorus	3.900
choruses	2.780
chose	4.550
chosen	4.610
chou	2.980
chow	3.430
chowder	2.780
chowdhury	2.510
chowk	2.440
choy	2.670
chp	2.930
chr	2.850
chris	4.810
chris's	2.620
chrissie	2.710
chrissy	3.010
christ	4.790
christ's	3.450
christa	2.760
christchurch	3.260
christen	2.630
christendom	2.730
christened	2.920
christening	2.880
christensen	3.200
christi	3.210
christian	4.880
christian's	2.700
christiana	2.550
christiane	2.630
christianity	4.190
christians	4.370
christiansen	2.500
christie	3.700
christie's	2.990
christina	3.820
christine	3.910
christmas	4.910
christmases	2.440
christo	2.580
christoph	2.900
christophe	3.000
christopher	4.220
christopher's	2.490
christos	2.550
christy	3.330
chroma	2.750
chromatic	2.910
chromatin	2.790
chromatography	2.950
chrome	3.900
chromebook	2.700
chromebooks	2.430
chromecast	2.690
chromium	3.140
chromosomal	2.850
chromosome	3.480
chromosomes	3.310
chronic	4.200
chronically	3.090
chronicle	3.700
chronicled	2.860
chronicler	2.700
chronicles	3.640
chronicling	2.740
chrono	2.690
chronograph	2.640
chronological	3.400
chronologically	2.910
chronology	3.220
chronos	2.450
chrysalis	2.600
chrysanthemum	2.570
chrysler	3.550
chrysostom	2.430
chs	2.880
chu	3.500
chua	2.620
chuan	2.500
chub	2.700
chubb	2.770
chubby	3.430
chuck	4.170
chuck's	2.510
chucked	2.830
chuckie	2.500
chucking	2.740
chuckle	3.520
chuckled	3.050
chuckles	3.090
chuckling	2.830
chucks	2.630
chucky	2.800
chuffed	2.700
chug	2.920
chugging	2.820
chul	2.640
chula	2.590
chum	2.970
chummy	2.400
chump	2.910
chumps	2.450
chums	2.600
chun	3.340
chung	3.420
chunk	3.640
chunks	3.480
chunky	3.310
church	5.160
church's	3.480
churches	4.270
churchill	3.830
churchill's	2.710
churchman	2.420
churchyard	2.920
churn	3.070
churned	2.680
churning	3.120
churns	2.410
chute	3.190
chutes	2.700
chutney	2.740
chyna	2.460
chávez	2.810
château	2.870
ci	3.530
cia	4.210
cia's	2.890
cialis	2.600
ciao	2.810
ciara	2.760
ciaran	2.530
cib	2.390
cic	2.850
cicada	2.490
cicadas	2.470
cicely	2.450
cicero	3.180
cid	3.150
cider	3.500
cie	2.660
ciel	2.550
cif	2.710
cig	2.850
cigar	3.570
cigarette	4.060
cigarettes	4.090
cigars	3.370
cigs	2.850
cilantro	2.890
cilia	2.650
cilla	2.440
cim	2.500
cima	2.500
cin	2.660
cinch	2.650
cincinnati	3.960
cinco	2.810
cincy	2.450
cinder	2.960
cinderella	3.450
cindy	3.580
cine	2.720
cinema	4.170
cinemas	3.560
cinematic	3.600
cinematographer	2.880
cinematography	3.240
cinnamon	3.700
cinque	2.560
cinta	2.390
cio	3.290
cip	2.610
cipher	3.120
ciphers	2.520
cir	3.190
circa	3.570
circadian	2.970
circe	2.410
circle	4.550
circled	3.170
circles	4.130
circling	3.330
circuit	4.470
circuit's	2.420
circuitous	2.430
circuitry	3.070
circuits	3.770
circular	3.960
circulate	3.170
circulated	3.550
circulates	2.630
circulating	3.560
circulation	3.960
circulatory	2.870
circumcised	2.890
circumcision	3.210
circumference	3.180
circumnavigate	2.260
circumnavigation	2.190
circumscribed	2.610
circumspect	2.460
circumstance	3.660
circumstances	4.590
circumstantial	3.140
circumvent	3.150
circumvented	2.530
circumventing	2.520
circus	3.980
circuses	2.660
cirencester	2.470
ciro	2.510
cirque	2.960
cirrhosis	2.880
cirrus	2.650
cis	3.590
cisco	3.490
cistern	2.690
cisterns	2.400
cit	2.890
citadel	3.330
citation	3.820
citations	3.570
cite	3.670
cited	4.290
cites	3.610
citi	3.050
citibank	2.790
cities	4.840
citigroup	2.690
citing	3.940
citizen	4.390
citizen's	2.960
citizenry	2.930
citizens	4.720
citizenship	4.100
citra	2.390
citrate	2.870
citric	2.700
citroen	2.620
citron	2.450
citrus	3.580
city	5.610
city's	4.230
cityscape	2.630
citywide	2.810
ciudad	2.760
civ	3.250
civic	4.000
civics	2.890
civil	4.930
civilian	4.230
civilians	4.100
civilisation	3.370
civilisations	2.670
civilised	3.080
civility	3.030
civilization	4.010
civilizations	3.360
civilized	3.520
civilly	2.410
cj	3.460
ck	3.340
ckd	2.390
cking	2.610
cl	3.850
cla	2.880
clack	2.610
clad	3.580
cladding	2.880
claiborne	2.740
claim	4.950
claimant	3.140
claimants	3.260
claimed	4.640
claiming	4.330
claims	4.860
clair	3.280
claire	3.980
claire's	2.740
clairvoyance	2.410
clairvoyant	2.640
clam	3.220
clammy	2.470
clamor	2.620
clamoring	2.800
clamour	2.600
clamouring	2.430
clamp	3.450
clamped	2.890
clamping	2.910
clamps	3.040
clams	3.130
clan	3.970
clan's	2.390
clancy	3.100
clancy's	2.480
clandestine	3.210
clang	2.630
clank	2.660
clans	3.450
clap	3.540
clapham	2.860
clapp	2.440
clapped	3.110
clapper	2.920
clapping	3.360
claps	2.890
clapton	2.880
clara	3.800
clare	3.650
claremont	2.970
clarence	3.710
clarendon	3.050
claret	2.750
clarice	2.600
clarification	3.540
clarifications	2.550
clarified	3.490
clarifies	2.970
clarify	3.850
clarifying	3.210
clarinet	3.120
clarion	2.920
clarissa	2.980
clarita	2.640
clarity	3.900
clark	4.380
clark's	3.010
clarke	4.050
clarke's	2.800
clarks	2.640
clarksburg	2.520
clarkson	3.480
clarksville	2.650
claro	2.440
clary	2.780
clash	3.970
clashed	3.120
clashes	3.530
clashing	2.910
clasp	3.100
clasped	2.580
clasps	2.550
class	5.360
classed	3.310
classes	4.770
classic	4.720
classical	4.260
classical music	4.240
classically	2.990
classicism	2.470
classics	3.900
classification	4.180
classifications	3.180
classified	4.260
classifieds	2.690
classifier	2.660
classifiers	2.390
classifies	2.820
classify	3.390
classifying	2.950
classless	2.620
classmate	3.340
classmates	3.640
classroom	4.150
classrooms	3.670
classy	3.720
clatter	2.650
clattering	2.480
claude	3.760
claudette	2.600
claudia	3.570
claudine	2.450
claudio	3.340
claudius	2.930
claus	3.480
clause	3.990
clausen	2.460
clauses	3.440
claustrophobia	2.560
claustrophobic	2.850
clavicle	2.510
claw	3.590
clawed	2.860
clawing	2.700
claws	3.560
clawson	2.390
clay	4.290
clay's	2.520
claymore	2.420
clays	2.790
clayton	3.730
clc	2.640
cle	2.880
clean	4.970
cleaned	4.020
cleaner	3.900
cleaners	3.460
cleanest	2.940
cleaning	4.390
cleanliness	3.260
cleanly	3.020
cleans	3.240
cleanse	3.470
cleansed	2.970
cleanser	3.060
cleanses	2.470
cleansing	3.560
cleanup	3.460
clear	5.250
clearance	3.960
clearances	3.070
cleared	4.200
clearer	3.730
clearest	3.040
clearing	4.040
clearinghouse	2.590
clearly	4.920
clearness	2.210
clears	3.560
clearwater	3.080
cleary	2.950
cleats	2.880
cleavage	3.400
cleave	2.850
cleaved	2.560
cleaver	3.040
cleaves	2.460
cleese	2.510
clef	2.450
cleft	2.940
clegg	3.230
cleland	2.440
clem	2.980
clemency	2.970
clemens	3.060
clement	3.430
clemente	2.880
clementine	2.890
clements	3.010
clemons	2.410
clemson	3.460
clench	2.650
clenched	2.910
clenching	2.600
cleo	3.010
cleopatra	3.180
clergy	3.740
clergyman	3.170
clergymen	2.630
cleric	3.380
clerical	3.350
clerics	3.110
clerk	4.000
clerk's	2.580
clerkenwell	2.390
clerks	3.310
clermont	2.990
cleve	2.590
cleveland	4.270
cleveland's	2.720
clever	4.210
cleverest	2.390
cleverly	3.180
cleverness	2.690
cli	2.840
cliche	3.160
cliches	2.810
cliché	3.190
clichéd	2.470
clichés	2.790
click	4.820
clickbait	2.710
clickbank	2.410
clicked	3.560
clicker	2.610
clicking	3.910
clicks	3.720
client	4.540
client's	3.330
clientele	3.220
clients	4.450
cliff	4.100
cliffhanger	2.840
clifford	3.770
cliffs	3.660
clift	2.410
clifton	3.330
climactic	2.870
climate	4.710
climate change	4.650
climates	3.330
climatic	3.200
climax	3.600
climb	4.220
climbed	3.850
climber	3.170
climbers	3.280
climbing	4.120
climbs	3.410
climes	2.490
clin	2.430
clinch	3.290
clinched	3.170
clinching	2.780
cline	2.840
cling	3.490
clinging	3.360
clings	2.880
clingy	2.880
clinic	4.210
clinical	4.510
clinically	3.390
clinician	2.980
clinicians	3.270
clinics	3.790
clinique	2.530
clink	2.620
clinker	2.410
clint	3.530
clinton	4.570
clinton's	3.630
clintons	3.130
clio	2.680
clip	4.260
clipboard	2.890
clipped	3.290
clipper	3.060
clippers	3.600
clipping	3.190
clippings	3.000
clips	4.040
clique	3.150
cliques	2.660
clit	3.100
clitoris	2.950
clive	3.620
cllr	2.740
clo	2.580
cloak	3.570
cloaked	2.870
cloaking	2.620
cloakroom	2.410
cloaks	2.720
clock	4.430
clocked	3.180
clocking	2.870
clocks	3.580
clockwise	3.200
clockwork	3.200
clog	2.990
clogged	3.280
clogging	2.910
clogs	2.790
cloister	2.750
cloistered	2.430
cloisters	2.470
clonal	2.390
clone	3.680
cloned	3.070
clones	3.400
cloning	3.230
clooney	3.100
clos	2.650
close	5.360
closed	4.900
closely	4.530
closeness	3.140
closer	4.730
closes	3.960
closest	4.210
closet	4.130
closeted	2.650
closets	3.060
closeup	2.630
closing	4.460
closings	2.710
clostridium	2.520
closure	4.110
closures	3.370
clot	3.190
cloth	4.030
clothe	2.750
clothed	3.260
clothes	4.720
clothesline	2.450
clothing	4.470
cloths	3.090
clots	2.970
clotted	2.410
clotting	2.870
cloud	4.460
clouded	3.060
cloudflare	2.440
clouding	2.550
cloudless	2.460
clouds	4.160
cloudy	3.550
clough	2.880
clout	3.230
clove	2.910
clover	3.360
cloves	3.070
clovis	2.850
clown	3.930
clowning	2.630
clowns	3.500
clp	2.660
clr	2.470
cls	2.700
clt	2.400
clu	2.410
club	5.200
club's	3.910
clubbed	2.540
clubbing	2.990
clubhouse	3.410
clubs	4.510
clue	4.180
clued	2.400
clueless	3.500
clues	3.820
clump	2.940
clumps	2.930
clumsily	2.600
clumsy	3.440
clung	2.980
clunky	2.840
cluster	3.990
clustered	3.090
clustering	3.030
clusters	3.680
clutch	3.880
clutched	2.750
clutches	3.160
clutching	3.170
clutter	3.210
cluttered	2.940
cluttering	2.400
clyde	3.720
clydesdale	2.470
clyne	2.540
cm	4.270
cm2	2.500
cm3	2.430
cma	3.060
cmb	2.580
cmc	3.090
cmd	2.780
cmdr	2.730
cme	2.900
cmg	2.460
cmi	2.440
cml	2.390
cmo	2.540
cmon	3.040
cmos	2.940
cmp	2.630
cms	3.360
cmt	2.710
cmu	2.550
cmv	2.600
cn	3.380
cna	2.820
cnbc	3.140
cnc	2.940
cnet	2.870
cng	2.530
cnn	4.280
cnn's	3.100
cnr	2.460
cns	3.030
cnt	2.720
cny	2.490
co	5.210
co's	2.540
co2	3.770
coa	3.130
coach	4.960
coach's	2.820
coached	3.580
coachella	3.140
coaches	4.260
coaching	4.290
coachman	2.540
coagulation	2.690
coal	4.490
coalesce	2.630
coalesced	2.510
coalition	4.230
coalition's	2.470
coalitions	3.060
coals	2.980
coarse	3.410
coarsely	2.450
coarser	2.400
coast	4.870
coast's	2.430
coastal	4.190
coaster	3.690
coasters	3.180
coastguard	2.720
coasting	2.720
coastline	3.510
coastlines	2.620
coasts	3.370
coat	4.360
coated	3.690
coates	3.130
coating	3.710
coatings	3.360
coats	3.740
coauthor	2.580
coax	2.960
coaxed	2.590
coaxial	2.790
coaxing	2.520
cob	3.040
cobain	2.980
cobalt	3.370
cobb	3.500
cobble	2.720
cobbled	2.800
cobbler	2.820
cobbles	2.550
cobblestone	2.700
cobham	2.570
cobol	2.490
cobra	3.510
cobras	2.550
coburg	2.510
coburn	2.880
cobwebs	2.710
coby	2.400
coc	2.720
coca	3.640
cocaine	3.980
cochin	2.740
cochise	2.510
cochlear	2.750
cochran	3.230
cochrane	3.110
cock	4.230
cockatoo	2.520
cockburn	2.730
cocked	2.930
cocker	2.810
cocking	2.540
cockney	2.770
cockpit	3.600
cockroach	3.160
cockroaches	3.110
cocks	3.460
cocksucker	2.440
cocktail	3.890
cocktails	3.600
cocky	3.390
coco	3.490
cocoa	3.640
coconut	3.880
coconuts	2.900
cocoon	3.080
cocos	2.580
cocteau	2.420
cod	3.890
coda	2.740
code	5.080
codec	2.670
codecs	2.440
coded	3.580
codeine	2.880
codename	2.600
codenamed	2.570
coder	2.690
coders	2.740
codes	4.180
codex	3.180
codification	2.450
codified	2.970
codify	2.390
coding	3.810
codon	2.450
cody	3.770
cody's	2.490
coe	3.150
coed	2.900
coefficient	3.390
coefficients	3.220
coelho	2.620
coen	2.750
coenzyme	2.410
coerce	2.860
coerced	3.110
coercing	2.420
coercion	3.270
coercive	2.980
coetzee	2.450
coeur	2.880
coexist	3.040
coexistence	2.900
coexisting	2.470
coffee	4.860
coffeehouse	2.530
coffees	3.020
coffers	2.920
coffey	2.860
coffin	3.800
coffins	3.040
coffman	2.510
cofounder	2.600
cog	3.010
cogent	2.710
cogently	1.740
cognac	2.920
cognate	2.620
cognition	3.340
cognitive	4.110
cognitively	2.570
cognizant	2.820
cogs	2.780
cohabitation	2.670
cohan	2.410
cohen	3.980
cohen's	2.900
coherence	3.090
coherent	3.630
coherently	2.480
cohesion	3.280
cohesive	3.310
cohn	3.030
cohort	3.400
cohorts	3.010
coil	3.730
coiled	2.900
coils	3.360
coimbatore	2.900
coin	4.190
coinage	3.040
coinbase	2.650
coincide	3.490
coincided	3.350
coincidence	3.960
coincidences	2.960
coincident	2.530
coincidental	2.950
coincidentally	3.240
coincides	3.200
coinciding	2.850
coined	3.390
coining	2.570
coins	4.260
coitus	2.480
coke	4.080
coker	2.740
cokes	2.480
coking	2.620
col	3.950
cola	3.740
colada	2.460
colas	2.470
colbert	3.380
colburn	2.390
colby	3.250
colchester	3.130
cold	5.020
colder	3.540
coldest	3.220
coldly	2.690
coldness	2.640
coldplay	3.050
colds	2.970
coldwater	2.630
cole	4.180
cole's	2.920
coleman	3.770
coleman's	2.490
coleoptera	2.460
coleraine	2.560
coleridge	2.850
coles	3.150
coleslaw	2.640
colette	2.920
coley	2.400
colfax	2.530
colgate	2.840
coli	3.260
colic	2.650
colin	4.090
coliseum	3.170
colitis	2.880
coll	3.000
collab	2.970
collaborate	3.510
collaborated	3.370
collaborates	2.710
collaborating	3.420
collaboration	4.280
collaborations	3.320
collaborative	3.780
collaboratively	2.680
collaborator	3.160
collaborators	3.320
collage	3.350
collagen	3.250
collages	2.710
collapse	4.180
collapsed	3.920
collapses	3.370
collapsible	2.670
collapsing	3.390
collar	4.040
collarbone	2.780
collard	2.640
collared	2.820
collars	3.180
collate	2.420
collated	2.770
collateral	3.660
collating	2.410
collation	2.610
colleague	3.980
colleagues	4.290
collect	4.370
collectable	2.650
collectables	2.520
collected	4.630
collectible	3.140
collectibles	3.110
collecting	4.180
collection	4.960
collections	4.210
collective	4.300
collectively	3.820
collectives	2.600
collectivism	2.480
collectivist	2.460
collector	3.910
collector's	3.050
collectors	3.800
collects	3.590
colleen	3.300
college	5.270
college's	3.070
colleges	4.250
collegiate	3.410
collett	2.490
collette	2.570
colley	2.470
collide	3.290
collided	3.260
collider	2.840
collides	2.540
colliding	2.950
collie	2.980
collier	3.370
collieries	2.540
colliers	2.510
colliery	2.950
collin	3.030
collingwood	3.240
collins	4.150
collision	3.950
collisions	3.390
collison	2.390
collocation	2.020
colloidal	2.590
colloquial	2.930
colloquially	2.690
colloquium	2.540
collude	2.490
colluded	2.740
colluding	2.790
collusion	3.430
colm	2.520
colman	2.790
colo	3.280
cologne	3.570
colombia	3.950
colombia's	2.610
colombian	3.570
colombians	2.620
colombo	3.270
colon	3.600
colonel	4.410
colonels	2.710
colonia	2.420
colonial	4.170
colonialism	3.330
colonialist	2.440
colonials	2.400
colonic	2.420
colonies	3.940
colonisation	2.720
colonised	2.520
colonist	2.530
colonists	3.350
colonization	3.360
colonize	2.780
colonized	2.990
colonizers	2.460
colonizing	2.600
colonnade	2.410
colonoscopy	2.740
colony	4.120
color	4.910
colorado	4.460
colorado's	2.820
coloration	3.010
colorblind	2.390
colorectal	3.000
colored	4.190
colorful	3.800
coloring	3.590
colorless	3.020
colors	4.460
colorway	2.410
colossal	3.370
colosseum	2.840
colossians	2.540
colossus	3.060
colostomy	2.400
colour	4.490
coloured	3.920
colourful	3.550
colouring	3.220
colourless	2.510
colours	4.150
colson	2.580
colt	3.570
colter	2.440
colton	3.160
coltrane	2.730
colts	3.610
columba	2.410
columbia	4.400
columbia's	2.640
columbian	2.990
columbine	2.910
columbo	2.480
columbus	4.040
column	4.330
columnar	2.400
columnist	3.580
columnists	2.820
columns	3.970
colville	2.590
colvin	2.850
com	4.220
coma	3.740
comanche	2.810
comatose	2.810
comb	3.520
combat	4.560
combatant	2.920
combatants	3.220
combating	3.250
combative	2.880
combats	2.650
combatting	2.550
combe	2.460
combed	2.930
combination	4.610
combinations	3.830
combinatorial	2.660
combine	4.130
combined	4.680
combines	3.730
combing	3.000
combining	3.900
combo	3.800
combos	2.940
combs	3.170
combust	2.440
combustible	2.860
combustion	3.570
comcast	3.480
come	5.780
comeback	4.050
comebacks	2.860
comedian	3.960
comedians	3.490
comedic	3.380
comedies	3.300
comedy	4.510
comer	2.860
comers	2.840
comes	5.360
comet	3.640
cometh	2.860
comets	3.190
comey	3.310
comfort	4.410
comfortable	4.660
comfortably	3.740
comforted	3.120
comforter	2.810
comforting	3.610
comforts	3.330
comfy	3.630
comic	4.420
comical	3.230
comically	2.770
comics	4.170
comin	3.530
coming	5.400
comings	2.610
comm	3.370
comma	3.270
command	4.700
commandant	3.240
commanded	3.770
commandeered	2.610
commander	4.510
commander's	2.720
commanders	3.740
commanding	3.840
commandment	3.170
commandments	3.400
commando	3.310
commandos	3.030
commands	3.960
commas	2.930
comme	2.840
commemorate	3.490
commemorated	2.910
commemorates	2.870
commemorating	3.140
commemoration	3.290
commemorations	2.610
commemorative	3.230
commence	3.590
commenced	3.780
commencement	3.480
commences	2.960
commencing	3.250
commend	3.250
commendable	3.070
commendation	3.000
commendations	2.530
commended	3.300
commending	2.450
commends	2.520
commensurate	2.830
commensurately	1.700
comment	4.880
commentaries	3.260
commentary	4.190
commentating	2.610
commentator	3.670
commentators	3.710
commented	4.070
commenter	2.960
commenters	2.980
commenting	3.830
comments	4.870
commerce	4.370
commercial	4.920
commercialisation	2.400
commercialism	2.440
commercialization	2.980
commercialize	2.400
commercialized	2.640
commercially	3.670
commercials	3.820
commie	2.920
commies	2.740
comming	2.580
commissar	2.680
commissariat	2.420
commissary	2.810
commission	4.910
commission's	3.190
commissioned	3.960
commissioner	4.430
commissioner's	2.880
commissioners	3.770
commissioning	3.320
commissions	3.820
commit	4.330
commited	2.590
commitment	4.430
commitments	3.790
commits	3.490
committal	2.640
committed	4.650
committee	5.010
committee's	3.090
committees	3.930
committing	3.880
commode	2.300
commodities	3.730
commodity	3.860
commodore	3.370
common	5.200
common sense	4.890
commonalities	2.520
commonality	2.730
commoner	2.840
commoners	2.770
commonly	4.380
commonplace	3.410
commons	4.140
commonsense	2.650
commonwealth	4.340
commonwealth's	2.430
commotion	3.130
comms	3.080
communal	3.680
commune	3.300
communes	2.820
communicable	2.800
communicate	4.200
communicated	3.530
communicates	3.130
communicating	3.770
communication	4.680
communications	4.590
communicative	2.940
communicator	2.960
communicators	2.640
communion	3.600
communique	2.700
communiqué	2.550
communism	3.800
communist	4.320
communists	3.750
communities	4.710
community	5.340
community's	3.270
commutation	2.430
commutative	2.510
commute	3.560
commuted	2.850
commuter	3.440
commuters	3.210
commutes	2.790
commuting	3.290
como	3.200
comp	3.850
compact	4.060
compacted	2.700
compaction	2.510
compacts	2.420
compagnie	2.400
companies	5.180
companion	4.130
companions	3.790
companionship	3.190
company	5.600
company's	4.310
compaq	2.740
comparable	4.080
comparably	2.470
comparative	3.770
comparatively	3.510
comparator	2.490
compare	4.450
compared	4.920
compares	3.750
comparing	4.130
comparison	4.510
comparisons	3.790
compartment	3.640
compartments	3.240
compass	3.740
compasses	2.490
compassion	3.950
compassionate	3.550
compatibility	3.590
compatible	3.970
compatriot	2.800
compatriots	2.900
compel	3.280
compelled	3.720
compelling	3.980
compellingly	2.080
compels	2.920
compendium	3.050
compensate	3.780
compensated	3.510
compensates	2.660
compensating	3.000
compensation	4.330
compensatory	2.890
compete	4.390
competed	3.510
competence	3.580
competences	2.530
competencies	2.990
competency	3.270
competent	3.920
competently	2.630
competes	3.220
competing	4.220
competition	4.910
competition's	2.610
competitions	3.830
competitive	4.570
competitively	3.070
competitiveness	3.450
competitor	3.810
competitors	4.110
compilation	3.850
compilations	2.920
compile	3.380
compiled	3.980
compiler	3.370
compilers	2.810
compiles	2.770
compiling	3.300
complacency	3.050
complacent	3.190
complain	4.230
complainant	3.090
complainants	2.750
complained	3.990
complaining	4.120
complains	3.470
complaint	4.320
complaints	4.230
complement	3.770
complementary	3.560
complemented	3.090
complementing	2.700
complements	3.050
complete	5.100
completed	4.770
completely	5.000
completeness	3.130
completes	3.520
completing	4.060
completion	4.220
completions	2.790
complex	4.860
complexes	3.520
complexion	3.290
complexities	3.280
complexity	4.020
compliance	4.170
compliant	3.420
compliantly	1.110
complicate	3.260
complicated	4.470
complicates	2.860
complicating	2.940
complication	3.310
complications	3.980
complicit	3.190
complicity	3.030
complied	3.250
complies	2.960
compliment	3.910
complimentary	3.350
complimented	3.170
complimenting	2.860
compliments	3.680
comply	4.040
complying	3.210
component	4.320
components	4.440
compose	3.460
composed	4.270
composer	3.850
composer's	2.480
composers	3.450
composes	2.510
composing	3.440
composite	3.940
composites	3.160
composition	4.330
compositional	2.860
compositions	3.640
compost	3.210
composting	2.740
composure	3.180
compound	4.180
compounded	3.350
compounding	3.090
compounds	3.990
comprehend	3.700
comprehending	2.610
comprehensible	2.710
comprehension	3.570
comprehensive	4.360
comprehensively	2.960
compress	3.070
compressed	3.620
compresses	2.630
compressing	2.710
compression	3.820
compressions	2.520
compressive	2.600
compressor	3.380
compressors	2.830
comprise	3.620
comprised	3.820
comprises	3.850
comprising	3.880
compromise	4.150
compromised	3.780
compromises	3.280
compromising	3.330
comps	2.750
compton	3.380
comptroller	3.070
compulsion	3.100
compulsive	3.290
compulsively	2.440
compulsory	3.700
computation	3.350
computational	3.620
computationally	2.560
computations	2.800
compute	3.410
computed	3.310
computer	4.970
computer's	2.860
computerise	0.000
computerised	2.550
computerize	1.480
computerized	3.180
computers	4.330
computes	2.510
computing	4.070
comrade	3.550
comrades	3.630
coms	2.570
comstock	2.870
comte	2.910
con	4.280
conan	3.410
conant	2.450
concacaf	2.630
concave	3.020
conceal	3.520
concealed	3.720
concealer	2.920
concealing	3.100
concealment	2.920
conceals	2.650
concede	3.480
conceded	3.630
concedes	2.890
conceding	3.140
conceit	2.820
conceited	2.880
conceivable	3.170
conceivably	2.940
conceive	3.400
conceived	3.870
conceiving	2.740
concentrate	4.070
concentrated	3.960
concentrates	3.190
concentrating	3.550
concentration	4.270
concentrations	3.760
concentric	2.920
concepcion	2.400
concept	4.770
conception	3.750
conceptions	2.890
concepts	4.260
conceptual	3.620
conceptualization	2.480
conceptualize	2.590
conceptualized	2.640
conceptually	2.920
concern	4.660
concerned	4.750
concerning	4.310
concerns	4.590
concert	4.550
concerted	3.270
concerto	3.260
concertos	2.570
concerts	3.970
concession	3.570
concessions	3.650
conch	2.790
conchita	2.500
concierge	3.130
conciliation	2.740
conciliatory	2.760
concise	3.460
concisely	2.520
conclave	2.810
conclude	3.900
concluded	4.350
concludes	3.760
concluding	3.540
conclusion	4.400
conclusions	4.000
conclusive	3.300
conclusively	2.980
concoct	2.430
concocted	2.790
concoction	2.810
concomitant	2.750
concord	3.470
concordance	2.500
concorde	2.800
concordia	3.170
concours	2.510
concourse	2.900
concrete	4.440
concretely	2.440
concubine	2.820
concubines	2.570
concur	3.180
concurred	2.740
concurrence	2.560
concurrency	2.590
concurrent	3.490
concurrently	3.260
concurring	2.530
concurs	2.400
concussed	2.460
concussion	3.560
concussions	2.940
cond	2.650
conde	2.770
condemn	3.720
condemnation	3.520
condemned	3.970
condemning	3.390
condemns	3.210
condensate	2.760
condensation	3.120
condense	2.710
condensed	3.400
condenser	2.860
condensing	2.640
condescending	3.100
condescension	2.710
condi	2.420
condiment	2.700
condiments	2.760
condit	2.460
condition	4.860
conditional	3.590
conditionally	2.520
conditioned	3.640
conditioner	3.390
conditioners	2.790
conditioning	3.890
conditions	4.980
condo	3.630
condoleezza	2.390
condolence	2.780
condolences	3.580
condom	3.600
condominium	3.100
condominiums	3.000
condoms	3.570
condon	2.790
condone	3.170
condoned	2.640
condoning	2.600
condor	2.960
condos	3.120
conducive	3.240
conduct	4.520
conductance	2.490
conducted	4.580
conducting	4.070
conduction	2.980
conductive	3.060
conductivity	3.140
conductor	3.800
conductors	3.390
conducts	3.480
conduit	3.280
conduits	2.720
condé	2.660
cone	3.830
cones	3.390
coney	3.060
conf	3.030
confabulate	0.000
confabulation	1.750
confection	2.480
confectionery	2.960
confederacy	3.230
confederate	3.700
confederates	2.970
confederation	3.450
confederations	2.700
confer	3.190
conference	5.010
conference's	2.550
conferences	4.030
conferencing	2.720
conferred	3.380
conferring	2.760
confers	2.810
confess	3.820
confessed	3.730
confesses	3.120
confessing	3.080
confession	3.880
confessional	3.050
confessions	3.530
confessor	2.890
confetti	3.030
confidant	2.930
confidante	2.590
confide	2.900
confided	2.980
confidence	4.650
confident	4.430
confidential	3.900
confidentiality	3.450
confidentially	2.610
confidently	3.410
config	2.930
configurable	2.490
configuration	3.970
configurations	3.450
configure	3.030
configured	3.220
configuring	2.620
confine	2.920
confined	3.820
confinement	3.460
confines	3.240
confining	2.610
confirm	4.400
confirmation	4.080
confirmations	2.650
confirmed	4.670
confirming	3.670
confirms	3.840
confiscate	2.930
confiscated	3.480
confiscating	2.550
confiscation	2.990
conflagration	2.570
conflate	2.400
conflated	2.490
conflation	2.400
conflict	4.640
conflicted	3.220
conflicting	3.630
conflicts	4.100
confluence	3.120
conform	3.530
conformal	2.550
conformance	2.510
conformation	2.850
conformational	2.480
conformed	2.680
conforming	3.090
conformist	2.550
conformity	3.200
conforms	2.820
confound	2.650
confounded	2.820
confounding	2.830
confront	3.800
confrontation	3.720
confrontational	3.030
confrontationally	0.000
confrontations	2.960
confronted	3.840
confronting	3.460
confronts	3.200
confucian	2.790
confucianism	2.610
confucius	3.100
confuse	3.670
confused	4.470
confuses	3.020
confusing	4.020
confusingly	2.530
confusion	4.190
cong	3.240
conga	2.670
congenial	2.570
congenital	3.290
conger	2.540
congested	3.170
congestion	3.660
congestive	2.680
conglomerate	3.390
conglomerates	2.860
congo	3.750
congolese	3.030
congrats	4.010
congratulate	3.590
congratulated	3.210
congratulates	2.730
congratulating	3.000
congratulation	2.730
congratulations	4.400
congratulatory	2.730
congregate	2.920
congregated	2.450
congregation	3.820
congregational	3.060
congregations	3.280
congress	4.900
congress's	2.500
congresses	2.990
congressional	4.190
congressman	3.860
congressmen	3.130
congresswoman	2.920
congruence	2.440
congruent	2.690
conic	2.420
conical	3.100
conifer	2.590
coniferous	2.540
conifers	2.620
conjecture	3.350
conjectured	2.490
conjectures	2.530
conjoined	2.770
conjugal	2.650
conjugate	2.860
conjugated	2.780
conjugation	2.740
conjunct	2.390
conjunction	3.930
conjunctions	2.400
conjure	3.100
conjured	2.860
conjures	2.670
conjuring	2.870
conklin	2.740
conley	3.030
conlon	2.730
conman	2.630
conn	3.380
connacht	2.530
connaught	2.640
connect	4.380
connected	4.680
connectedness	2.610
connecticut	4.110
connecticut's	2.470
connecting	4.160
connection	4.760
connections	4.320
connective	3.010
connectivity	3.560
connector	3.470
connectors	3.170
connects	3.830
conned	2.840
connell	2.880
connelly	3.040
conner	3.170
conners	2.430
connery	2.880
connexion	2.460
connie	3.470
conning	2.630
conniving	2.640
connoisseur	2.890
connoisseurs	2.620
connolly	3.360
connor	3.770
connor's	2.520
connors	3.030
connotation	2.940
connotations	3.090
connote	1.970
conor	3.510
conquer	3.770
conquered	3.660
conquering	3.310
conqueror	3.210
conquerors	2.780
conquers	2.730
conquest	3.770
conquests	3.040
conrad	3.630
conroy	2.980
cons	3.760
conscience	3.960
consciences	2.540
conscientious	3.240
conscientiously	2.360
conscious	4.180
consciously	3.500
consciousness	4.130
conscript	2.470
conscripted	2.560
conscription	2.990
conscripts	2.610
consecrate	2.420
consecrated	3.170
consecration	2.880
consecutive	4.180
consecutively	2.930
conseil	2.440
consensual	3.240
consensus	4.100
consent	4.360
consented	3.120
consenting	3.040
consents	2.780
consequence	4.070
consequences	4.470
consequent	3.020
consequential	3.030
consequently	3.940
conservancy	3.050
conservation	4.330
conservationist	2.700
conservationists	2.770
conservatism	3.420
conservative	4.610
conservatively	2.820
conservatives	4.140
conservatoire	2.400
conservator	2.610
conservators	2.400
conservatory	3.300
conserve	3.370
conserved	3.150
conserving	2.990
consider	4.990
considerable	4.250
considerably	4.000
considerate	3.300
consideration	4.280
considerations	3.740
considered	5.080
considering	4.640
considers	4.030
consign	2.460
consigned	2.870
consignment	3.000
consist	3.940
consisted	3.910
consistency	3.990
consistent	4.480
consistently	4.240
consisting	4.090
consists	4.390
consolation	3.540
console	4.080
consoled	2.570
consoles	3.540
consolidate	3.470
consolidated	3.820
consolidates	2.460
consolidating	3.160
consolidation	3.710
consoling	2.620
consonant	3.090
consonants	2.950
consort	3.200
consortia	2.450
consortium	3.680
conspicuous	3.350
conspicuously	2.880
conspiracies	3.080
conspiracy	4.260
conspirator	2.790
conspiratorial	2.560
conspirators	3.110
conspire	2.810
conspired	3.110
conspiring	3.110
const	2.840
constable	3.790
constables	2.970
constabulary	2.970
constance	3.300
constancy	2.460
constant	4.540
constantin	2.580
constantine	3.350
constantinople	3.380
constantly	4.530
constants	3.080
constellation	3.370
constellations	2.980
consternation	2.810
constipated	2.750
constipation	3.120
constituencies	3.310
constituency	3.690
constituent	3.580
constituents	3.730
constitute	3.850
constituted	3.580
constitutes	3.720
constituting	2.950
constitution	4.560
constitution's	2.420
constitutional	4.330
constitutionality	2.940
constitutionally	3.100
constitutions	3.030
constitutive	2.660
constrain	2.820
constrained	3.410
constraining	2.510
constraint	3.280
constraints	3.800
constricted	2.630
constricting	2.400
constriction	2.570
constrictor	2.390
construct	3.980
constructed	4.290
constructing	3.590
construction	4.970
constructions	3.300
constructive	3.780
constructively	2.780
constructivist	2.460
constructor	2.920
constructors	2.870
constructs	3.270
construed	3.290
consul	3.600
consular	3.290
consulate	3.560
consulates	2.680
consuls	2.800
consult	3.870
consultancy	3.460
consultant	4.130
consultants	3.740
consultation	4.020
consultations	3.390
consultative	3.120
consulted	3.630
consulting	4.060
consults	2.750
consumable	2.590
consumables	2.670
consume	3.880
consumed	3.950
consumer	4.560
consumer's	2.560
consumerism	2.980
consumerist	2.390
consumers	4.390
consumes	3.240
consuming	3.890
consummate	3.040
consummated	2.750
consummation	2.520
consumption	4.350
cont	3.270
contact	4.990
contacted	4.000
contacting	3.580
contactless	2.730
contacts	4.140
contador	2.390
contagion	3.030
contagious	3.580
contain	4.500
contained	4.450
container	4.030
containers	3.860
containing	4.430
containment	3.470
contains	4.680
contaminant	2.620
contaminants	3.170
contaminate	2.830
contaminated	3.700
contaminating	2.720
contamination	3.700
conte	3.180
contemplate	3.410
contemplated	3.250
contemplates	2.750
contemplating	3.520
contemplation	3.150
contemplative	2.890
contemporaneous	2.840
contemporaries	3.400
contemporary	4.490
contempt	3.740
contemptible	2.550
contemptuous	2.640
contemptuously	2.130
contend	3.560
contended	3.140
contender	3.600
contenders	3.430
contending	3.040
contends	3.160
content	5.000
contented	2.960
contention	3.730
contentious	3.310
contentment	3.050
contents	4.180
contessa	2.490
contest	4.530
contestant	3.480
contestants	3.640
contested	3.770
contesting	3.120
contests	3.700
context	4.630
contexts	3.580
contextual	3.140
contextually	2.300
conti	2.800
contiguous	3.170
continent	4.070
continent's	2.390
continental	4.020
continents	3.550
contingencies	2.840
contingency	3.440
contingent	3.690
contingents	2.420
continual	3.350
continually	3.910
continuance	2.730
continuation	3.710
continue	5.080
continued	4.960
continues	4.790
continuing	4.480
continuity	3.770
continuous	4.210
continuously	3.970
continuum	3.420
contorted	2.550
contour	3.370
contoured	2.430
contouring	2.650
contours	3.110
contra	3.310
contraband	3.120
contraception	3.260
contraceptive	3.110
contraceptives	3.020
contract	4.940
contracted	3.890
contracting	3.650
contraction	3.460
contractions	3.190
contractor	4.080
contractors	4.010
contracts	4.400
contractual	3.430
contractually	2.670
contradict	3.350
contradicted	3.140
contradicting	3.000
contradiction	3.450
contradictions	3.280
contradictory	3.480
contradicts	3.160
contraindicated	2.390
contraindications	2.460
contraption	2.820
contraptions	2.410
contrarian	2.630
contrary	4.170
contras	2.400
contrast	4.460
contrasted	3.240
contrasting	3.460
contrasts	3.380
contravention	2.670
contreras	2.740
contribute	4.340
contributed	4.390
contributes	3.740
contributing	4.080
contribution	4.340
contributions	4.340
contributor	3.720
contributors	3.670
contributory	2.690
contrite	2.480
contrition	2.620
contrive	2.180
contrived	3.150
control	5.400
controllable	2.930
controlled	4.590
controller	4.130
controllers	3.680
controlling	4.170
controls	4.410
controversial	4.230
controversially	2.770
controversies	3.400
controversy	4.260
contusion	2.450
conundrum	3.000
conv	2.390
convalescent	2.600
convection	3.220
convective	2.690
convene	3.040
convened	3.400
convener	2.590
convenes	2.480
convenience	4.020
conveniences	2.850
convenient	4.150
conveniently	3.580
convening	2.760
convenor	2.390
convent	3.480
convention	4.500
conventional	4.250
conventionally	3.070
conventions	3.780
convents	2.520
converge	3.230
converged	2.910
convergence	3.460
convergent	2.800
converges	2.620
converging	2.900
conversant	2.390
conversation	4.750
conversational	3.110
conversations	4.300
converse	3.480
conversely	3.530
conversing	2.930
conversion	4.240
conversions	3.390
convert	4.110
converted	4.210
converter	3.410
converters	2.980
convertible	3.550
convertibles	2.410
converting	3.730
converts	3.590
convex	3.260
convey	3.830
conveyance	2.790
conveyancing	2.460
conveyed	3.400
conveying	3.180
conveyor	3.280
conveyors	2.520
conveys	3.170
convict	3.560
convicted	4.200
convicting	2.470
conviction	4.140
convictions	3.710
convicts	3.270
convince	4.260
convinced	4.400
convinces	2.980
convincing	3.970
convincingly	3.100
convivial	2.390
convo	2.990
convocation	2.890
convoluted	3.050
convolution	2.470
convoy	3.710
convoys	3.030
convulsions	2.720
conway	3.610
conway's	2.420
conwy	2.500
conyers	2.650
coo	3.300
coochie	2.440
coogan	2.590
cooing	2.430
cook	4.650
cook's	2.970
cookbook	3.360
cookbooks	2.820
cooke	3.380
cooked	4.110
cooker	3.340
cookers	2.570
cookery	3.120
cookie	4.070
cookies	4.120
cookin	2.560
cooking	4.450
cookout	2.490
cooks	3.650
cookware	2.580
cool	5.150
coolant	3.190
cooled	3.640
cooler	3.960
coolers	2.920
coolest	3.620
cooley	2.930
coolidge	2.930
cooling	4.060
coolly	2.660
coolness	2.820
cools	3.050
coombs	2.740
coon	3.070
cooney	2.730
coons	2.520
coop	3.410
cooped	2.470
cooper	4.260
cooper's	3.040
cooperate	3.790
cooperated	3.080
cooperates	2.610
cooperating	3.410
cooperation	4.300
cooperative	3.860
cooperatively	2.610
cooperatives	3.060
coopers	2.720
cooperstown	2.580
coops	2.460
coordinate	3.820
coordinated	3.790
coordinates	3.820
coordinating	3.590
coordination	3.900
coordinator	3.910
coordinators	2.970
coors	2.880
coos	2.740
coot	2.500
coote	2.470
coots	2.400
cop	4.370
cop's	2.550
copa	3.060
copacabana	2.580
copd	2.800
cope	4.040
coped	2.630
copeland	3.230
copenhagen	3.670
copernicus	2.720
copes	2.460
copied	3.790
copier	2.670
copies	4.430
copilot	2.470
coping	3.700
copious	3.100
copley	2.830
copolymer	2.520
copped	2.930
copper	4.270
copperfield	2.610
coppers	2.570
copping	2.660
coppola	2.750
cops	4.420
copter	2.460
coptic	2.860
copulation	2.540
copy	4.770
copycat	2.920
copycats	2.400
copying	3.680
copyright	4.240
copyrighted	3.190
copyrights	2.980
copywriter	2.510
copywriting	2.490
coq	2.540
coquitlam	2.390
cor	3.320
cora	3.270
coral	3.860
corals	3.060
corazon	2.450
corbett	3.190
corbin	3.140
corby	2.750
corbyn	3.310
corbyn's	2.430
corcoran	2.950
cord	3.980
corded	2.410
cordelia	2.910
cordell	2.580
corden	2.670
cordial	3.100
cordially	2.630
cordillera	2.480
cordless	2.730
cordoba	2.780
cordon	3.140
cordoned	2.430
cordova	2.800
cords	3.350
corduroy	2.580
core	4.730
cores	3.520
corey	3.700
corfu	2.680
corgi	2.830
cori	2.430
coriander	2.950
corinna	2.420
corinne	3.000
corinth	2.970
corinthian	2.850
corinthians	3.360
coriolanus	2.410
cork	3.710
corker	2.590
corks	2.570
corkscrew	2.710
corky	2.580
corleone	2.580
corliss	2.490
cormac	2.630
corman	2.400
cormier	2.660
corn	4.190
cornbread	2.720
cornea	2.930
corneal	2.810
corned	2.630
cornelia	2.870
cornelius	3.270
cornell	3.690
corner	4.750
cornerback	3.080
cornered	3.180
cornering	2.660
corners	4.060
cornerstone	3.390
cornerstones	2.490
cornet	2.810
cornfield	2.530
cornflakes	2.470
cornice	2.630
corning	2.900
cornish	3.340
cornmeal	2.470
corns	2.450
cornstarch	2.500
cornucopia	2.560
cornwall	3.770
cornwallis	2.650
cornwell	2.630
corny	3.230
corolla	3.150
corollary	2.740
corona	3.420
coronado	2.790
coronal	2.660
coronary	3.410
coronation	3.450
coronavirus	3.220
coroner	3.430
coroner's	2.970
coroners	2.580
coronet	2.540
corp	4.270
corporal	3.650
corporate	4.640
corporates	2.710
corporation	4.590
corporation's	2.980
corporations	4.170
corporeal	2.630
corps	4.270
corpse	3.760
corpses	3.500
corpus	3.640
corr	2.650
corral	3.060
correa	2.880
correct	4.790
corrected	3.950
correcting	3.480
correction	3.950
correctional	3.430
corrections	3.690
corrective	3.290
correctly	4.210
correctness	3.390
corrector	2.420
corrects	3.020
correlate	3.200
correlated	3.500
correlates	3.070
correlating	2.620
correlation	3.860
correlations	3.090
correspond	3.500
corresponded	3.040
correspondence	3.850
correspondences	2.510
correspondent	3.860
correspondents	3.430
corresponding	4.130
correspondingly	2.760
corresponds	3.540
corridor	3.880
corridors	3.430
corrie	2.790
corrigan	2.760
corrine	2.530
corroborate	2.920
corroborated	2.920
corroborating	2.590
corroboration	2.700
corrode	2.400
corroded	2.640
corrosion	3.480
corrosive	3.110
corrugated	3.150
corrupt	4.140
corrupted	3.490
corrupting	2.890
corruption	4.350
corrupts	2.680
corsa	2.590
corsair	2.830
corse	2.390
corset	3.030
corsets	2.580
corsica	2.790
corsican	2.450
corso	2.720
cort	2.540
cortana	2.700
cortes	2.830
cortex	3.590
cortez	3.160
cortical	3.060
corticosteroid	2.420
corticosteroids	2.670
cortina	2.450
cortisol	3.030
cortisone	2.540
cortland	2.580
corvallis	2.640
corvette	3.330
corvettes	2.560
corvus	2.420
corwin	2.720
cory	3.550
cos	4.050
cosa	2.620
cosby	3.220
cosgrove	2.790
cosimo	2.510
cosine	2.510
cosiness	1.660
cosmetic	3.710
cosmetics	3.670
cosmetology	2.640
cosmic	3.780
cosmo	3.170
cosmological	2.800
cosmology	2.980
cosmonaut	2.510
cosmonauts	2.440
cosmopolitan	3.360
cosmos	3.510
cosplay	3.420
cosplayer	2.410
cosplayers	2.470
cossack	2.800
cossacks	2.860
cosset	1.380
cost	5.240
cost-effective	4.730
costa	4.150
costal	2.600
costanza	2.550
costar	2.430
costas	2.720
costco	3.330
costed	2.530
costello	3.290
coster	2.430
costing	3.690
costly	3.930
costner	2.510
costs	4.960
costume	4.180
costumed	2.730
costumes	3.890
cosy	3.310
cot	3.210
cota	2.400
cote	2.970
coterie	2.490
cots	2.700
cotswold	2.560
cotswolds	2.640
cotta	2.850
cottage	4.000
cottages	3.410
cotter	2.790
cotto	2.430
cotton	4.350
cottonwood	2.790
cottrell	2.510
cou	2.610
couch	4.170
couched	2.460
couches	2.950
cougar	3.380
cougars	3.200
cough	3.950
coughed	2.940
coughing	3.460
coughlin	2.820
coughs	3.020
could	6.060
could've	4.060
coulda	2.920
couldn	2.740
couldn't	5.090
couldnt	3.430
couldve	2.420
coulomb	2.390
coulson	3.210
coulter	3.140
coulthard	2.410
coun	2.540
council	5.080
council's	3.410
councillor	3.690
councillors	3.510
councilman	3.170
councilor	2.850
councilors	2.540
councils	3.940
councilwoman	2.490
counsel	4.160
counsel's	2.450
counseled	2.610
counseling	3.890
counselling	3.450
counsellor	3.320
counsellors	2.840
counselor	3.790
counselors	3.360
counsels	2.710
count	4.830
countable	2.510
countdown	3.680
counted	4.040
countenance	2.910
counter	4.560
counteract	3.190
counterattack	2.880
counterbalance	2.740
counterclockwise	2.620
counterculture	2.580
countered	3.320
counterfeit	3.390
counterfeiting	2.830
countering	3.060
counterinsurgency	2.530
counterintelligence	2.640
counterintuitive	2.690
countermeasure	2.390
countermeasures	2.890
counterpart	3.700
counterparts	3.750
counterparty	2.420
counterpoint	3.110
counterproductive	3.050
counterproductively	0.000
counters	3.540
counterterrorism	2.850
countertop	2.640
counterweight	2.660
countess	3.530
counties	4.240
counting	4.270
countless	3.960
countries	5.130
country	5.480
country's	4.170
countryman	2.900
countrymen	3.230
countryside	3.920
countrywide	2.730
counts	4.280
county	5.190
county's	3.410
coup	4.000
coupe	3.340
couple	5.190
couple's	3.230
coupled	3.970
coupler	2.660
couplers	2.450
couples	4.340
couplet	2.510
coupling	3.470
couplings	2.650
coupon	3.860
coupons	3.640
coups	2.870
coupé	2.530
cour	2.710
courage	4.320
courageous	3.590
courageously	2.650
courant	2.550
courgette	2.190
courier	3.680
couriers	2.830
cours	2.590
course	5.440
courses	4.460
coursework	3.000
coursing	2.690
court	5.410
court's	3.530
courted	2.880
courtenay	2.590
courteous	3.200
courtesan	2.660
courtesy	4.130
courthouse	3.610
courtier	2.640
courtiers	2.740
courting	3.110
courtly	2.590
courtney	3.660
courtois	2.800
courtroom	3.580
courtrooms	2.410
courts	4.460
courtship	3.190
courtside	2.470
courtyard	3.650
courtyards	2.670
couscous	2.600
cousin	4.410
cousin's	3.050
cousins	3.950
cousteau	2.460
coutinho	3.030
coutts	2.570
couture	3.320
cov	2.780
covalent	2.650
covariance	2.560
cove	3.640
coven	3.000
covenant	3.730
covenants	2.990
covent	3.040
coventry	3.490
cover	5.080
coverage	4.630
coverages	2.490
covered	4.830
covering	4.450
coverings	2.960
covers	4.510
covert	3.540
covertly	2.820
coverup	2.570
coves	2.490
covet	2.820
coveted	3.340
covey	2.610
covid	3.860
covina	2.410
covington	3.040
cow	4.140
cow's	2.840
cowan	3.180
coward	3.670
cowardice	3.110
cowardly	3.420
cowards	3.330
cowbell	2.460
cowboy	3.850
cowboys	4.030
cowed	2.400
cowell	3.050
cowen	2.700
cower	2.550
cowering	2.630
cowgirl	2.870
cowl	2.870
cowles	2.440
cowley	2.840
coworker	3.290
coworkers	3.440
cowper	2.560
cows	3.930
cox	3.940
cox's	2.570
coy	3.100
coyle	2.850
coyne	2.670
coyote	3.360
coyotes	3.310
coz	3.150
coziness	1.910
cozy	3.640
cp	3.790
cp3	2.520
cpa	3.240
cpac	2.470
cpap	2.460
cpc	3.160
cpd	2.800
cpe	2.480
cpg	2.530
cpi	3.280
cpl	3.090
cpm	2.820
cpo	2.520
cpp	2.860
cpr	3.420
cps	3.410
cpsu	2.440
cpt	2.900
cpu	3.720
cpus	2.900
cq	2.850
cqc	2.720
cr	3.990
cra	2.940
crab	3.760
crabb	2.560
crabbe	2.480
crabby	2.460
crabs	3.400
crabtree	2.960
crack	4.410
crackdown	3.350
cracked	3.990
cracker	3.450
crackers	3.450
crackhead	2.650
cracking	3.920
crackle	2.780
crackling	2.910
crackpot	2.550
cracks	3.900
cracow	2.460
craddock	2.470
cradle	3.500
cradled	2.540
cradles	2.480
cradling	2.450
craft	4.300
crafted	3.650
crafting	3.510
crafts	3.730
craftsman	3.220
craftsmanship	3.100
craftsmen	3.200
crafty	3.210
crag	2.640
craggy	2.540
crags	2.520
craig	4.180
craig's	2.830
craigslist	3.340
crain	2.520
cram	3.140
cramer	2.930
crammed	3.190
cramming	2.810
cramp	3.040
cramped	3.280
cramping	2.900
cramps	3.320
cranberries	2.790
cranberry	3.170
crandall	2.580
crane	3.920
crane's	2.400
cranes	3.330
cranial	2.990
cranium	2.640
crank	3.610
cranked	2.880
cranking	2.830
cranks	2.830
crankshaft	2.790
cranky	3.150
cranmer	2.390
crannies	2.400
cranny	2.450
cranston	2.980
crap	4.400
crapped	2.400
crappy	3.500
craps	2.800
crash	4.550
crashed	4.040
crashers	2.390
crashes	3.870
crashing	3.840
crass	2.960
crassus	2.600
crate	3.470
crater	3.550
craters	3.030
crates	3.280
crave	3.470
craved	2.900
craven	3.190
craves	2.900
craving	3.560
cravings	3.270
crawfish	2.650
crawford	3.840
crawford's	2.500
crawl	3.770
crawled	3.280
crawler	2.810
crawlers	2.480
crawley	3.140
crawling	3.590
crawls	2.910
cray	3.010
crayfish	2.850
crayon	3.050
crayons	3.010
craze	3.350
crazed	3.140
crazier	3.090
crazies	2.800
craziest	3.180
crazily	2.490
craziness	3.100
crazy	5.070
crc	3.060
cre	2.730
creak	2.520
creaking	2.800
cream	4.620
creamed	2.720
creamer	2.710
creamery	2.670
creampie	2.570
creams	3.220
creamy	3.430
crease	3.310
creased	2.460
creases	2.710
creasing	2.400
create	5.020
created	5.050
creates	4.280
creatine	2.800
creating	4.690
creatinine	2.540
creation	4.560
creationism	2.750
creationist	2.490
creationists	2.510
creations	3.530
creative	4.600
creatively	3.100
creatives	2.800
creativity	4.010
creator	4.210
creator's	2.540
creators	3.810
creature	4.160
creature's	2.530
creatures	4.210
cred	2.920
credence	3.080
credential	2.750
credentials	3.740
credibility	3.880
credible	3.770
credibly	2.570
credit	5.000
credit card	4.720
creditable	2.520
credited	3.880
crediting	2.840
creditor	3.100
creditors	3.660
credits	4.270
credo	2.770
cree	3.020
creed	3.700
creedence	2.430
creeds	2.630
creek	4.370
creeks	3.080
creel	2.390
creep	3.840
creeped	2.720
creeper	2.940
creepers	2.730
creepiest	2.560
creeping	3.550
creeps	3.380
creepy	4.040
creighton	2.910
cremated	3.050
cremation	3.060
crematorium	2.780
creme	3.120
crenshaw	2.830
creole	3.070
creosote	2.430
crepe	2.870
crepes	2.630
crept	3.150
crescendo	2.830
crescent	3.570
cress	2.490
cressida	2.540
cresswell	2.410
crest	3.650
crested	2.880
crests	2.780
cretaceous	3.220
cretan	2.460
crete	3.200
cretin	2.450
crevice	2.620
crevices	2.770
crew	4.700
crew's	2.790
crewe	2.960
crewed	2.550
crewman	2.620
crewmen	2.610
crews	3.890
cri	2.770
crib	3.480
cribs	2.710
crichton	2.930
crick	2.800
cricket	4.390
cricketer	3.250
cricketers	3.090
cricketing	2.510
crickets	3.210
cried	4.190
crier	2.420
cries	3.930
crikey	2.470
crim	2.700
crime	4.890
crimea	3.450
crimean	3.250
crimes	4.430
criminal	4.750
criminality	2.990
criminalization	2.530
criminalize	2.580
criminalized	2.510
criminalizing	2.480
criminally	3.120
criminals	4.150
criminology	3.000
crimp	2.610
crimson	3.600
cringe	3.540
cringed	2.570
cringeworthy	2.420
cringey	2.520
cringing	2.740
cripple	3.220
crippled	3.500
cripples	2.540
crippling	3.360
cripps	2.520
crips	2.480
cris	2.810
crises	3.570
crisis	4.620
crisp	3.700
crispin	2.630
crispr	2.650
crisps	3.090
crispy	3.370
criss	2.980
crist	2.550
cristal	2.600
cristian	2.700
cristiano	3.340
cristina	3.360
cristo	2.790
cristobal	2.660
crit	2.760
criteria	4.210
criterion	3.460
critic	3.950
critical	4.830
critically	3.880
criticise	3.200
criticised	3.660
criticises	2.630
criticising	3.090
criticism	4.490
criticisms	3.660
criticize	3.630
criticized	4.000
criticizes	3.170
criticizing	3.570
critics	4.390
critique	3.830
critiqued	2.600
critiques	3.240
critiquing	2.670
crittenden	2.450
critter	2.770
critters	2.950
crm	3.050
cro	2.880
croak	2.400
croat	2.550
croatia	3.740
croatia's	2.460
croatian	3.320
croats	2.630
croc	2.950
croce	2.480
crochet	3.250
crocheted	2.580
crock	3.030
crocker	3.030
crockery	2.620
crockett	3.090
crocodile	3.490
crocodiles	3.120
crocs	2.870
crocus	2.460
croft	3.170
crofts	2.390
crohn's	2.800
croissant	2.780
croissants	2.710
croix	2.990
croke	2.620
croker	2.600
cromer	2.460
crompton	2.600
cromwell	3.360
cron	2.490
crone	2.600
cronies	3.010
cronin	2.800
cronkite	2.460
cronulla	2.720
crony	2.730
cronyism	2.540
crook	3.410
crooked	3.630
crooks	3.220
crop	4.150
cropped	3.370
cropper	2.530
cropping	3.050
crops	4.050
croquet	2.700
crore	3.370
crores	3.100
crosby	3.540
cross	5.000
crossbar	2.790
crossbow	3.050
crossbows	2.410
crosse	2.890
crossed	4.350
crosses	3.860
crossfire	3.080
crossfit	3.160
crosshairs	2.700
crossing	4.330
crossings	3.460
crossley	2.460
crossly	1.420
crossover	3.660
crossovers	2.840
crossroad	2.480
crossroads	3.480
crosstown	2.450
crosswalk	2.630
crossword	3.140
crosswords	2.470
crotch	3.270
croton	2.480
crouch	3.260
crouched	2.760
crouching	2.910
croutons	2.490
crow	3.800
crow's	2.630
crowbar	2.720
crowd	4.700
crowd's	2.510
crowded	3.980
crowder	2.910
crowdfunding	3.320
crowding	3.050
crowds	3.870
crowdsourcing	2.690
crowe	3.180
crowed	2.400
crowell	2.720
crowing	2.530
crowley	3.370
crown	4.560
crown's	2.440
crowne	2.510
crowned	3.650
crowning	3.090
crowns	3.460
crows	3.470
crowther	2.550
croydon	3.210
crozier	2.570
crp	2.540
crs	2.900
crt	3.060
crtc	2.470
cru	2.730
cruces	2.610
crucial	4.280
crucially	2.950
cruciate	2.650
crucible	3.230
crucified	3.270
crucifix	3.020
crucifixion	3.090
crucify	2.690
crud	2.630
crude	4.000
crudely	2.720
cruel	4.120
cruella	2.410
cruelly	2.950
cruelty	3.760
cruise	4.220
cruised	2.810
cruiser	3.520
cruisers	3.250
cruiserweight	2.500
cruises	3.420
cruising	3.520
crumb	2.970
crumble	3.290
crumbled	2.980
crumbles	2.800
crumbling	3.290
crumbly	2.430
crumbs	3.340
crummy	2.580
crump	2.750
crumpled	2.930
crunch	3.660
crunched	2.570
crunches	2.750
crunching	3.150
crunchy	3.220
crunchyroll	2.670
crusade	3.590
crusader	3.210
crusaders	3.350
crusades	3.070
crusading	2.580
crush	4.170
crushed	4.030
crusher	3.110
crushers	2.530
crushes	3.150
crushing	3.830
crusoe	2.760
crust	3.700
crustacean	2.560
crustaceans	2.780
crustal	2.470
crusted	2.550
crusts	2.620
crusty	3.010
crutch	2.900
crutches	3.120
crux	3.050
cruyff	2.440
cruz	4.070
cruz's	2.700
cruze	2.490
cry	4.590
crybaby	2.760
cryin	2.780
crying	4.560
cryo	2.610
cryogenic	2.780
crypt	3.100
cryptic	3.230
crypto	3.600
cryptocurrencies	2.690
cryptocurrency	3.300
cryptographic	2.730
cryptography	2.910
crypts	2.470
crystal	4.400
crystalline	3.240
crystallisation	1.820
crystallise	1.940
crystallization	2.640
crystallize	2.350
crystallized	2.700
crystallography	2.600
crystals	3.780
crème	2.790
cs	3.900
cs:go	2.750
csa	3.150
csc	2.770
csd	2.390
cse	2.710
csf	2.850
csg	2.530
csgo	3.090
csi	3.250
csiro	2.690
csis	2.490
cska	2.700
csl	2.640
csm	2.730
csn	2.400
cso	2.570
csp	2.750
csr	3.190
css	3.420
cst	3.050
csu	3.000
csv	2.570
csx	2.570
ct	4.110
cta	2.840
ctc	2.670
cte	2.880
ctf	2.560
cth	2.460
cthulhu	2.750
cti	2.410
ctl	2.450
cto	2.880
ctr	2.970
ctrl	3.220
cts	2.990
ctv	2.750
cu	3.550
cub	3.490
cuba	4.130
cuba's	2.750
cuban	3.930
cubans	3.060
cubby	2.550
cube	3.820
cubed	2.530
cubes	3.430
cubic	3.710
cubicle	3.070
cubicles	2.540
cubism	2.400
cubist	2.400
cubits	2.430
cubs	3.890
cuck	2.660
cuckold	2.850
cuckoo	3.140
cuckoo's	2.420
cucumber	3.410
cucumbers	3.040
cud	2.400
cuda	2.420
cuddle	3.400
cuddled	2.700
cuddles	2.960
cuddling	3.110
cuddly	3.140
cuddy	2.530
cudi	2.650
cue	3.750
cues	3.530
cueto	2.390
cuff	3.510
cuffed	2.810
cufflinks	2.650
cuffs	3.240
cui	2.740
cuisine	3.810
cuisines	2.720
cul	2.970
culinary	3.560
culkin	2.440
cull	2.960
culled	2.850
cullen	3.340
culling	2.870
culminate	2.740
culminated	3.230
culminates	2.770
culminating	3.280
culmination	3.260
culpa	2.530
culpability	2.760
culpable	2.890
culpeper	2.390
culpepper	2.470
culprit	3.400
culprits	2.990
cult	4.090
cultish	2.020
cultists	2.430
cultivar	2.640
cultivars	2.940
cultivate	3.420
cultivated	3.600
cultivates	2.450
cultivating	3.290
cultivation	3.630
cultivators	2.490
cults	3.150
cultura	2.410
cultural	4.750
culturally	3.640
culture	5.030
culture's	2.550
cultured	3.300
cultures	4.200
culver	2.960
culvert	2.550
cum	4.040
cumberbatch	2.840
cumberland	3.450
cumbersome	3.160
cumbria	3.190
cumin	3.010
cumming	3.210
cummings	3.460
cummins	3.130
cums	2.620
cumshot	2.550
cumulative	3.550
cumulatively	2.440
cumulus	2.570
cunard	2.480
cuneiform	2.530
cunning	3.450
cunningham	3.540
cunt	3.870
cunts	3.330
cuny	2.560
cuomo	3.280
cup	5.110
cupboard	3.440
cupboards	2.900
cupcake	3.350
cupcakes	3.410
cupertino	2.590
cupid	3.200
cupola	2.680
cuppa	2.700
cupped	2.490
cupping	2.600
cups	4.110
cur	2.920
curable	2.660
curacao	2.410
curate	3.030
curated	3.440
curates	2.390
curating	2.580
curation	2.630
curative	2.660
curator	3.550
curatorial	2.520
curators	3.050
curb	3.790
curbed	2.610
curbing	2.820
curbs	2.780
curbside	2.410
curd	2.920
curds	2.480
cure	4.320
cured	3.740
cures	3.340
curfew	3.370
curia	2.560
curie	2.880
curing	3.260
curio	2.430
curiosities	2.750
curiosity	3.970
curious	4.450
curiously	3.200
curitiba	2.510
curl	3.520
curled	3.340
curler	2.510
curlers	2.540
curley	2.630
curling	3.510
curls	3.420
curly	3.600
curran	3.040
currant	2.510
currencies	3.620
currency	4.370
current	5.270
currently	5.080
currents	3.640
curricula	3.040
curricular	3.060
curriculum	4.120
curriculums	2.400
currie	3.080
curries	2.580
curry	3.960
curry's	2.560
curse	4.070
cursed	3.770
curses	3.230
cursing	3.310
cursive	2.900
cursor	3.090
cursory	2.920
curt	3.160
curtail	2.980
curtailed	3.070
curtailing	2.560
curtain	3.860
curtains	3.660
curtin	2.840
curtis	3.940
curtiss	2.640
curvature	3.220
curve	4.140
curveball	2.710
curved	3.830
curves	3.860
curving	3.060
curvy	3.150
curzon	2.700
cus	3.020
cusack	2.620
cusco	2.470
cuse	2.390
cushing	2.970
cushion	3.580
cushioned	2.620
cushioning	2.430
cushions	3.190
cushman	2.630
cushy	2.660
cusp	3.050
cuss	2.830
cussing	2.650
cust	2.430
custard	3.170
custer	2.990
custodial	3.100
custodian	3.120
custodians	2.710
custody	4.220
custom	4.430
customarily	2.610
customary	3.530
customer	4.610
customer's	3.080
customers	4.780
customisation	2.450
customise	2.440
customised	2.740
customizable	2.940
customization	3.250
customize	3.270
customized	3.440
customizing	2.580
customs	4.190
cut	5.240
cutaneous	2.860
cutaway	2.510
cutback	2.410
cutbacks	2.840
cute	4.650
cuteness	2.880
cuter	2.930
cutest	3.330
cutesy	2.520
cuthbert	2.940
cuticle	2.690
cutie	3.320
cuties	2.490
cutlass	2.590
cutler	3.380
cutlery	3.010
cutoff	3.210
cutout	2.900
cutouts	2.590
cuts	4.420
cutscenes	2.550
cutter	3.700
cutters	3.280
cutthroat	2.840
cutting	4.610
cuttings	3.030
cuttlefish	2.530
cutty	2.410
cuyahoga	2.740
cuz	3.890
cuzco	2.430
cv	3.610
cvc	2.490
cvd	2.620
cve	2.440
cvs	3.350
cvt	2.590
cw	3.540
cwa	2.540
cwc	2.460
cws	2.470
cwt	2.400
cx	3.090
cy	3.360
cya	2.480
cyan	2.710
cyanide	3.240
cyanobacteria	2.440
cyber	3.980
cyberaddict	0.000
cyberattacks	2.450
cyberbullying	2.690
cybercafe	1.270
cybercafé	0.000
cybercrime	2.740
cybermen	2.560
cybernetic	2.630
cybernetics	2.590
cyberpet	0.000
cyberpunk	2.760
cyberschool	0.000
cybersecurity	3.350
cyberspace	2.990
cyborg	3.220
cyborgs	2.560
cycle	4.600
cycled	2.870
cycles	3.930
cyclic	3.160
cyclical	3.160
cyclin	2.410
cycling	4.100
cyclist	3.580
cyclists	3.690
cyclone	3.510
cyclones	3.020
cyclonic	2.400
cyclops	3.110
cydia	2.520
cygnus	2.630
cyl	2.530
cylinder	3.990
cylinders	3.460
cylindrical	3.340
cymbal	2.590
cymbals	2.750
cymru	2.960
cyndi	2.630
cynic	2.810
cynical	3.590
cynically	2.540
cynicism	3.130
cynics	2.440
cynthia	3.650
cypher	2.800
cypress	3.250
cyprian	2.390
cypriot	2.870
cypriots	2.460
cyprus	3.710
cyrano	2.580
cyril	3.420
cyrillic	2.630
cyrus	3.830
cyst	3.120
cysteine	2.660
cystic	3.070
cysts	2.910
cytochrome	2.740
cytokine	2.670
cytokines	2.790
cytoplasm	2.770
cytoplasmic	2.720
cytotoxic	2.570
cz	2.960
czar	3.000
czech	3.950
czechoslovak	2.740
czechoslovakia	3.380
czechs	2.850
céline	2.550
césar	2.700
côte	2.750
d	5.460
d's	2.990
d'souza	2.630
d.a	2.960
d.b	2.540
d.c	4.330
d.d	2.740
d.h	2.440
d.j	3.070
d.l	2.550
d.o	2.410
d.r	2.490
d0	2.700
d00	3.430
d000	3.260
d0000	3.000
d1	3.340
d2	3.370
d3	3.150
d4	2.860
d5	2.720
d6	2.710
d8	2.460
da	4.540
da's	2.560
daa	2.440
dab	3.320
dabbing	2.590
dabble	2.680
dabbled	2.730
dabbling	2.600
dabs	2.600
dac	2.960
daca	2.980
dachau	2.590
dachshund	2.640
dad	4.950
dad's	3.800
dada	3.080
daddies	2.880
daddy	4.360
daddy's	3.290
dade	3.160
dads	3.630
dae	3.280
daedalus	2.570
daegu	2.480
daemon	2.810
daenerys	2.860
daesh	2.680
daf	2.460
daffodil	2.560
daffodils	2.730
daffy	2.670
dafoe	2.410
daft	3.440
dafuq	2.450
dag	2.890
dagenham	2.640
dagestan	2.610
dagger	3.540
daggers	3.020
dagon	2.460
dah	3.120
dahl	3.110
dahlia	2.860
dahmer	2.480
dai	3.270
dailey	2.400
dailies	2.840
daily	5.070
dailymotion	2.390
daimler	2.930
dainty	3.070
dairies	2.500
dairy	4.090
dais	2.620
daisies	2.900
daisuke	2.470
daisy	3.780
dak	3.140
dakar	2.980
dakota	4.090
dakota's	2.400
dakotas	2.430
dal	3.250
dalai	3.280
dalby	2.400
dale	3.980
dale's	2.420
dalek	2.830
daleks	2.950
dales	2.820
daley	3.190
dalhousie	2.620
dali	2.910
dalia	2.550
dalian	2.730
dalit	2.860
dalits	2.590
dall	2.440
dallas	4.420
dally	2.780
dalmatian	2.660
dalrymple	2.690
dalton	3.530
daly	3.450
dam	4.170
damage	4.900
damaged	4.390
damages	4.130
damaging	3.910
damascus	3.590
damask	2.490
dame	3.960
dames	2.970
damian	3.390
damien	3.500
damm	2.640
damme	2.490
dammed	2.500
dammit	3.670
damn	5.090
damnation	2.950
damned	3.870
damning	3.200
damnit	3.070
damon	3.720
damon's	2.430
damp	3.620
dampen	2.810
dampened	2.640
dampening	2.630
damper	2.940
dampers	2.600
damping	2.910
damply	0.000
dampness	2.480
dams	3.520
damsel	2.890
dan	4.510
dan's	2.890
dana	3.820
danbury	2.730
danby	2.420
dance	4.930
danced	3.680
dancefloor	2.700
dancehall	2.810
dancer	3.990
dancers	3.900
dances	3.790
dancin	2.700
dancing	4.500
dandelion	2.900
dandelions	2.460
dandenong	2.580
dandruff	2.650
dandy	3.250
dane	3.470
danes	3.200
danforth	2.750
dang	3.650
danganronpa	2.390
danger	4.590
dangerfield	2.470
dangerous	4.790
dangerously	3.470
dangers	3.890
dangle	2.920
dangled	2.560
dangling	3.290
dani	3.440
danica	2.710
daniel	4.620
daniel's	3.090
daniela	2.920
daniele	2.580
daniella	2.490
danielle	3.620
daniels	3.690
danielson	2.450
danilo	2.660
danish	3.910
dank	3.260
dann	2.520
danni	2.430
danny	4.250
danny's	2.750
dans	3.300
dansk	2.440
dante	3.610
dante's	2.710
danton	2.480
danube	3.140
danvers	2.870
danville	3.050
dany	2.670
danzig	2.670
dao	2.990
dap	2.770
daphne	3.260
dapper	2.910
dappled	2.390
dar	3.320
dara	2.990
darby	3.170
darcy	3.320
dardanelles	2.390
darden	2.540
dare	4.310
dared	3.520
daredevil	3.290
daredevils	2.410
daren	2.390
dares	3.220
daresay	2.490
darfur	2.950
dari	2.510
daria	2.840
darien	2.740
darin	2.660
daring	3.700
dario	2.920
darius	3.400
darjeeling	2.590
dark	5.040
darken	2.880
darkened	3.130
darkening	2.750
darker	3.930
darkest	3.580
darkly	2.970
darkness	4.300
darko	2.670
darkroom	2.660
darkseid	2.440
darkside	2.440
darla	2.580
darlene	2.870
darley	2.540
darlin	2.880
darling	4.090
darlings	2.860
darlington	3.070
darmstadt	2.650
darn	3.610
darned	2.630
darnell	2.800
darpa	2.770
darrel	2.400
darrell	3.200
darren	3.790
darrin	2.560
darrow	2.750
darryl	3.280
darshan	2.520
dart	3.520
darted	2.580
dartford	2.610
darth	3.230
darting	2.680
dartmoor	2.730
dartmouth	3.270
darts	3.410
darvish	2.460
darwin	3.760
darwin's	2.810
darwinian	2.690
darwinism	2.730
daryl	3.430
das	3.730
dash	4.000
dashboard	3.330
dashed	3.280
dashes	2.870
dashing	3.270
dashwood	2.450
dass	2.680
dassault	2.470
dastardly	2.640
dat	3.550
data	5.340
data's	2.450
database	4.310
databases	3.620
datacenter	2.580
dataset	3.030
datasets	2.840
date	5.220
dated	4.290
dateline	2.690
dates	4.540
dating	4.700
dative	2.430
dato	2.440
datta	2.420
datum	2.520
dau	2.420
daugherty	2.500
daughter	5.070
daughter's	3.780
daughter-in-law	4.920
daughters	4.280
daunt	2.040
daunted	2.400
daunting	3.400
dauntless	2.690
dauphin	2.830
dav	2.550
davao	2.970
dave	4.440
dave's	2.950
davenport	3.350
davey	3.340
david	5.130
david's	3.410
davide	2.520
davids	2.690
davidson	3.800
davie	2.850
davies	3.930
davina	2.530
davis	4.490
davis's	2.660
davison	3.070
davos	3.030
davy	3.180
daw	3.110
dawes	3.010
dawg	3.320
dawkins	3.140
dawn	4.270
dawn's	2.480
dawned	3.030
dawning	2.790
dawns	2.640
dawson	3.760
dawson's	2.650
dax	3.080
day	5.950
day's	3.770
daya	2.550
dayan	2.450
daybreak	3.030
daycare	3.300
daydream	2.980
daydreaming	2.870
daydreams	2.590
daylight	3.840
dayne	2.500
days	5.610
daytime	3.660
dayton	3.500
daytona	3.370
dayz	2.600
daz	2.510
daze	2.890
dazed	3.130
dazzle	3.020
dazzled	2.800
dazzling	3.390
db	3.770
dba	2.880
dbs	2.990
dbz	2.710
dc	4.560
dc's	2.940
dca	2.720
dcc	2.570
dcf	2.430
dci	2.880
dcp	2.450
dcs	2.930
dcu	2.460
dd	3.680
dda	2.400
ddd	2.610
ddg	2.470
ddos	2.920
ddp	2.420
ddr	2.770
ddr3	2.520
dds	2.820
ddt	2.900
de	5.230
de facto	3.570
dea	3.390
deacon	3.390
deacons	2.820
deactivate	2.970
deactivated	3.100
deactivation	2.610
dead	5.190
deadbeat	2.770
deaden	1.900
deadlier	2.400
deadliest	3.310
deadlift	2.540
deadline	4.120
deadlines	3.380
deadlock	2.970
deadlocked	2.450
deadly	4.160
deadman	2.430
deadmau5	2.460
deadpan	2.640
deadpool	3.240
deadwood	2.730
deaf	3.990
deafening	2.980
deafness	2.900
deakin	2.720
deal	5.320
deal's	2.450
dealer	4.190
dealer's	2.640
dealers	4.010
dealership	3.420
dealerships	3.020
dealing	4.600
dealings	3.540
deals	4.590
dealt	4.200
dean	4.400
dean's	3.100
deandre	2.860
deane	2.880
deangelo	2.470
deanna	2.850
deans	3.060
dear	4.770
dearborn	3.040
dearest	3.420
dearly	3.480
dears	2.440
dearth	2.920
death	5.400
death's	2.830
deathbed	2.970
deathly	2.910
deathmatch	2.520
deaths	4.530
deathstroke	2.430
deb	3.230
debacle	3.210
debatable	3.130
debate	4.640
debated	3.600
debater	2.400
debates	3.980
debating	3.680
debauchery	2.770
debbie	3.660
debby	2.610
debenhams	2.400
debentures	2.460
debian	2.880
debilitating	3.190
debit	3.620
debit card	3.600
debits	2.400
deborah	3.610
debra	3.300
debrief	2.450
debriefing	2.560
debris	3.920
debs	2.750
debt	4.690
debtor	3.080
debtors	2.950
debts	3.990
debug	2.860
debugger	2.470
debugging	2.890
debunk	2.680
debunked	2.950
debunking	2.750
debussy	2.570
debut	4.520
debutant	2.560
debutante	2.520
debuted	3.530
debuting	2.980
debuts	3.390
dec	4.290
deca	2.530
decade	4.520
decadence	2.860
decadent	3.040
decades	4.580
decaf	2.630
decal	3.010
decals	2.900
decanter	2.530
decapitated	2.990
decapitation	2.630
decathlon	2.570
decatur	3.100
decay	3.830
decayed	2.840
decaying	3.140
decays	2.680
decca	2.510
deccan	2.590
deceased	3.960
deceit	3.240
deceitful	2.970
deceive	3.380
deceived	3.390
deceiver	2.490
deceiving	3.170
deceleration	2.730
december	5.070
decency	3.500
decent	4.400
decently	2.870
decentralisation	2.430
decentralise	1.530
decentralised	2.660
decentralization	2.870
decentralize	2.190
decentralized	3.290
decepticons	2.480
deception	3.650
deceptions	2.490
deceptive	3.340
deceptively	2.840
decibel	2.550
decibels	2.640
decide	4.780
decided	5.090
decidedly	3.370
decider	2.860
decides	4.160
deciding	4.110
deciduous	3.010
decimal	3.280
decimals	2.530
decimate	2.500
decimated	3.070
decipher	3.140
deciphered	2.630
deciphering	2.660
decision	5.090
decisions	4.720
decisive	3.800
decisively	3.120
deck	4.410
decked	3.060
decker	3.420
decking	2.680
decks	3.610
declan	2.970
declaration	4.100
declarations	3.230
declarative	2.630
declare	4.050
declared	4.550
declares	3.710
declaring	3.820
declassified	2.900
declination	2.370
decline	4.400
declined	4.210
declines	3.530
declining	3.830
deco	3.410
decode	3.020
decoded	2.780
decoder	2.840
decoding	3.050
decolonization	2.430
decommissioned	2.810
decommissioning	2.840
decompose	2.750
decomposed	2.870
decomposes	2.400
decomposing	2.800
decomposition	3.260
decompress	2.470
decompression	2.930
deconstruct	2.530
deconstructed	2.550
deconstructing	2.520
deconstruction	2.860
decontamination	2.780
decor	3.650
decorate	3.360
decorated	3.940
decorating	3.360
decoration	3.820
decorations	3.760
decorative	3.800
decorator	2.950
decorators	2.560
decorum	2.870
decoupling	2.480
decoy	3.040
decoys	2.600
decrease	4.170
decreased	4.000
decreases	3.630
decreasing	3.680
decree	3.820
decreed	3.100
decrees	3.070
decrepit	2.770
decried	2.640
decriminalization	2.590
decry	2.600
decrying	2.500
decrypt	2.680
decrypted	2.400
decryption	2.580
ded	2.750
dede	2.630
dedicate	3.510
dedicated	4.580
dedicates	2.720
dedicating	2.980
dedication	3.960
deduce	2.970
deduced	2.940
deduct	3.090
deducted	3.160
deductible	3.360
deductibles	2.610
deducting	2.510
deduction	3.460
deductions	3.300
deductive	2.650
dee	3.840
dee's	2.400
deed	3.750
deeds	3.790
deejay	2.510
deem	3.340
deemed	4.190
deeming	2.640
deems	3.100
deen	2.970
deena	2.420
deep	5.050
deepa	2.410
deepak	2.830
deepen	3.190
deepened	3.060
deepening	3.190
deepens	2.750
deeper	4.300
deepest	3.770
deepika	2.520
deeply	4.440
deepwater	2.940
deer	4.120
deere	2.910
deerfield	2.680
deering	2.470
dees	2.510
def	3.910
defaced	2.740
defamation	3.380
defamatory	2.860
defame	2.530
defamed	2.400
default	4.290
defaulted	2.880
defaulting	2.730
defaults	3.170
defcon	2.480
defeat	4.510
defeated	4.170
defeating	3.650
defeats	3.710
defecate	2.400
defecation	2.510
defect	3.680
defected	3.030
defecting	2.480
defection	2.910
defections	2.490
defective	3.570
defector	2.620
defectors	2.680
defects	3.770
defence	4.510
defenceless	2.820
defenceman	2.780
defences	3.440
defend	4.470
defendant	3.980
defendant's	3.000
defendants	3.850
defended	4.000
defender	4.110
defender's	2.420
defenders	3.950
defending	4.330
defends	3.520
defense	4.930
defenseless	3.050
defenseman	3.030
defensemen	2.550
defenses	3.710
defensible	2.810
defensive	4.380
defensively	3.280
defer	3.200
deference	2.960
deferral	2.600
deferred	3.540
deferring	2.620
defiance	3.480
defiant	3.210
defiantly	3.050
defibrillator	2.660
deficiencies	3.340
deficiency	3.640
deficient	3.330
deficiently	0.000
deficit	4.060
deficits	3.500
defied	3.110
defies	3.040
defile	2.650
defiled	2.650
definately	2.870
define	4.310
defined	4.560
defines	3.860
definetly	2.470
defining	3.960
definite	3.780
definite article	3.760
definitely	4.960
definition	4.580
definitions	3.820
definitive	3.800
definitively	3.170
deflate	2.610
deflated	2.900
deflating	2.440
deflation	2.930
deflationary	2.440
deflect	3.170
deflected	3.070
deflecting	2.760
deflection	3.220
deflections	2.570
deflector	2.520
deflects	2.450
defoe	2.900
deforestation	3.200
deform	2.500
deformation	3.160
deformations	2.410
deformed	3.210
deformities	2.750
deformity	2.830
defraud	2.850
defrauded	2.670
defrauding	2.570
defrost	2.500
deft	2.870
deftly	2.850
defunct	3.280
defund	2.510
defuse	2.880
defused	2.430
defy	3.420
defying	3.180
deg	2.890
degas	2.690
degeneracy	2.620
degenerate	3.330
degenerated	2.700
degenerates	2.680
degeneration	3.120
degenerative	3.010
degeneres	2.840
degli	2.470
degradation	3.600
degrade	3.280
degraded	3.310
degrades	2.700
degrading	3.350
degrasse	2.580
degrassi	2.410
degree	4.940
degrees	4.540
deh	2.740
dehradun	2.450
dehumanise	1.570
dehumanize	2.150
dehumanizing	2.520
dehydrated	3.260
dehydration	3.310
dehydrogenase	2.870
dei	3.290
deion	2.420
deir	2.880
deirdre	2.870
deities	3.230
deity	3.550
deja	2.940
dejan	2.590
dejected	2.770
dekalb	2.800
deke	2.430
dekker	2.900
del	4.320
dela	2.650
delacroix	2.450
delaney	3.200
delano	2.840
delany	2.440
delaware	3.900
delay	4.400
delayed	4.200
delaying	3.390
delays	3.980
delbert	2.450
dele	2.500
delectable	2.700
delegate	3.700
delegated	3.100
delegates	3.940
delegating	2.500
delegation	3.920
delegations	3.090
delete	4.220
deleted	4.180
deleterious	2.720
deletes	2.950
deleting	3.510
deletion	3.230
deletions	2.650
deleuze	2.470
delevingne	2.830
delft	2.720
delgado	2.950
delhi	4.290
delhi's	2.520
deli	3.350
delia	3.050
deliberate	3.820
deliberated	2.490
deliberately	4.020
deliberating	2.520
deliberation	3.060
deliberations	3.170
deliberative	2.530
delicacies	2.790
delicacy	3.180
delicate	4.010
delicately	3.050
delicatessen	2.480
delicious	4.340
deliciously	2.890
deliciousness	2.460
delight	3.970
delighted	4.090
delightful	3.770
delightfully	2.910
delighting	2.450
delights	3.310
delilah	2.920
delimitation	2.450
delimited	2.490
delineate	2.560
delineated	2.720
delineation	2.540
delinquency	2.920
delinquent	3.120
delinquents	2.640
delirious	2.950
delirium	2.960
delish	2.490
delisted	2.600
deliver	4.550
deliverable	2.430
deliverance	3.070
delivered	4.620
deliveries	3.660
delivering	4.090
delivers	3.860
delivery	4.590
dell	3.670
della	3.420
delle	2.780
delmar	2.590
deloitte	3.010
delorean	2.640
delores	2.450
delos	2.520
delphi	3.010
delphine	2.620
delray	2.490
delta	4.120
deltas	2.500
deluca	2.430
delude	2.480
deluded	3.150
deluge	3.050
delusion	3.370
delusional	3.510
delusions	3.240
deluxe	3.720
delve	3.140
delved	2.650
delves	2.710
delving	2.780
dem	3.880
demagogue	2.480
demand	4.840
demanded	4.120
demanding	4.130
demands	4.410
demar	2.590
demarcation	2.790
demarco	2.840
demarcus	2.590
dembele	2.580
demean	2.580
demeaning	2.930
demeanor	3.200
demeanour	2.720
demented	2.970
dementia	3.760
demeter	2.420
demetrius	2.800
demi	3.370
demigod	2.440
demilitarized	2.470
demille	2.420
deming	2.580
demise	3.660
demo	4.060
democracies	3.260
democracy	4.510
democrat	4.240
democratic	4.730
democratically	3.120
democratization	2.770
democrats	4.540
demographic	3.920
demographically	2.380
demographics	3.560
demography	2.840
demolish	3.180
demolished	3.520
demolishing	2.810
demolition	3.620
demolitions	2.540
demon	4.060
demon's	2.590
demonic	3.330
demonize	2.610
demonized	2.490
demonizing	2.520
demons	4.000
demonstrable	2.630
demonstrably	2.780
demonstrate	4.200
demonstrated	4.220
demonstrates	3.860
demonstrating	3.760
demonstration	4.060
demonstrations	3.780
demonstrative	2.630
demonstrator	2.900
demonstrators	3.280
demoralized	2.620
demoralizing	2.590
demos	3.400
demoted	3.040
demotion	2.700
dempsey	3.180
dempster	2.580
dems	3.840
demure	2.560
demystification	1.480
demystify	2.150
den	4.010
dena	2.610
denali	2.620
denbighshire	2.510
dench	2.500
dendrites	2.430
dendritic	2.740
dene	2.480
deng	3.200
dengue	2.930
denham	2.840
deniability	2.450
denial	3.990
denials	2.930
denied	4.430
denier	2.750
deniers	2.780
denies	3.730
denigrate	2.590
denigrating	2.420
denim	3.520
denis	3.620
denise	3.570
denison	2.770
denizens	2.700
denman	2.500
denmark	4.040
denmark's	2.730
denning	2.690
dennis	4.100
dennison	2.590
denny	3.380
denny's	2.730
denominated	2.920
denomination	3.310
denominational	2.930
denominations	3.290
denominator	3.130
denotation	1.900
denote	3.290
denoted	3.170
denotes	3.420
denoting	2.900
denouement	2.420
denounce	3.240
denounced	3.470
denounces	2.750
denouncing	3.080
dens	2.850
dense	3.980
densely	3.420
denser	2.950
densest	2.400
densities	3.080
density	4.330
dent	3.670
dental	4.110
dented	2.770
dentist	3.860
dentist's	2.500
dentistry	3.390
dentists	3.320
dentition	2.410
denton	3.280
dents	2.830
denture	2.540
dentures	2.810
denunciation	2.610
denver	4.230
denver's	2.690
deny	4.340
denying	3.950
denys	2.400
denzel	2.970
deo	2.950
deodorant	3.120
deon	2.540
dep	2.940
depart	3.670
departed	3.780
departing	3.560
department	5.230
department store	4.810
department's	3.380
departmental	3.270
departments	4.200
departs	3.170
departure	4.220
departures	3.280
depaul	2.580
depeche	2.650
depend	4.200
dependability	2.550
dependable	3.250
dependant	2.940
depended	3.440
dependence	3.660
dependencies	3.190
dependency	3.520
dependent	4.280
dependents	2.950
depending	4.560
depends	4.530
depict	3.410
depicted	3.770
depicting	3.540
depiction	3.450
depictions	3.110
depicts	3.530
deplete	2.650
depleted	3.450
depleting	2.690
depletion	3.140
deplorable	3.200
deplore	2.430
deplored	2.450
deploy	3.700
deployable	2.450
deployed	4.030
deploying	3.320
deployment	3.910
deployments	3.150
deploys	2.800
depo	2.400
deport	3.180
deportation	3.570
deportations	2.960
deported	3.640
deporting	2.740
depose	2.670
deposed	3.270
deposit	4.240
depositary	2.400
deposited	3.640
depositing	2.880
deposition	3.510
depositions	2.680
depositors	2.780
depository	2.940
deposits	4.000
depot	3.950
depots	3.000
depp	3.150
depraved	3.040
depravity	2.860
deprecate	1.880
deprecated	2.670
deprecating	2.770
deprecatingly	1.440
deprecation	2.400
depreciate	2.460
depreciated	2.400
depreciating	2.400
depreciation	3.370
depress	2.860
depressant	2.570
depressants	2.720
depressed	4.140
depresses	2.560
depressing	3.830
depressingly	2.430
depression	4.560
depressions	2.820
depressive	3.300
deprivation	3.440
deprive	3.190
deprived	3.690
deprives	2.510
depriving	3.020
dept	3.710
deptford	2.500
depth	4.550
depths	3.780
deputation	2.400
deputies	3.710
deputy	4.550
der	4.160
dera	2.540
derail	3.080
derailed	3.110
derailing	2.480
derailment	2.700
deranged	3.200
derangement	2.570
derbies	2.460
derby	4.100
derbyshire	3.310
dere	2.490
deregulated	2.550
deregulation	3.170
derek	4.010
derek's	2.450
derelict	3.100
dereliction	2.550
deride	2.400
derided	2.770
derision	2.800
derisive	2.360
derisively	2.290
derivation	3.040
derivative	3.650
derivatives	3.640
derive	3.510
derived	4.290
derives	3.420
deriving	2.950
dermal	2.800
dermatitis	2.910
dermatologist	3.060
dermatologists	2.460
dermatology	2.930
dermis	2.410
dermot	2.880
dern	2.510
derogatory	3.240
deron	2.460
derozan	2.710
derp	2.570
derrick	3.490
derrida	2.590
derry	3.190
dervish	2.400
derwent	2.500
des	4.250
desai	2.790
desalination	2.790
desantis	2.440
desc	2.600
descartes	2.960
descend	3.510
descendant	3.300
descendants	3.710
descended	3.740
descendents	2.560
descending	3.510
descends	3.160
descent	3.930
descents	2.440
deschamps	2.460
describe	4.560
described	5.000
describes	4.400
describing	4.230
description	4.730
descriptions	3.920
descriptive	3.540
descriptor	2.810
descriptors	2.700
desdemona	2.490
desecrated	2.640
desecration	2.740
desegregation	2.760
desert	4.400
deserted	3.640
deserter	2.710
deserters	2.760
desertification	2.450
deserting	2.640
desertion	2.850
deserts	3.320
deserve	4.590
deserved	4.140
deservedly	2.760
deserves	4.340
deserving	3.570
desh	2.440
desi	3.080
design	5.170
designate	3.370
designated	4.250
designates	2.770
designating	2.880
designation	3.760
designations	3.040
designed	4.960
designer	4.420
designer's	2.660
designers	4.050
designing	3.890
designs	4.380
desirability	2.660
desirable	3.850
desire	4.610
desired	4.160
desiree	2.720
desires	4.010
desiring	2.910
desirous	2.540
desist	3.050
desk	4.430
desks	3.390
desktop	3.930
desktops	2.790
desmond	3.410
desolate	3.170
desolation	3.030
desorption	2.510
desoto	2.600
despair	3.820
despairing	2.630
despatch	2.690
despatched	2.770
despatches	2.590
desperate	4.320
desperately	3.980
desperation	3.550
despicable	3.460
despise	3.500
despised	3.220
despises	2.780
despite	5.000
despondent	2.680
despot	2.680
despotic	2.570
despotism	2.460
dessert	3.830
desserts	3.310
destabilization	2.510
destabilize	2.800
destabilized	2.470
destabilizing	2.750
destin	2.490
destination	4.240
destinations	3.830
destined	3.790
destinies	2.740
destiny	4.190
destiny's	2.870
destitute	3.070
destitution	2.430
destroy	4.520
destroyed	4.610
destroyer	3.500
destroyers	3.190
destroying	4.090
destroys	3.670
destruct	2.900
destruction	4.360
destructive	3.890
det	3.380
detach	2.990
detachable	2.930
detached	3.790
detachment	3.460
detachments	2.680
detail	4.570
detailed	4.510
detailing	3.620
details	4.910
detain	3.210
detained	3.810
detainee	2.850
detainees	3.390
detaining	2.750
detect	4.050
detectable	3.040
detected	4.060
detecting	3.520
detection	4.060
detective	4.210
detective's	2.430
detectives	3.670
detector	3.710
detectors	3.460
detects	3.100
detention	3.960
detentions	2.500
deter	3.480
detergent	3.200
detergents	2.730
deteriorate	3.150
deteriorated	3.350
deteriorates	2.650
deteriorating	3.250
deterioration	3.430
determinant	2.900
determinants	2.910
determination	4.160
determinations	2.790
determine	4.630
determined	4.640
determiner	2.140
determines	3.770
determining	3.970
determinism	2.750
deterministic	2.930
deterred	2.900
deterrence	2.990
deterrent	3.330
deterring	2.580
detest	2.870
detestable	2.470
detested	2.560
dethroned	2.560
detonate	2.980
detonated	3.120
detonating	2.640
detonation	3.060
detonator	2.590
detonators	2.450
detour	3.200
detours	2.640
detox	3.290
detoxification	2.580
detract	3.010
detractors	2.950
detracts	2.460
detriment	3.260
detrimental	3.550
detrimentally	1.810
detritus	2.720
detroit	4.350
detroit's	2.840
deuce	2.940
deus	3.060
deuterium	2.660
deuteronomy	2.870
deutsch	2.990
deutsche	3.660
deutschen	2.580
deutschland	2.920
deux	2.930
dev	3.760
deva	2.730
devaluation	2.910
devalue	2.650
devalued	2.760
devastate	2.620
devastated	3.720
devastating	3.850
devastation	3.340
devel	2.650
develop	4.750
developed	4.950
developer	4.200
developer's	2.590
developers	4.220
developing	4.660
development	5.310
developmental	3.780
developmentally	2.730
developments	4.220
develops	3.890
devereaux	2.400
devereux	2.590
devi	3.070
deviance	2.450
deviant	3.030
deviantart	2.600
deviantly	0.000
deviate	3.060
deviated	2.830
deviates	2.630
deviating	2.540
deviation	3.400
deviations	3.040
device	4.670
device's	2.630
devices	4.590
devil	4.300
devil's	3.600
devilish	2.840
deville	2.430
devils	3.790
devin	3.270
devine	3.030
devious	3.030
devise	3.190
devised	3.590
devises	2.400
devising	2.870
devito	2.570
devlin	3.050
devo	2.740
devoid	3.420
devolution	3.060
devolve	2.780
devolved	3.130
devolving	2.460
devon	3.840
devonian	2.900
devonport	2.460
devonshire	2.970
devops	2.850
devos	2.740
devote	3.530
devoted	4.180
devotee	2.930
devotees	3.190
devotes	2.780
devoting	2.960
devotion	3.730
devotional	3.160
devotions	2.690
devour	3.170
devoured	3.050
devouring	2.900
devours	2.490
devout	3.340
devs	2.880
dew	3.520
dewan	2.500
dewar	2.710
dewey	3.440
dewitt	2.890
dewsbury	2.400
dewy	2.640
dex	3.260
dexter	3.600
dexter's	2.500
dexterity	3.070
dey	3.060
dez	2.920
df	3.320
dfa	2.500
dfb	2.410
dfl	2.460
dfs	2.800
dft	2.610
dfw	2.820
dg	3.200
dh	3.370
dha	2.780
dhabi	3.420
dhaka	3.200
dhamma	2.430
dharma	3.270
dhawan	2.710
dhcp	2.530
dhl	2.730
dhoni	2.950
dhs	3.260
dht	2.410
di	4.330
dia	3.340
diabetes	4.170
diabetic	3.450
diabetics	2.870
diablo	3.280
diabolical	2.960
diagnose	3.410
diagnosed	4.050
diagnoses	3.240
diagnosing	3.020
diagnosis	4.200
diagnostic	3.830
diagnostics	3.210
diagonal	3.360
diagonally	2.940
diagram	3.850
diagrams	3.420
dial	3.930
dialect	3.540
dialectic	2.690
dialectical	2.680
dialects	3.260
dialed	3.010
dialing	3.060
dialling	2.450
diallo	2.410
dialog	3.460
dialogue	4.290
dialogues	3.220
dials	3.000
dialysis	3.270
diameter	4.080
diameters	2.800
diametrically	2.590
diamond	4.420
diamond's	2.510
diamondbacks	3.000
diamonds	4.020
dian	2.590
diana	4.020
diana's	2.780
diane	3.830
dianne	3.000
diaper	3.490
diapers	3.430
diaphragm	3.090
diaries	3.610
diario	2.550
diarrhea	3.550
diarrhoea	3.020
diary	4.090
dias	2.900
diaspora	3.450
diastolic	2.450
diatribe	2.580
diaz	3.580
diazepam	2.610
dibs	2.830
dic	2.670
dicaprio	3.160
dice	3.760
diced	3.040
dicey	2.670
dichotomy	3.090
dick	4.700
dick's	2.920
dicked	2.480
dickens	3.520
dickerson	2.830
dickey	2.890
dickhead	3.250
dickheads	2.730
dickie	2.940
dicking	2.410
dickinson	3.420
dicks	3.630
dickson	3.340
dicky	2.730
dictate	3.580
dictated	3.390
dictates	3.320
dictating	2.930
dictation	2.710
dictator	3.660
dictatorial	2.910
dictators	3.180
dictatorship	3.640
dictatorships	2.790
diction	2.710
dictionaries	3.180
dictionary	4.020
dictum	2.450
did	5.960
didactic	2.740
diddy	2.970
didi	2.950
didier	3.030
didn	3.290
didn't	5.680
didnt	4.180
dido	2.650
didst	2.440
die	5.070
died	5.200
diego	4.360
diego's	2.690
diehard	2.810
diehl	2.460
dielectric	2.990
diem	3.040
dier	2.450
dies	4.410
diesel	4.050
diesels	2.620
diet	4.570
dietary	3.700
dieter	3.020
dietetics	2.460
dieting	3.130
dietitian	2.690
dietitians	2.400
dietrich	3.070
diets	3.660
dietz	2.660
dieu	2.750
dif	2.700
diff	3.200
differ	4.030
differed	3.280
difference	5.010
differences	4.520
different	5.590
differential	3.830
differentially	2.530
differentials	2.690
differentiate	3.620
differentiated	3.290
differentiates	2.810
differentiating	2.950
differentiation	3.490
differently	4.230
differing	3.610
differs	3.660
difficile	2.410
difficult	5.070
difficulties	4.210
difficulty	4.330
diffraction	3.050
diffuse	3.280
diffused	2.730
diffuser	2.780
diffusing	2.410
diffusion	3.400
dig	4.220
digby	2.790
digest	3.710
digested	3.010
digestible	2.680
digesting	2.750
digestion	3.310
digestive	3.460
digg	2.870
digger	3.170
diggers	2.930
diggin	2.470
digging	3.990
diggle	2.460
diggs	2.820
digi	2.630
digimon	2.800
digit	3.770
digital	4.830
digital camera	4.550
digitalisation	1.680
digitalise	0.000
digitalization	2.090
digitalize	1.200
digitally	3.450
digitization	2.520
digitized	2.910
digits	3.660
dignified	3.280
dignify	2.340
dignitaries	3.100
dignity	4.020
digress	2.760
digs	3.380
dijk	2.690
dijon	2.760
dike	2.850
dikes	2.550
dil	3.030
dilapidated	3.050
dilate	2.440
dilated	2.960
dilation	2.880
dilbert	2.460
dildo	3.400
dildos	2.790
dilemma	3.730
dilemmas	3.030
dili	2.430
diligence	3.510
diligent	3.230
diligently	3.130
dill	3.110
dillard	2.720
diller	2.510
dillinger	2.630
dillon	3.470
dilly	2.640
dilma	2.430
dilute	3.180
diluted	3.470
diluting	2.660
dilution	3.070
dim	3.620
dima	2.450
dimaggio	2.530
dime	3.660
dimension	4.020
dimensional	4.030
dimensionality	2.410
dimensions	4.050
dimer	2.550
dimes	2.930
dimethyl	2.510
diminish	3.460
diminished	3.670
diminishes	3.010
diminishing	3.380
diminution	2.400
diminutive	3.090
dimitar	2.410
dimitri	3.110
dimitrov	2.640
dimly	2.790
dimmed	2.750
dimmer	2.670
dimming	2.620
dimple	2.720
dimples	2.770
din	3.560
dina	3.090
dinah	3.130
dinar	2.580
dinars	2.540
dine	3.490
dined	2.980
diner	3.480
diners	3.130
dines	2.420
dinesh	2.760
ding	3.630
dingell	2.410
dinghy	2.830
dingle	2.650
dingo	2.750
dings	2.640
dingy	2.820
dinh	2.430
dining	4.140
dining room	4.120
dink	2.710
dinka	2.690
dinklage	2.400
dinky	2.630
dinner	4.780
dinners	3.530
dino	3.390
dinos	2.520
dinosaur	3.770
dinosaurs	3.720
dint	2.730
dio	3.110
diocesan	2.890
diocese	3.500
dioceses	2.730
diode	3.060
diodes	2.870
diogenes	2.510
dion	3.320
dionne	2.580
dionysius	2.560
dionysus	2.640
dior	3.150
diorama	2.490
dios	2.880
dioxide	3.810
dip	4.050
diphtheria	2.650
diplo	2.660
diploid	2.460
diploma	3.760
diplomacy	3.710
diplomas	3.010
diplomat	3.690
diplomatic	4.110
diplomatically	2.580
diplomats	3.530
dipole	2.810
dipped	3.540
dipper	2.830
dipping	3.480
dips	3.300
dipshit	2.830
diptera	2.490
dir	3.560
dirac	2.590
dire	3.660
direct	4.910
directed	4.600
directing	3.900
direction	4.930
direction's	2.450
directional	3.380
directions	4.230
directive	3.710
directives	3.210
directly	4.900
directness	2.480
director	5.150
director's	3.300
directorate	3.410
directorial	2.880
directories	3.190
directors	4.450
directorship	2.400
directory	3.930
directs	3.580
directv	2.930
directx	2.530
dirk	3.430
dirt	4.240
dirtbag	2.600
dirtier	2.600
dirtiest	2.770
dirty	4.550
dis	3.730
disabilities	3.930
disability	4.210
disable	3.520
disabled	4.290
disables	2.550
disabling	3.180
disadvantage	3.710
disadvantaged	3.490
disadvantages	3.490
disaffected	2.750
disaffection	2.400
disagree	4.090
disagreeable	2.730
disagreed	3.490
disagreeing	2.900
disagreement	3.660
disagreements	3.380
disagrees	3.250
disallow	2.570
disallowed	3.080
disappear	4.090
disappearance	3.740
disappearances	2.820
disappeared	4.260
disappearing	3.600
disappears	3.670
disappoint	3.670
disappointed	4.420
disappointing	4.020
disappointingly	2.480
disappointment	4.010
disappointments	3.120
disappoints	2.760
disapproval	3.280
disapprove	3.120
disapproved	2.940
disapproves	2.630
disapproving	2.730
disarm	3.210
disarmament	3.170
disarmed	2.980
disarming	2.840
disarray	2.960
disassemble	2.580
disassembled	2.680
disassembly	2.520
disaster	4.390
disasters	3.760
disastrous	3.680
disastrously	2.470
disavow	2.600
disavowed	2.560
disband	2.870
disbanded	3.150
disbanding	2.490
disbarred	2.500
disbelief	3.430
disbelieve	2.510
disbursed	2.500
disbursement	2.710
disbursements	2.450
disc	4.130
disc jockey	3.460
discard	3.370
discarded	3.590
discarding	2.870
discards	2.580
discern	3.230
discerned	2.560
discernible	2.970
discerning	3.020
discernment	2.790
discharge	3.930
discharged	3.760
discharges	3.060
discharging	2.970
disciple	3.380
disciples	3.660
discipleship	2.500
disciplinary	3.750
discipline	4.230
disciplined	3.510
disciplines	3.690
disciplining	2.620
disclaim	2.430
disclaimer	3.460
disclaimers	2.450
disclose	3.840
disclosed	3.800
discloses	2.870
disclosing	3.190
disclosure	4.000
disclosures	3.270
disco	3.780
discography	3.030
discoloration	2.810
discolored	2.490
discomfort	3.650
disconcerting	2.950
disconnect	3.460
disconnected	3.520
disconnecting	2.670
disconnection	2.660
disconnects	2.650
discontent	3.370
discontented	2.490
discontinuation	2.630
discontinue	3.110
discontinued	3.630
discontinuing	2.580
discontinuity	2.500
discontinuous	2.640
discord	3.450
discordant	2.600
discos	2.440
discount	4.350
discounted	3.580
discounting	3.000
discounts	3.790
discourage	3.570
discouraged	3.620
discouragement	2.530
discourages	2.830
discouraging	3.220
discourse	3.830
discourses	2.970
discover	4.390
discovered	4.740
discoverer	2.700
discoveries	3.730
discovering	3.820
discovers	3.620
discovery	4.450
discredit	3.360
discredited	3.150
discrediting	2.610
discreet	3.430
discreetly	3.040
discrepancies	3.190
discrepancy	3.290
discrete	3.560
discretion	3.900
discretionary	3.260
discriminate	3.510
discriminated	3.240
discriminates	2.570
discriminating	3.140
discrimination	4.310
discriminatory	3.460
discs	3.600
discursive	2.530
discus	2.760
discuss	4.660
discussed	4.450
discusses	3.930
discussing	4.230
discussion	4.710
discussions	4.280
discworld	2.400
disdain	3.330
disdainful	2.350
disease	4.900
diseased	3.110
diseases	4.360
disembark	2.680
disembarked	2.560
disembodied	2.730
disenchanted	2.660
disenchantment	2.460
disenfranchised	2.900
disenfranchisement	2.490
disengage	2.900
disengaged	2.820
disengagement	2.720
disfigured	2.930
disfigurement	2.460
disgrace	3.730
disgraced	3.170
disgraceful	3.330
disgruntled	3.110
disguise	3.720
disguised	3.560
disguises	2.930
disguising	2.710
disgust	3.610
disgusted	3.570
disgusting	4.230
disgustingly	2.570
disgusts	2.680
dish	4.210
disheartened	2.750
disheartening	2.860
dished	2.610
dishes	4.130
disheveled	2.540
dishing	2.720
dishonest	3.520
dishonesty	3.170
dishonor	2.880
dishonorable	2.680
dishonored	2.730
dishonour	2.710
dishwasher	3.290
dishwashers	2.460
disillusion	2.430
disillusioned	3.180
disillusionment	2.820
disinfect	2.550
disinfectant	2.810
disinfected	2.460
disinfecting	2.440
disinfection	2.670
disinformation	2.960
disingenuous	2.950
disintegrate	2.880
disintegrated	2.960
disintegrates	2.410
disintegrating	2.720
disintegration	3.020
disinterest	2.560
disinterested	2.910
disjoint	2.480
disjointed	2.880
disk	4.010
disk jockey	3.440
disks	3.390
dislike	3.890
disliked	3.410
dislikes	3.230
disliking	2.630
dislocated	3.030
dislocation	2.870
dislocations	2.480
dislodge	2.790
dislodged	2.700
disloyal	2.840
disloyalty	2.620
dismal	3.260
dismally	2.100
dismantle	3.240
dismantled	3.310
dismantling	3.240
dismay	3.260
dismayed	2.960
dismembered	2.790
dismemberment	2.630
dismiss	3.850
dismissal	3.720
dismissals	2.690
dismissed	4.200
dismisses	3.100
dismissing	3.390
dismissive	3.050
dismount	2.610
dismounted	2.600
disney	4.390
disney's	3.440
disneyland	3.480
disobedience	3.280
disobedient	2.670
disobey	2.830
disobeyed	2.690
disobeying	2.690
disorder	4.310
disordered	2.980
disorderly	3.150
disorders	4.140
disorganised	2.370
disorganized	3.000
disorientation	2.690
disoriented	2.900
disorienting	2.490
disown	2.720
disowned	2.840
disparage	2.580
disparaged	2.410
disparagement	2.160
disparaging	2.880
disparagingly	2.090
disparate	3.260
disparities	3.190
disparity	3.420
dispassionate	2.530
dispatch	3.760
dispatched	3.610
dispatcher	3.080
dispatchers	2.540
dispatches	3.080
dispatching	2.820
dispel	3.100
dispelled	2.650
dispelling	2.410
dispensable	2.190
dispensaries	2.910
dispensary	3.090
dispensation	2.850
dispense	3.110
dispensed	2.990
dispenser	3.030
dispensers	2.650
dispenses	2.510
dispensing	3.090
dispersal	3.140
disperse	3.300
dispersed	3.500
dispersing	2.780
dispersion	3.180
displace	2.970
displaced	3.800
displacement	3.630
displacements	2.520
displaces	2.530
displacing	2.900
display	4.630
displayed	4.180
displaying	3.680
displays	4.070
displeased	2.970
displeasure	3.140
disposable	3.570
disposal	4.000
disposals	2.780
dispose	3.530
disposed	3.550
disposing	3.020
disposition	3.480
dispositions	2.690
dispossessed	2.750
disproportionate	3.340
disproportionately	3.300
disprove	2.930
disproved	2.720
dispute	4.270
disputed	3.760
disputes	3.960
disputing	2.890
disqualification	3.110
disqualified	3.440
disqualify	2.940
disqualifying	2.580
disquiet	2.500
disquieting	2.330
disraeli	2.680
disregard	3.660
disregarded	3.090
disregarding	2.960
disregards	2.550
disrepair	2.790
disreputable	2.470
disrepute	2.530
disrespect	3.630
disrespected	2.930
disrespectful	3.640
disrespecting	2.910
disrupt	3.590
disrupted	3.440
disrupting	3.240
disruption	3.710
disruptions	3.060
disruptive	3.460
disruptor	2.410
disrupts	2.870
diss	3.140
dissapointed	2.540
dissatisfaction	3.320
dissatisfied	3.310
dissect	2.900
dissected	2.910
dissecting	2.750
dissection	3.010
dissed	2.410
dissemble	1.860
disseminate	3.030
disseminated	3.000
disseminating	2.830
dissemination	3.260
dissension	2.550
dissent	3.560
dissented	2.560
dissenters	2.880
dissenting	3.200
dissertation	3.700
dissertations	2.790
disservice	2.920
dissident	3.100
dissidents	3.090
dissimilar	3.010
dissing	2.590
dissipate	2.950
dissipated	3.070
dissipates	2.540
dissipating	2.510
dissipation	2.810
dissociate	2.460
dissociated	2.420
dissociation	2.840
dissociative	2.710
dissolution	3.610
dissolve	3.490
dissolved	3.870
dissolves	3.000
dissolving	3.080
dissonance	3.020
dissonant	2.520
dissuade	3.010
dissuaded	2.560
dist	2.910
distal	3.270
distance	4.850
distanced	2.990
distances	3.830
distancing	3.060
distant	4.190
distantly	2.670
distaste	2.920
distasteful	2.990
distill	2.470
distillation	3.010
distilled	3.260
distiller	2.470
distilleries	2.720
distillers	2.660
distillery	3.220
distilling	2.720
distinct	4.290
distinction	4.100
distinctions	3.310
distinctive	4.000
distinctively	2.760
distinctiveness	2.430
distinctly	3.530
distinguish	3.870
distinguishable	2.870
distinguished	4.200
distinguishes	3.160
distinguishing	3.350
distort	3.080
distorted	3.630
distorting	2.890
distortion	3.550
distortions	3.040
distorts	2.720
distract	3.710
distracted	3.880
distracting	3.430
distraction	3.780
distractions	3.450
distracts	2.810
distraught	3.150
distress	3.950
distressed	3.570
distressing	3.200
distribute	3.790
distributed	4.310
distributes	3.150
distributing	3.580
distribution	4.640
distributions	3.510
distributive	2.550
distributor	3.660
distributors	3.600
district	5.040
district's	3.250
districts	4.310
distro	2.450
distrust	3.400
distrusted	2.480
distrustful	2.600
disturb	3.560
disturbance	3.610
disturbances	3.340
disturbed	3.800
disturbing	4.050
disturbingly	2.650
disturbs	2.830
disulfide	2.570
disunity	2.450
disuse	2.590
disused	2.890
dit	2.850
dita	2.400
ditch	3.900
ditched	3.270
ditches	3.100
ditching	3.060
dither	2.110
ditto	3.380
ditty	2.580
diuretic	2.610
diuretics	2.440
diurnal	2.690
div	3.370
diva	3.420
divan	2.530
divas	3.050
dive	4.120
dived	2.970
diver	3.410
diverge	2.830
diverged	2.760
divergence	3.170
divergent	3.380
diverging	2.710
divers	3.630
diverse	4.240
diversification	3.220
diversified	3.440
diversify	3.160
diversifying	2.740
diversion	3.510
diversions	2.910
diversity	4.320
divert	3.420
diverted	3.490
diverting	3.080
diverts	2.540
dives	3.300
divest	2.880
divested	2.620
divestment	2.670
divi	2.540
divide	4.120
divided	4.470
dividend	3.820
dividends	3.700
divider	2.810
dividers	2.510
divides	3.450
dividing	3.630
divination	2.890
divine	4.240
divinely	2.720
diving	4.020
divinity	3.450
divisible	2.690
division	4.860
division's	2.760
divisional	3.270
divisions	4.110
divisive	3.340
divisor	2.420
divorce	4.360
divorced	4.040
divorcee	2.480
divorces	3.040
divorcing	2.980
divulge	2.930
divulged	2.520
divya	2.670
diwali	2.910
dix	3.060
dixie	3.370
dixit	2.530
dixon	3.730
dixon's	2.420
diy	3.800
diya	2.480
dizziness	3.110
dizzy	3.430
dizzying	2.670
dj	4.230
dj's	2.780
django	3.100
dji	2.810
djibouti	2.770
djing	2.630
djinn	2.470
djokovic	3.220
djs	3.480
dk	3.340
dl	3.670
dla	2.760
dlc	3.420
dll	2.620
dlp	2.550
dlr	2.630
dm	3.880
dm's	2.480
dma	2.750
dmc	3.000
dmca	2.700
dmd	2.510
dme	2.450
dmg	2.600
dming	2.400
dmitri	2.900
dmitry	3.170
dmk	2.440
dms	3.080
dmt	2.590
dmv	3.240
dmx	2.630
dmz	2.620
dn	2.950
dna	4.490
dnb	2.610
dnc	3.580
dnd	2.940
dnf	2.450
dnp	2.570
dnr	2.760
dns	3.240
do	6.350
do's	2.740
doa	2.760
doable	3.050
doan	2.470
doane	2.420
dob	2.650
dobbins	2.400
dobbs	3.080
dobby	2.630
doberman	2.500
dobson	3.120
doc	4.360
doc's	2.520
docile	2.930
docilely	1.190
dock	3.990
docked	3.200
docker	2.980
dockers	2.580
docket	2.980
docking	3.310
docklands	2.640
docks	3.560
dockyard	2.730
docs	3.500
doctor	4.900
doctor's	3.710
doctoral	3.550
doctorate	3.380
doctorates	2.570
doctored	2.730
doctors	4.550
doctrinal	2.930
doctrine	3.980
doctrines	3.290
docu	2.540
document	4.500
documentaries	3.480
documentary	4.310
documentation	3.950
documented	4.000
documenting	3.440
documents	4.640
dod	3.340
dodd	3.360
dodds	2.710
dodge	3.930
dodgeball	2.660
dodged	3.120
dodger	3.260
dodgers	3.860
dodges	2.660
dodging	3.310
dodgy	3.320
dodo	2.880
dodson	2.710
doe	3.840
doer	2.650
doers	2.620
does	5.740
doesn	3.220
doesn't	5.530
doesnt	4.050
dof	2.450
dog	5.100
dog's	3.610
doge	2.970
dogecoin	2.510
dogfight	2.580
dogg	3.150
dogged	2.970
doggett	2.510
doggie	3.000
doggies	2.530
dogging	2.680
doggo	2.890
doggy	3.330
doghouse	2.570
dogma	3.270
dogmas	2.460
dogmatic	2.930
dogs	4.770
dogwood	2.560
doh	2.940
doha	3.180
doherty	3.210
doi	3.270
doin	3.800
doing	5.600
doings	2.790
doj	3.290
dojo	2.990
dol	2.890
dolan	3.260
dolby	2.960
dolce	3.070
doldrums	2.430
dole	3.330
dole out	3.330
doll	4.060
doll's	2.600
dolla	2.470
dollar	4.590
dollars	4.780
dolled	2.440
dollhouse	2.800
dollop	2.620
dolls	3.810
dolly	3.540
dolomite	2.640
dolomites	2.490
dolores	3.260
dolph	2.820
dolphin	3.670
dolphins	3.880
dom	3.780
doma	2.480
domain	4.310
domaine	2.470
domains	3.720
dome	3.900
domed	2.850
domenico	2.770
domes	3.000
domesday	2.500
domestic	4.690
domestically	3.260
domesticate	2.090
domesticated	3.170
domestication	2.740
domesticity	2.360
domicile	2.750
domiciled	2.560
dominance	3.830
dominant	4.230
dominantly	2.230
dominate	3.870
dominated	4.180
dominates	3.400
dominating	3.580
domination	3.700
dominatrix	2.640
domineering	2.690
domingo	3.210
dominguez	2.780
domini	2.610
dominic	3.610
dominica	2.930
dominican	3.650
dominicans	2.740
dominick	2.740
dominion	3.660
dominions	2.750
dominique	3.210
domino	3.230
domino's	2.900
dominoes	2.830
dominos	2.690
dominus	2.550
domo	2.540
doms	2.400
don	4.600
don's	2.710
don't	6.200
don'ts	2.750
dona	2.940
donaghy	2.400
donahue	2.820
donal	2.590
donald	4.460
donald's	2.660
donaldson	3.290
donate	4.040
donated	4.060
donatello	2.620
donates	2.940
donating	3.590
donation	4.000
donations	4.100
donbass	2.670
doncaster	3.380
done	5.580
donegal	2.940
donetsk	3.100
dong	3.790
dongle	2.620
donkey	3.620
donkeys	3.060
donna	3.840
donne	2.750
donned	2.800
donnell	2.530
donnelly	3.230
donner	2.840
donnie	3.380
donning	2.740
donny	3.250
dono	2.450
donohue	2.620
donor	3.920
donor's	2.410
donors	3.830
donovan	3.590
donovan's	2.420
dons	3.150
dont	4.740
donut	3.310
donuts	3.450
doo	3.620
doobie	2.510
doodle	3.290
doodles	2.820
doodling	2.500
doofus	2.500
dooku	2.430
dooley	2.950
doolittle	2.890
doom	3.810
doomed	3.770
doomsday	3.180
doon	2.630
door	5.080
doorbell	3.050
doorkeeper	2.060
doorknob	2.650
doorman	2.790
doormat	2.650
doors	4.540
doorstep	3.500
doorway	3.510
doorways	2.940
doozy	2.480
dop	2.450
dopamine	3.370
dope	3.900
doped	2.940
dopey	2.680
doping	3.470
doppelganger	2.610
doppler	3.130
dor	2.780
dora	3.410
dorado	3.030
doran	2.950
dorcas	2.420
dorchester	3.060
dordrecht	2.580
dore	2.590
doreen	2.910
doren	2.400
dorfman	2.480
dori	2.510
dorian	3.170
doric	2.520
doris	3.580
doritos	2.940
dork	3.100
dorks	2.590
dorky	2.720
dorm	3.580
dorman	2.630
dormancy	2.460
dormant	3.410
dormer	2.720
dormitories	2.840
dormitory	3.120
dorms	2.990
dorn	2.710
dornan	2.560
dorothea	2.740
dorothy	3.780
dorsal	3.450
dorset	3.460
dorsett	2.420
dorsey	3.060
dorsum	2.470
dortmund	3.390
dory	3.100
dos	3.690
dosage	3.520
dosages	2.800
dose	4.200
dosed	2.620
dosent	2.420
doses	3.780
dosing	2.970
doss	2.530
dossier	3.290
dost	2.920
dostoevsky	2.510
dostoyevsky	2.460
dot	4.050
dota	2.910
dotcom	2.550
doth	3.140
dothraki	2.470
doting	2.520
dots	3.760
dotted	3.410
dottie	2.570
dotty	2.500
dou	2.640
double	5.010
doubled	3.890
doubleday	2.930
doubleheader	2.570
doubles	3.890
doubling	3.610
doubly	3.170
doubt	4.900
doubted	3.440
doubters	2.700
doubtful	3.520
doubting	3.310
doubtless	3.090
doubts	3.950
douche	3.370
douchebag	2.890
doug	4.020
dougal	2.430
dough	3.860
dougherty	2.820
doughnut	3.170
doughnuts	3.150
doughty	2.830
dougie	2.990
douglas	4.210
douglass	3.170
dour	2.550
douse	2.590
doused	2.620
dov	2.640
dove	3.670
dover	3.570
doves	3.100
dovetail	2.430
dovey	2.540
dow	3.630
dowager	2.850
dowd	2.900
dowdy	2.410
dower	2.420
dowling	2.840
down	5.880
down's	2.540
downbeat	2.500
downcast	2.400
downed	3.300
downer	3.060
downers	2.580
downes	2.690
downey	3.250
downfall	3.540
downfield	2.580
downforce	2.500
downgrade	3.230
downgraded	3.140
downgrades	2.480
downgrading	2.590
downhill	3.660
downie	2.550
downing	3.440
download	4.680
downloadable	3.160
downloaded	3.830
downloading	3.700
downloads	3.630
downplay	2.910
downplayed	2.720
downplaying	2.630
downpour	2.830
downright	3.380
downriver	2.460
downs	3.930
downside	3.540
downsides	2.810
downsize	2.650
downsized	2.580
downsizing	2.890
downstairs	3.720
downstream	3.620
downtime	3.200
downton	2.930
downtown	4.400
downtrodden	2.670
downturn	3.190
downward	3.710
downwards	3.200
downwind	2.660
downy	2.600
dowry	3.130
dox	2.550
doyle	3.740
doyle's	2.630
doze	2.640
dozed	2.530
dozen	4.350
dozens	4.130
dozier	2.550
dozing	2.590
doña	2.490
dp	3.510
dpa	2.610
dpi	2.840
dpm	2.480
dpp	2.780
dpr	2.650
dprk	2.890
dps	3.140
dq	2.840
dr	5.240
dr.	5.240
dra	2.520
drab	3.010
drabness	1.350
draco	3.040
draconian	2.880
dracula	3.340
draft	4.610
drafted	3.910
drafting	3.660
drafts	3.580
draftsman	2.540
drag	4.290
dragged	4.000
dragging	3.820
dragnet	2.480
drago	2.660
dragon	4.410
dragon's	3.100
dragonball	2.600
dragonflies	2.550
dragonfly	3.030
dragons	4.100
dragoon	2.650
dragoons	2.700
drags	3.240
drain	4.070
drainage	3.770
drained	3.690
draining	3.550
drains	3.550
drake	3.960
drake's	2.910
drakes	2.570
dram	2.940
drama	4.670
dramas	3.550
dramatic	4.410
dramatically	3.950
dramatics	2.490
dramatist	2.800
dramatists	2.580
dramatization	2.430
dramatized	2.590
drank	3.950
drape	2.740
draped	3.180
draper	3.290
drapery	2.620
drapes	2.910
drastic	3.630
drastically	3.650
draught	3.080
draughts	2.510
draughtsman	2.420
draw	4.810
drawback	3.210
drawbacks	3.210
drawbridge	2.610
drawdown	2.620
drawer	3.780
drawers	3.420
drawing	4.580
drawings	4.040
drawl	2.480
drawn	4.530
draws	4.100
drawstring	2.630
drax	2.740
dray	2.440
draymond	2.880
drayton	2.840
drc	2.970
dre	3.430
dread	3.640
dreaded	3.350
dreadful	3.660
dreadfully	2.700
dreading	2.990
dreadlocks	2.620
dreadnought	2.620
dreads	2.840
dream	4.910
dreamcast	2.640
dreamed	3.750
dreamer	3.280
dreamers	3.090
dreamin	2.520
dreaming	3.940
dreamland	2.750
dreamlike	2.520
dreams	4.590
dreamt	3.330
dreamworks	2.950
dreamy	3.230
dreary	3.080
dred	2.430
dredd	2.690
dredge	3.040
dredged	2.700
dredging	3.120
dregs	2.620
drenched	3.230
dresden	3.250
dress	4.760
dressage	2.800
dressed	4.420
dresser	3.360
dressers	2.520
dresses	4.050
dressing	4.170
dressings	2.950
dressmaker	2.460
dressy	2.430
drew	4.460
drew's	2.430
drexel	2.870
dreyfus	3.060
dreyfuss	2.480
drg	2.570
dri	2.660
dribble	3.060
dribbles	2.540
dribbling	2.920
dried	4.040
drier	3.190
dries	3.200
driest	2.770
drift	3.820
drifted	3.410
drifter	2.830
drifters	2.530
drifting	3.550
drifts	2.980
driftwood	2.720
drill	4.090
drilled	3.510
drillers	2.500
drilling	3.930
drills	3.590
drink	4.900
drinkable	2.590
drinker	3.180
drinkers	3.130
drinkin	2.740
drinking	4.710
drinks	4.430
drinkwater	2.540
drip	3.580
dripped	2.560
dripping	3.480
drips	2.850
driscoll	3.030
drive	5.130
drivel	2.720
driven	4.540
driver	4.750
driver's	3.780
driver's license	3.710
driverless	2.820
drivers	4.560
drives	4.280
drivetrain	2.570
driveway	3.650
driveways	2.620
drivin	2.610
driving	4.900
driving licence	3.920
drizzle	3.150
drm	2.900
dro	2.410
drogba	2.790
droid	3.230
droids	2.830
droit	2.500
droll	2.580
drone	4.000
drones	3.780
droning	2.530
drool	3.040
drooling	3.050
droop	2.510
drooping	2.590
droopy	2.500
drop	4.990
dropbox	3.100
dropkick	2.410
droplet	2.740
droplets	3.100
dropout	3.080
dropouts	2.660
dropped	4.730
dropper	2.570
dropping	4.330
droppings	2.820
drops	4.330
drosophila	2.880
drought	3.900
droughts	2.990
drove	4.360
droves	2.930
drown	3.680
drowned	3.740
drowning	3.770
drowns	2.840
drowsiness	2.670
drowsy	2.820
drs	3.210
dru	2.600
drucker	2.780
drudge	2.610
drudgery	2.580
drug	4.870
drugged	3.240
drugging	2.610
drugs	4.770
drugstore	3.070
druid	2.990
druids	2.840
drum	4.110
drummed	2.520
drummer	3.680
drummers	2.880
drumming	3.220
drummond	3.220
drumpf	2.400
drums	3.930
drumsticks	2.490
drunk	4.610
drunkard	2.740
drunken	3.660
drunkenly	2.630
drunkenness	2.890
drunks	2.930
drupal	2.580
drury	2.970
druze	2.570
dry	4.740
dryden	2.920
dryer	3.540
dryers	2.760
drying	3.740
dryness	2.930
drysdale	2.500
drywall	2.900
ds	3.760
dsa	2.650
dsc	2.900
dsi	2.600
dsl	2.810
dslr	3.010
dsm	3.140
dsp	2.940
dss	2.910
dst	2.740
dt	3.560
dtc	2.440
dtm	2.410
dts	2.810
du	4.210
dua	2.710
dual	4.280
dualism	2.600
duality	3.130
duane	3.190
duarte	2.700
dub	3.640
dubai	4.080
dubai's	2.430
dubbed	3.810
dubbing	2.770
dube	2.450
dubious	3.490
dubiously	2.090
dublin	4.080
dublin's	2.480
dubois	3.170
dubrovnik	2.680
dubs	3.010
dubstep	3.030
dubuque	2.770
duc	2.800
ducati	2.850
ducats	2.580
duce	2.510
duchamp	2.500
duchess	3.760
duchy	3.000
duck	4.210
duck's	2.400
ducked	3.010
ducking	3.050
duckling	2.660
ducklings	2.540
ducks	3.900
duckworth	2.790
ducky	2.680
duct	3.580
ductile	2.420
ducts	3.110
dud	2.990
duda	2.480
dude	4.810
dude's	2.960
dudes	3.950
dudley	3.490
duds	2.740
due	5.350
duel	3.650
dueling	2.840
duelling	2.420
duels	2.870
dues	3.380
duet	3.430
duets	2.790
duff	3.360
duffel	2.730
duffield	2.470
duffle	2.480
duffy	3.410
dufour	2.400
dug	3.860
dugan	2.860
dugdale	2.540
duggan	2.900
duggar	2.520
dugout	3.030
duh	3.600
dui	3.350
duk	2.420
dukakis	2.440
duke	4.450
duke's	3.060
dukes	3.230
dulce	2.670
dull	3.940
dulled	2.520
duller	2.450
dulles	3.050
duluth	3.170
dulwich	2.580
duly	3.440
dum	3.160
duma	2.970
dumas	2.890
dumb	4.540
dumbarton	2.760
dumbass	3.570
dumbasses	2.580
dumbbell	2.630
dumbbells	2.460
dumber	3.140
dumbest	3.380
dumbfounded	2.750
dumbing	2.430
dumbledore	3.040
dumbo	2.730
dumfries	3.010
dummies	3.230
dummy	3.640
dumont	2.800
dump	4.080
dumped	3.900
dumping	3.670
dumpling	2.670
dumplings	3.000
dumps	3.350
dumpster	3.510
dumpsters	2.550
dumpty	2.500
dun	3.330
dunaway	2.490
dunbar	3.230
duncan	4.020
duncan's	2.680
dunce	2.500
dundalk	2.550
dundas	2.830
dundee	3.600
dune	3.280
dunedin	2.950
dunes	3.370
dunfermline	2.790
dung	3.230
dungeon	3.570
dungeons	3.310
dunham	3.290
dunhill	2.430
dunk	3.540
dunked	2.660
dunkin	2.910
dunking	2.690
dunkirk	3.140
dunks	2.800
dunlap	2.820
dunlop	3.090
dunn	3.670
dunne	3.030
dunning	2.850
dunno	3.760
dunphy	2.490
dunstan	2.710
duo	4.080
duo's	2.550
duomo	2.440
duopoly	2.440
duos	2.820
dup	3.020
dupe	2.780
duped	3.080
duper	2.880
dupes	2.480
duplex	3.130
duplicate	3.590
duplicated	3.080
duplicates	3.050
duplicating	2.600
duplication	3.160
duplicitous	2.410
duplicity	2.510
dupont	3.270
dupree	2.670
duquesne	2.610
dur	2.740
dura	2.690
durability	3.450
durable	3.680
duran	3.120
durand	2.830
durango	2.920
durant	3.490
durante	2.600
duration	4.140
durations	2.710
durban	3.240
durbin	2.770
durch	2.460
duress	3.020
durga	2.720
durham	3.780
durian	2.580
during	5.720
durkin	2.430
durst	2.700
dusk	3.440
dusky	2.830
dusseldorf	2.540
dust	4.410
dustbin	2.560
dusted	3.110
duster	2.780
dustin	3.430
dusting	3.100
dusty	3.670
dutch	4.410
dutchess	2.560
dutchman	3.060
duterte	2.930
duties	4.320
dutiful	2.630
dutifully	2.670
dutt	2.680
dutta	2.400
dutton	3.200
duty	4.710
duty-free	4.660
duval	3.060
duvall	2.700
duvet	2.990
dv	3.110
dva	2.500
dvd	4.250
dvd's	2.420
dvds	3.460
dvi	2.520
dvorak	2.570
dvr	3.070
dw	3.250
dwarf	3.750
dwarfed	2.690
dwarfism	2.380
dwarfs	3.170
dwarves	3.140
dwayne	3.350
dwell	3.570
dweller	2.770
dwellers	3.280
dwelling	3.740
dwellings	3.380
dwells	2.870
dwelt	2.650
dwi	2.640
dwight	3.740
dwindle	2.610
dwindled	2.920
dwindling	3.090
dwp	2.600
dwts	2.470
dwyane	2.690
dwyer	3.060
dx	3.240
dy	2.980
dyck	2.510
dye	3.820
dyed	3.430
dyeing	2.930
dyer	3.350
dyes	3.290
dyin	2.520
dying	4.630
dyke	3.370
dykes	2.890
dylan	4.050
dylan's	2.970
dynamic	4.310
dynamical	2.910
dynamically	3.030
dynamics	4.080
dynamism	2.810
dynamite	3.590
dynamo	3.160
dynamos	2.440
dynastic	2.770
dynasties	2.970
dynasty	3.870
dysentery	2.800
dysfunction	3.520
dysfunctional	3.360
dyslexia	3.020
dyslexic	2.720
dyson	3.230
dysphoria	2.570
dysplasia	2.670
dystopia	2.720
dystopian	3.190
dystrophy	2.830
dz	2.860
décor	2.610
déjà	2.670
díaz	2.580
düsseldorf	2.640
e	5.280
e's	2.820
e-mail	4.610
e.a	2.440
e.b	2.460
e.e	2.400
e.g	4.530
e.j	2.600
e.p	2.450
e.r	2.690
e.t	2.810
e.u	2.470
e00	3.570
e000	3.220
e0000	2.730
e1	2.960
e2	3.030
e3	3.320
e4	2.870
e5	2.750
e6	2.580
e7	2.520
ea	3.810
eac	2.660
each	5.690
each other	5.560
eachother	3.240
ead	2.470
eads	2.540
eager	4.030
eagerly	3.490
eagerness	2.900
eagle	4.130
eagle's	2.650
eagles	4.220
ealing	2.810
eames	2.790
eamon	2.640
eamonn	2.500
eap	2.490
ear	4.430
earache	2.140
earbuds	3.060
eardrum	2.430
eardrums	2.420
eared	2.840
earhart	2.630
earl	4.180
earl's	2.620
earle	3.080
earlier	4.980
earliest	4.090
earls	2.870
early	5.430
earmarked	3.000
earn	4.480
earned	4.550
earner	2.940
earners	3.230
earnest	3.660
earnestly	2.870
earnhardt	2.810
earning	4.230
earnings	4.270
earns	3.560
earp	2.740
earphone	2.490
earphones	2.980
earpiece	2.710
earplugs	2.630
earring	3.080
earrings	3.620
ears	4.360
earshot	2.630
earth	5.060
earth's	3.830
earthbound	2.540
earthen	2.840
earthenware	2.520
earthlings	2.530
earthly	3.320
earthquake	4.150
earthquakes	3.620
earths	3.040
earthworks	2.470
earthworm	2.420
earthworms	2.550
earthy	3.020
eas	2.800
ease	4.340
eased	3.250
easel	2.680
easement	2.790
easements	2.460
eases	2.930
easier	4.760
easiest	3.920
easily	4.910
easing	3.250
eason	2.480
east	5.160
east's	2.480
eastbound	3.050
eastbourne	2.890
eastenders	3.170
easter	4.120
easterly	2.950
eastern	4.780
eastlake	2.430
eastleigh	2.490
eastman	3.160
easton	3.290
eastside	2.830
eastward	3.240
eastwards	2.680
eastwood	3.290
easy	5.290
easy-going	5.200
easygoing	2.650
easyjet	2.460
eat	5.130
eaten	4.130
eater	3.420
eateries	2.720
eaters	3.320
eatery	2.780
eatin	2.760
eating	4.850
eaton	3.420
eats	3.950
eau	3.150
eaves	2.850
eavesdrop	2.480
eavesdropping	2.860
eazy	2.600
eb	3.280
eba	2.500
ebay	4.040
ebb	3.040
ebbing	2.420
eben	2.650
ebenezer	2.890
eberhard	2.420
ebert	2.960
ebitda	2.790
ebola	3.620
ebony	3.340
ebook	3.710
ebooks	3.360
ebs	2.460
ebt	2.430
ec	3.700
eca	2.480
ecb	3.040
ecc	2.750
eccentric	3.580
eccentrically	1.860
eccentricities	2.480
eccentricity	2.840
ecchi	2.420
eccles	2.840
ecclesiastes	2.530
ecclesiastical	3.490
eccleston	2.420
ecco	2.400
ece	2.760
ecf	2.460
ecg	2.870
echelon	2.930
echelons	2.700
echo	4.040
echoed	3.400
echoes	3.590
echoing	3.370
echolocate	1.090
echolocation	2.330
echr	2.550
ecj	2.480
eck	2.510
eckert	2.610
eckhart	2.640
eclampsia	2.420
eclectic	3.370
eclectically	1.350
eclipse	3.810
eclipsed	2.990
eclipses	2.860
eclipsing	2.570
ecliptic	2.450
ecm	2.890
eco	3.710
ecole	2.730
ecological	3.780
ecologically	2.800
ecologist	2.670
ecologists	2.590
ecology	3.740
ecommerce	3.300
econ	3.110
econometric	2.530
econometrics	2.530
economic	5.100
economical	3.590
economically	3.830
economics	4.420
economies	3.890
economise	1.600
economist	3.870
economists	3.760
economize	2.000
economy	4.870
ecosystem	3.780
ecosystems	3.520
ecotourism	2.430
ecowas	2.480
ecr	2.600
ecs	2.680
ecstasy	3.480
ecstatic	3.370
ecstatically	2.030
ect	3.130
ectopic	2.660
ecu	3.040
ecuador	3.640
ecuadorian	2.860
ecumenical	3.000
ecw	2.630
eczema	3.070
ed	4.790
ed's	2.870
eda	2.720
edc	2.940
edd	2.850
eddie	4.140
eddie's	2.610
eddies	2.440
eddy	3.470
edelman	3.030
edema	2.950
eden	3.820
eder	2.480
edf	2.710
edgar	3.790
edgardo	2.440
edgbaston	2.490
edge	4.740
edged	3.550
edgerton	2.620
edges	4.090
edgewater	2.530
edgewood	2.560
edgeworth	2.440
edging	3.150
edgy	3.390
edi	2.910
edible	3.630
edibles	2.860
edict	3.100
edicts	2.670
edie	2.920
edification	2.290
edifice	2.930
edify	1.960
edifying	2.440
edin	2.590
edinburgh	4.280
edinburgh's	2.580
edison	3.570
edit	4.300
edited	4.310
edith	3.570
editing	4.270
edition	4.800
editions	3.850
editor	4.620
editor's	3.120
editorial	4.110
editorials	3.020
editors	4.040
editorship	2.460
edits	3.440
edl	2.580
edm	3.210
edmond	3.100
edmonds	2.950
edmondson	2.680
edmonton	3.640
edmund	3.630
edmunds	2.980
edn	2.630
edna	3.290
edo	3.210
edouard	2.770
edp	2.610
eds	3.760
edson	2.590
edt	3.490
edu	2.930
eduard	2.760
eduardo	3.340
educate	3.920
educated	4.290
educates	2.660
educating	3.580
education	5.280
education's	2.540
educational	4.600
educations	2.570
educator	3.550
educators	3.820
edvard	2.580
edward	4.520
edward's	2.770
edwardian	2.960
edwards	4.040
edwin	3.650
edwina	2.710
ee	3.610
eea	2.770
eec	2.700
eee	2.710
eeg	3.010
eek	2.680
eel	3.230
eels	3.180
een	2.920
eeoc	2.670
eerie	3.330
eerily	2.880
eevee	2.560
ef	3.280
efe	2.560
eff	3.390
effect	5.020
effected	3.310
effecting	2.870
effective	4.890
effectively	4.490
effectiveness	4.050
effector	2.610
effects	4.890
effeminate	2.720
effervescent	2.510
efficacious	2.550
efficacy	3.680
efficiencies	3.190
efficiency	4.380
efficient	4.420
efficiently	3.790
effie	2.750
effigies	2.500
effigy	2.810
effing	2.750
effluent	2.670
effort	4.920
effortless	3.140
effortlessly	3.220
efforts	4.770
effusion	2.410
effusive	2.450
efi	2.630
efl	2.940
efron	2.730
eft	2.550
eg	3.620
egalitarian	3.060
egalitarianism	2.520
egan	3.130
egbert	2.500
egerton	2.580
egg	4.460
egged	2.490
egging	2.450
eggman	2.410
eggnog	2.410
eggplant	3.010
eggs	4.500
eggshell	2.470
eggshells	2.440
ego	4.020
egocentric	2.480
egon	2.600
egos	3.100
egotistical	2.750
egregious	3.100
egress	2.670
egypt	4.450
egypt's	3.100
egyptian	4.210
egyptians	3.490
eh	4.260
ehh	2.930
ehhh	2.550
ehlers	2.470
ehr	2.520
ehrlich	2.810
ehud	2.500
ei	3.160
eia	2.860
eichmann	2.640
eid	3.250
eiffel	3.230
eigenvalues	2.540
eight	5.020
eighteen	3.810
eighteenth	3.480
eighth	4.200
eighths	2.490
eighties	3.220
eights	2.670
eighty	3.750
eileen	3.340
ein	3.220
einar	2.570
eindhoven	2.730
eine	2.880
einer	2.540
einstein	3.740
einstein's	2.870
eis	2.790
eisenberg	2.810
eisenhower	3.430
eisner	2.560
either	5.330
ej	2.970
ejaculate	2.550
ejaculation	2.920
eject	2.990
ejected	3.370
ejecting	2.530
ejection	3.070
ejector	2.460
ek	3.170
ekaterina	2.520
eke	2.630
eke out	2.630
ekg	2.520
ekiti	2.450
eko	2.510
el	4.560
ela	2.930
elaborate	4.060
elaborated	3.150
elaborately	2.760
elaborates	2.640
elaborating	2.800
elaboration	2.820
elaine	3.600
elam	2.590
elan	2.770
elapsed	2.950
elastic	3.590
elasticity	3.100
elated	2.970
elation	2.700
elba	2.900
elbe	2.530
elbert	2.660
elbow	3.840
elbowed	2.450
elbows	3.400
elder	4.060
elderly	4.150
elders	3.760
eldest	3.690
eldon	2.720
eldorado	2.680
eldridge	2.860
ele	2.820
eleanor	3.810
elearning	2.510
elec	2.550
elect	4.030
elected	4.630
electing	3.330
election	5.080
elections	4.660
elective	3.320
electives	2.740
elector	2.960
electoral	4.120
electorate	3.640
electorates	2.630
electors	3.260
electra	2.910
electric	4.720
electrical	4.420
electrically	3.190
electrician	3.260
electricians	2.840
electricity	4.430
electrics	2.690
electrification	3.000
electrified	2.980
electrifying	2.870
electro	3.580
electrochemical	2.880
electrocuted	2.840
electrocution	2.580
electrode	3.380
electrodes	3.290
electrolysis	2.720
electrolyte	3.070
electrolytes	2.980
electrolytic	2.480
electromagnetic	3.580
electromagnetism	2.410
electromechanical	2.550
electron	3.820
electronic	4.550
electronica	2.780
electronically	3.280
electronics	4.190
electrons	3.600
electrophoresis	2.560
electrostatic	2.940
elects	3.020
elegance	3.420
elegans	2.600
elegant	3.950
elegantly	2.970
elegiac	2.410
elegy	2.710
elektra	2.730
element	4.460
elemental	3.380
elementary	4.330
elements	4.700
elena	3.750
elena's	2.400
elephant	4.080
elephant's	2.550
elephantine	1.990
elephants	3.810
elevate	3.380
elevated	4.030
elevates	2.760
elevating	3.020
elevation	3.900
elevations	3.250
elevator	3.950
elevators	3.390
eleven	4.120
eleventh	3.480
elf	3.650
elgar	2.750
elgin	3.170
eli	3.740
eli's	2.430
elia	2.710
elias	3.420
elicit	3.100
elicited	2.910
eliciting	2.560
elicits	2.560
elie	2.850
eligibility	3.750
eligible	4.290
elijah	3.540
eliminate	4.150
eliminated	4.050
eliminates	3.380
eliminating	3.790
elimination	3.930
eliminations	2.680
eliminator	2.410
elin	2.530
elinor	2.770
elio	2.410
eliot	3.500
elisa	3.090
elisabeth	3.240
elise	3.260
elisha	2.870
elissa	2.620
elite	4.400
elites	3.620
elitism	2.630
elitist	3.070
elixir	3.160
eliza	3.480
elizabeth	4.470
elizabeth's	2.830
elizabethan	3.030
elk	3.490
elkhart	2.580
elkins	2.770
elks	2.570
ell	2.990
ella	3.630
elle	3.430
ellen	4.050
ellen's	2.500
eller	2.590
ellery	2.610
ellesmere	2.440
ellicott	2.430
ellie	3.620
ellington	3.010
elliot	3.740
elliot's	2.510
elliott	3.790
elliott's	2.480
ellipse	2.680
ellipses	2.410
ellipsis	2.430
elliptic	2.900
elliptical	3.210
ellis	3.950
ellison	3.400
ello	2.560
ellsworth	2.950
ellwood	2.450
elly	2.700
elm	3.360
elmer	3.190
elmhurst	2.500
elmira	2.660
elmo	3.020
elmore	2.750
elms	2.780
elmwood	2.450
elo	2.770
elohim	2.450
eloise	2.790
elon	3.340
elongate	2.780
elongated	3.350
elongation	2.640
elope	2.500
eloped	2.520
eloquence	2.830
eloquent	3.210
eloquently	2.960
els	2.840
elsa	3.430
else	5.380
else's	4.000
elses	2.720
elsevier	3.080
elsewhere	4.460
elsie	3.090
elspeth	2.530
elton	3.390
elucidate	2.700
elucidated	2.500
elude	2.780
eluded	2.910
eludes	2.530
eluding	2.400
elusive	3.470
elven	2.630
elves	3.400
elvin	2.500
elvira	2.830
elvis	3.780
elvish	2.430
elway	2.650
elwood	2.820
ely	3.190
elyse	2.460
elysian	2.460
elysium	2.680
em	4.570
ema	2.910
emaciated	2.730
emacs	2.470
email	4.680
emailed	3.510
emailing	3.070
emails	4.240
emanate	2.510
emanated	2.440
emanates	2.520
emanating	3.030
emancipated	2.690
emancipation	3.280
emanuel	3.240
embalmed	2.450
embalming	2.560
embankment	3.150
embankments	2.460
embarassed	2.450
embarassing	2.590
embargo	3.310
embark	3.400
embarkation	2.490
embarked	3.500
embarking	3.160
embarks	2.720
embarrass	3.410
embarrassed	4.050
embarrasses	2.400
embarrassing	4.150
embarrassingly	2.770
embarrassment	3.770
embassies	3.150
embassy	4.130
embattled	2.780
embed	2.940
embedded	3.890
embedding	3.000
embellish	2.550
embellished	3.090
embellishment	2.690
embellishments	2.590
ember	2.970
embers	2.880
embezzled	2.560
embezzlement	3.020
embezzling	2.520
embiid	2.640
embittered	2.600
emblazoned	2.690
emblem	3.580
emblematic	2.870
emblems	2.990
embodied	3.340
embodies	3.190
embodiment	3.310
embody	3.170
embodying	2.670
emboldened	2.850
embolism	2.770
embossed	2.930
embrace	4.160
embraced	3.750
embraces	3.350
embracing	3.670
embroidered	3.340
embroidery	3.240
embroiled	2.970
embryo	3.340
embryology	2.470
embryonic	3.230
embryos	3.290
emc	2.850
emcee	2.730
emea	2.540
emerald	3.600
emeralds	2.800
emerge	3.890
emerged	4.160
emergence	3.740
emergencies	3.560
emergency	4.720
emergent	3.150
emerges	3.610
emerging	4.190
emeritus	3.250
emerson	3.630
emery	3.300
emf	2.710
emg	2.590
emi	3.110
emigrant	2.630
emigrants	3.020
emigrate	2.890
emigrated	3.120
emigrating	2.590
emigration	3.250
emil	3.180
emile	3.160
emilia	3.150
emilie	2.790
emilio	3.150
emily	4.140
emily's	2.870
emin	2.570
eminem	3.340
eminem's	2.510
eminence	3.210
eminent	3.560
eminently	2.820
emir	3.050
emirate	2.750
emirates	3.730
emirati	2.480
emissaries	2.600
emissary	2.840
emission	3.700
emissions	4.070
emit	3.250
emits	3.020
emitted	3.320
emitter	2.900
emitters	2.700
emitting	3.210
emma	4.230
emma's	2.820
emmanuel	3.410
emmanuelle	2.420
emmerdale	2.640
emmet	2.870
emmett	3.160
emmons	2.540
emmy	3.730
emmys	2.970
emo	3.240
emoji	3.230
emojis	2.960
emolument	1.820
emoluments	2.580
emory	3.270
emote	2.460
emoticon	2.430
emoticons	2.540
emotion	4.190
emotional	4.660
emotionally	4.040
emotionless	2.720
emotions	4.370
emotive	2.880
emp	3.090
empathetic	2.940
empathic	2.590
empathise	2.430
empathize	2.760
empathy	3.720
emperor	4.250
emperor's	3.120
emperors	3.210
emphasis	4.190
emphasise	3.070
emphasised	3.180
emphasises	2.820
emphasising	2.740
emphasize	3.690
emphasized	3.710
emphasizes	3.480
emphasizing	3.360
emphatic	3.090
emphatically	3.070
emphysema	2.720
empire	4.540
empire's	2.750
empires	3.400
empirical	3.620
empirically	2.880
empiricism	2.480
employ	3.960
employability	2.570
employable	2.420
employed	4.420
employee	4.500
employee's	2.880
employees	4.810
employer	4.220
employer's	2.780
employers	4.250
employing	3.730
employment	4.560
employs	3.730
emporia	2.430
emporium	2.900
empower	3.510
empowered	3.590
empowering	3.480
empowerment	3.540
empowers	2.950
empress	3.450
emptied	3.310
empties	2.900
emptiness	3.270
emptive	2.620
empty	4.590
emptying	3.080
emr	2.440
emre	2.530
ems	3.360
emt	2.930
emts	2.490
emu	3.050
emulate	3.410
emulated	2.790
emulating	2.790
emulation	3.040
emulator	2.940
emulators	2.480
emulsification	1.790
emulsifier	2.110
emulsify	1.730
emulsion	2.890
en	4.500
ena	2.490
enable	4.300
enabled	4.110
enabler	2.740
enablers	2.620
enables	3.940
enabling	3.920
enact	3.430
enacted	3.750
enacting	3.110
enactment	3.220
enactments	2.510
enacts	2.470
enamel	3.350
enameled	2.400
enamored	2.780
enamoured	2.480
encamped	2.500
encampment	2.970
encampments	2.500
encapsulate	2.510
encapsulated	2.910
encapsulates	2.670
encapsulation	2.610
encased	3.000
encephalitis	2.780
encephalopathy	2.670
enchant	2.570
enchanted	3.440
enchanting	3.150
enchantment	2.980
enchantress	2.610
enchiladas	2.460
encino	2.420
encircle	2.610
encircled	2.930
encircling	2.710
enclave	3.190
enclaves	2.860
enclose	2.770
enclosed	3.740
encloses	2.500
enclosing	2.840
enclosure	3.610
enclosures	3.080
encode	2.950
encoded	3.310
encoder	2.680
encodes	2.690
encoding	3.380
encompass	3.270
encompassed	2.940
encompasses	3.410
encompassing	3.350
encore	3.390
encounter	4.260
encountered	4.060
encountering	3.230
encounters	4.000
encourage	4.450
encouraged	4.320
encouragement	3.790
encourages	3.840
encouraging	4.140
encroach	2.490
encroached	2.430
encroaching	2.810
encroachment	2.860
encrusted	2.750
encrypt	2.760
encrypted	3.420
encryption	3.560
encumber	1.680
encumbered	2.400
encumbrance	2.180
encyclical	2.430
encyclopaedia	2.810
encyclopedia	3.520
encyclopedias	2.600
encyclopedic	2.560
end	5.680
enda	2.540
endanger	3.230
endangered	3.860
endangering	3.080
endangerment	2.670
endangers	2.600
endeared	2.550
endearing	3.130
endearment	2.500
endeavor	3.560
endeavored	2.430
endeavors	3.320
endeavour	3.450
endeavoured	2.480
endeavours	3.030
ended	4.920
endemic	3.370
ender	2.780
ender's	2.410
enders	2.630
endgame	3.160
endicott	2.530
ending	4.680
endings	3.540
endless	4.180
endlessly	3.460
endo	2.900
endocrine	3.060
endocrinologist	2.450
endocrinology	2.760
endogenous	2.990
endometrial	2.580
endometriosis	2.720
endoplasmic	2.400
endorphins	2.790
endorse	3.630
endorsed	3.870
endorsement	3.750
endorsements	3.260
endorses	3.020
endorsing	3.240
endoscopic	2.660
endoscopy	2.730
endothelial	3.000
endow	2.430
endowed	3.410
endowment	3.520
endowments	2.780
endpoint	2.930
endpoints	2.740
ends	4.750
endurance	3.740
endure	3.820
endured	3.580
endures	2.980
enduring	3.670
enduringly	1.890
enduro	2.510
endzone	2.500
ene	2.710
enema	2.850
enemies	4.400
enemy	4.700
enemy's	3.160
energetic	3.710
energetically	2.760
energies	3.540
energize	2.760
energized	3.060
energizing	2.590
energy	5.230
energy's	2.580
enfant	2.530
enfield	3.090
enforce	3.960
enforceable	3.020
enforced	3.790
enforcement	4.450
enforcer	2.990
enforcers	2.740
enforces	2.880
enforcing	3.570
eng	3.660
engage	4.360
engaged	4.520
engagement	4.310
engagements	3.480
engages	3.390
engaging	4.130
engel	3.000
engels	2.880
engender	2.630
engendered	2.620
engine	4.840
engine's	2.770
engined	2.620
engineer	4.500
engineer's	2.570
engineered	3.710
engineering	4.800
engineers	4.410
engines	4.350
engl	2.590
england	5.120
england's	3.490
engle	2.570
englewood	2.930
english	5.190
englishman	3.420
englishmen	2.870
engraved	3.520
engraver	2.700
engravers	2.410
engraving	3.310
engravings	3.010
engross	1.800
engrossed	2.790
engrossing	2.740
engulf	2.660
engulfed	3.070
engulfing	2.480
enhance	4.040
enhanced	4.080
enhancement	3.630
enhancements	3.160
enhancer	2.830
enhancers	2.500
enhances	3.310
enhancing	3.640
eni	2.490
enid	2.930
enigma	3.240
enigmatic	3.110
enix	2.760
enjoy	5.090
enjoyable	3.910
enjoyed	4.590
enjoying	4.420
enjoyment	3.810
enjoys	3.930
enlarge	3.200
enlarged	3.620
enlargement	3.200
enlarging	2.700
enlighten	3.220
enlightened	3.490
enlightening	3.090
enlightenment	3.670
enlist	3.370
enlisted	3.750
enlisting	2.940
enlistment	2.940
enlists	2.640
enliven	2.410
enlivened	2.400
enmeshed	2.420
enmity	3.010
ennis	3.110
ennui	2.410
eno	2.910
enoch	3.090
enormity	2.680
enormous	4.250
enormously	3.390
enos	2.560
enough	5.540
enquire	2.910
enquired	2.480
enquirer	2.830
enquiries	3.360
enquiring	2.420
enquiry	3.410
enraged	3.330
enrich	3.300
enriched	3.500
enriches	2.460
enriching	3.040
enrichment	3.520
enrico	2.950
enright	2.580
enrique	3.480
enrol	2.670
enroll	3.450
enrolled	3.920
enrollees	2.660
enrolling	3.170
enrollment	3.920
enrollments	2.660
enrolment	3.090
enron	2.840
enroute	2.480
ens	2.510
ensconced	2.450
ensemble	3.720
ensembles	2.990
enshrined	3.040
ensign	3.270
enslave	2.830
enslaved	3.320
enslavement	2.870
enslaving	2.440
ensue	2.910
ensued	3.340
ensues	3.030
ensuing	3.540
ensure	4.700
ensured	3.540
ensures	3.600
ensuring	4.000
ent	3.320
entail	3.210
entailed	2.930
entails	3.370
entangled	3.180
entanglement	2.880
entanglements	2.570
entente	2.630
enter	4.810
entered	4.720
entering	4.420
enterprise	4.380
enterprises	4.000
enterprising	2.950
enters	4.010
entertain	3.830
entertained	3.640
entertainer	3.450
entertainers	3.150
entertaining	4.110
entertainment	4.600
entertainment's	2.420
entertainments	2.780
entertains	2.760
enthralled	2.780
enthralling	2.660
enthroned	2.500
enthuse	1.920
enthused	2.640
enthusiasm	4.020
enthusiast	3.460
enthusiastic	3.840
enthusiastically	3.250
enthusiasts	3.560
entice	3.150
enticed	2.750
enticing	3.120
entire	5.090
entirely	4.720
entirety	3.690
entities	3.970
entitle	2.710
entitled	4.510
entitlement	3.550
entitlements	2.970
entitles	2.720
entity	4.120
entombed	2.440
entomological	2.530
entomologist	2.710
entomology	2.810
entourage	3.190
entrails	2.550
entrance	4.390
entranced	2.620
entrances	3.320
entrant	2.940
entrants	3.300
entrapment	2.840
entre	2.820
entree	2.770
entrees	2.560
entrenched	3.310
entrepreneur	3.990
entrepreneurial	3.400
entrepreneurs	3.900
entrepreneurship	3.570
entries	4.090
entropy	3.280
entrust	2.870
entrusted	3.450
entrusting	2.450
entry	4.670
entryway	2.510
entrée	2.470
ents	2.520
entwined	2.790
enugu	2.600
enumerate	2.400
enumerated	2.800
enumeration	2.590
env	2.610
envelop	2.480
envelope	3.860
enveloped	2.920
envelopes	3.330
enveloping	2.630
enviable	2.870
envied	2.730
envious	3.220
environment	4.870
environmental	4.700
environmentalism	2.690
environmentalist	2.920
environmentalists	3.080
environmentally	3.440
environmentally friendly	3.410
environments	4.020
environs	2.910
envisage	2.700
envisaged	3.110
envisages	2.450
envision	3.170
envisioned	3.370
envisioning	2.650
envisions	2.650
envoy	3.480
envoys	2.940
envy	3.840
enzo	3.180
enzymatic	2.770
enzyme	3.820
enzymes	3.620
eo	3.100
eoc	2.470
eocene	2.820
eod	2.510
eoin	2.610
eon	2.700
eons	2.680
eos	3.230
ep	4.210
epa	3.900
epa's	2.610
epc	2.520
epcot	2.650
eph	2.750
ephemera	2.530
ephemeral	2.990
ephemerality	1.510
ephesians	2.940
ephesus	2.710
ephraim	3.020
epi	3.060
epic	4.350
epicenter	2.900
epicentre	2.440
epics	2.910
epidemic	3.800
epidemics	3.010
epidemiological	2.870
epidemiologist	2.490
epidemiology	3.300
epidermal	2.650
epidermis	2.710
epidural	2.900
epigenetic	2.820
epigenetics	2.400
epilepsy	3.460
epileptic	2.920
epilogue	3.130
epinephrine	2.710
epiphany	3.160
episcopal	3.440
episcopalian	2.460
episode	4.970
episode's	2.430
episodes	4.430
episodic	3.000
epistemic	2.560
epistemological	2.610
epistemology	2.890
epistle	2.900
epistles	2.740
epitaph	2.830
epithelial	3.060
epithelium	2.740
epithet	2.870
epithets	2.600
epitome	3.280
epitomized	2.410
epl	3.110
epo	2.590
epoch	3.190
epochs	2.400
eponymous	2.990
epoxy	3.100
epp	2.850
epping	2.660
epps	2.730
epr	2.520
eps	3.570
epsilon	2.880
epsom	3.000
epson	2.590
epstein	3.390
epub	2.560
eq	3.320
equable	1.630
equal	4.650
equaled	2.660
equaling	2.480
equalised	2.550
equaliser	2.860
equality	4.260
equalization	2.690
equalize	2.570
equalized	2.500
equalizer	2.970
equalled	2.820
equalling	2.550
equally	4.390
equals	3.740
equanimity	2.400
equate	3.200
equated	2.980
equates	3.060
equating	2.900
equation	4.020
equations	3.770
equator	3.260
equatorial	3.210
equestrian	3.200
equidistant	2.450
equilibrium	3.600
equine	3.070
equinox	3.020
equip	3.500
equipment	4.880
equipments	2.870
equipped	4.280
equipping	3.010
equips	2.420
equitable	3.360
equitably	2.400
equities	3.230
equity	4.300
equivalence	3.170
equivalency	2.660
equivalent	4.500
equivalently	2.440
equivalents	3.240
er	4.240
era	4.670
era's	2.440
eradicate	3.290
eradicated	3.030
eradicating	2.770
eradication	3.120
eras	3.210
erase	3.660
erased	3.490
eraser	2.940
erasers	2.440
erases	2.640
erasing	3.040
erasmus	3.120
erasure	2.920
erb	2.420
erbil	2.450
erc	2.660
erdogan	3.240
erdoğan	2.610
ere	3.140
erebus	2.490
erect	3.520
erected	3.850
erectile	2.840
erecting	2.850
erection	3.520
erections	2.710
erectus	2.450
eredivisie	2.410
eren	2.790
erg	2.580
ergo	2.970
ergonomic	2.730
ergonomics	2.740
eri	2.550
eric	4.490
eric's	2.740
erica	3.560
erich	2.990
erick	2.890
erickson	3.060
ericsson	3.020
erie	3.570
erik	3.680
erika	3.170
eriksen	2.950
erikson	2.530
eriksson	2.820
erin	3.680
eris	2.530
eritrea	3.050
eritrean	2.720
erm	3.220
ermine	2.460
ernest	3.720
ernesto	3.060
ernie	3.450
ernst	3.510
erode	3.030
eroded	3.330
erodes	2.450
eroding	2.850
eros	3.000
erosion	3.640
erotic	3.740
erotica	3.020
eroticism	2.550
erp	3.020
err	3.390
errand	3.050
errands	3.300
errant	2.910
errata	2.500
erratic	3.340
erratically	2.650
erred	2.810
errol	2.920
erroneous	3.220
erroneously	3.080
error	4.550
errors	4.250
ers	3.170
erskine	2.970
erstwhile	2.900
ert	2.520
erudite	2.750
erupt	2.970
erupted	3.390
erupting	2.690
eruption	3.520
eruptions	3.170
erupts	2.950
ervin	2.860
erwin	3.080
es	3.930
esa	3.280
esau	2.570
esb	2.450
esc	2.880
escalade	2.510
escalate	3.350
escalated	3.440
escalates	2.780
escalating	3.270
escalation	3.320
escalator	3.020
escalators	2.710
escapade	2.520
escapades	2.620
escape	4.640
escaped	4.180
escapees	2.530
escapes	3.560
escaping	3.730
escapism	2.640
escapist	2.540
escarpment	2.620
eschatology	2.430
escherichia	2.630
eschew	2.570
eschewed	2.490
eschewing	2.400
escobar	3.160
escondido	2.480
escort	4.000
escorted	3.490
escorting	2.990
escorts	3.420
escrow	3.040
esd	2.450
ese	2.860
esf	2.410
eshop	2.550
esi	2.530
eskimo	3.000
eskimos	2.780
esl	3.120
esme	2.590
esmeralda	2.770
eso	2.780
esophageal	2.770
esophagus	2.910
esoteric	3.170
esp	3.550
espana	2.410
espanyol	2.480
españa	2.560
español	2.710
especial	2.730
especially	5.210
esper	2.490
esperanto	2.620
esperanza	2.650
espinosa	2.790
espinoza	2.550
espionage	3.470
esplanade	2.780
espn	3.930
espn's	2.870
espn.com	2.450
espn2	2.490
esports	3.210
esposito	2.840
espouse	2.680
espoused	2.900
espousing	2.510
espresso	3.390
esprit	2.820
esq	3.150
esque	3.300
esquire	3.110
esr	2.530
ess	2.820
essa	2.500
essay	4.230
essayist	2.660
essays	4.080
esse	2.600
essen	2.770
essence	4.030
essences	2.650
essendon	3.040
essential	4.610
essentially	4.420
essentials	3.570
essex	3.920
essie	2.520
esso	2.540
est	4.110
esta	2.840
establish	4.460
established	4.900
establishes	3.470
establishing	4.110
establishment	4.420
establishments	3.840
estadio	2.470
estado	2.460
estate	4.820
estate's	2.450
estates	3.880
este	2.920
esteban	2.980
esteem	3.900
esteemed	3.280
estella	2.480
estelle	2.910
ester	3.060
esters	2.890
estes	2.810
esther	3.620
estimate	4.290
estimated	4.620
estimates	4.300
estimating	3.330
estimation	3.460
estimations	2.600
estimator	2.760
estonia	3.480
estonian	3.100
estrada	2.810
estradiol	2.730
estranged	3.240
estrangement	2.560
estrella	2.500
estrogen	3.360
estrogens	2.420
estuaries	2.750
estuarine	2.490
estuary	3.260
esv	2.510
et	4.660
eta	3.370
etat	2.830
etc	5.030
etcetera	2.700
etch	2.780
etched	3.260
etching	3.130
etchings	2.690
eternal	4.110
eternally	3.260
eternity	3.800
etf	3.090
etfs	2.910
eth	3.210
ethan	3.700
ethan's	2.410
ethanol	3.460
ethel	3.330
ether	3.400
ethereal	3.200
ethereum	3.210
etheridge	2.440
ethernet	3.280
ethers	2.470
ethic	3.540
ethical	4.070
ethically	3.110
ethics	4.190
ethiopia	3.730
ethiopia's	2.510
ethiopian	3.510
ethiopians	2.710
ethnic	4.330
ethnically	3.120
ethnicities	3.020
ethnicity	3.730
ethno	2.690
ethnographic	2.990
ethnography	2.820
ethnology	2.560
ethos	3.320
ethyl	2.930
ethylene	2.910
etienne	3.100
etihad	2.860
etiology	2.610
etiquette	3.400
etna	2.650
eto	2.690
eto'o	2.560
eton	3.100
etruscan	2.650
ets	2.950
etsy	3.360
etta	2.720
etude	2.570
etudes	2.630
etymological	2.450
etymology	2.940
eu	4.620
eu's	3.000
eucalyptus	3.010
eucharist	3.050
eucharistic	2.580
euclid	2.860
euclidean	2.790
eugen	2.490
eugene	3.800
eugenia	2.690
eugenics	2.970
eugenie	2.740
eugenio	2.510
eukaryotes	2.530
eukaryotic	2.740
eula	2.540
euler	2.790
eulogy	3.020
eun	3.150
eunice	2.910
eunuch	2.820
eunuchs	2.600
euphemism	2.920
euphemisms	2.420
euphemistic	2.050
euphemistically	2.190
euphoria	3.240
euphoric	2.850
euphorically	1.340
euphrates	2.890
eur	3.490
eurasia	3.010
eurasian	2.990
eureka	3.320
euripides	2.640
euro	4.090
euronews	2.410
europa	3.600
europe	5.040
europe's	3.510
european	5.080
europeans	3.870
euros	3.780
eurostar	2.460
eurostat	2.400
eurovision	3.200
eurozone	3.170
eusebius	2.580
eustace	2.780
euston	2.770
euthanasia	3.170
euthanized	2.720
ev	3.650
eva	3.900
evacuate	3.530
evacuated	3.660
evacuating	2.890
evacuation	3.740
evacuations	2.790
evacuees	2.710
evade	3.390
evaded	2.910
evades	2.420
evading	2.970
eval	2.620
evaluate	4.010
evaluated	3.830
evaluates	2.970
evaluating	3.700
evaluation	4.210
evaluations	3.430
evaluator	2.490
evaluators	2.440
evan	3.790
evander	2.500
evangelical	3.610
evangelicals	3.120
evangeline	2.670
evangelion	2.610
evangelism	2.850
evangelist	3.100
evangelistic	2.450
evangelists	2.780
evangelization	2.460
evans	4.220
evanston	2.930
evansville	2.860
evaporate	3.010
evaporated	3.040
evaporates	2.740
evaporating	2.560
evaporation	3.080
evaporator	2.470
evasion	3.410
evasive	3.040
eve	4.320
eve's	2.600
evelyn	3.600
even	5.990
evening	4.860
evening's	2.850
evenings	3.630
evenly	3.650
evens	2.710
event	5.180
event's	2.760
eventful	3.020
events	5.080
eventual	3.730
eventuality	2.670
eventually	4.880
ever	5.660
everest	3.430
everett	3.530
everglades	2.930
evergreen	3.410
everlasting	3.440
everly	2.530
evermore	2.670
evernote	2.480
evers	2.740
evert	2.540
everton	3.700
every	5.790
everybody	4.840
everybody's	3.620
everyday	4.470
everyman	2.810
everyone	5.470
everyone's	4.270
everyones	2.900
everything	5.540
everything's	3.560
everytime	3.690
everywhere	4.660
evgeny	2.450
evi	2.460
evian	2.480
evict	2.970
evicted	3.350
evicting	2.420
eviction	3.410
evictions	2.700
evidence	5.140
evidenced	3.450
evidences	2.940
evident	3.990
evidentiary	2.600
evidently	3.600
evie	2.910
evil	4.740
evils	3.350
evita	2.440
evo	3.190
evocation	2.590
evocative	3.030
evoke	3.270
evoked	3.120
evokes	3.080
evoking	2.850
evokingly	0.000
evolution	4.410
evolutionary	3.820
evolutions	2.670
evolve	3.800
evolved	4.090
evolves	3.160
evolving	3.770
evp	2.430
evra	2.400
evs	2.710
ew	3.580
ewa	2.540
ewald	2.420
ewan	3.000
ewart	2.470
ewe	2.790
ewell	2.480
ewen	2.600
ewes	2.500
ewing	3.260
eww	2.870
ex	4.810
ex's	2.880
exacerbate	2.920
exacerbated	3.220
exacerbates	2.500
exacerbating	2.550
exact	4.510
exacted	2.450
exacting	2.950
exactly	5.150
exactness	1.990
exaggerate	3.190
exaggerated	3.680
exaggerates	2.550
exaggerating	3.190
exaggeration	3.300
exaggerations	2.420
exalt	2.600
exaltation	2.470
exalted	3.150
exaltedly	0.000
exam	4.260
examination	4.260
examinations	3.610
examine	4.180
examined	4.100
examinee	1.740
examiner	3.520
examiners	2.990
examines	3.590
examining	3.870
example	5.270
examples	4.630
exams	4.000
exasperated	2.940
exasperating	2.400
exasperation	2.640
exc	2.540
excalibur	2.940
excavate	2.660
excavated	3.250
excavating	2.780
excavation	3.460
excavations	3.250
excavator	2.700
excavators	2.630
exceed	3.920
exceeded	3.760
exceeding	3.610
exceedingly	3.350
exceeds	3.590
excel	3.730
excelled	3.190
excellence	4.070
excellency	3.440
excellent	4.730
excellently	2.760
excelling	2.640
excels	2.930
excelsior	2.850
except	5.020
excepted	2.590
excepting	2.810
exception	4.350
exceptional	4.050
exceptionalism	2.660
exceptionally	3.740
exceptions	3.970
excerpt	3.510
excerpted	2.510
excerpts	3.410
excess	4.210
excesses	3.120
excessive	4.120
excessively	3.350
exchange	4.850
exchange rate	4.670
exchanged	3.740
exchanger	2.840
exchangers	2.660
exchanges	3.950
exchanging	3.370
exchequer	3.150
excise	3.260
excised	2.580
excision	2.720
excitable	2.740
excitation	3.020
excitatory	2.440
excite	3.290
excited	4.740
excitedly	3.060
excitement	4.190
excites	3.050
exciting	4.540
excl	2.410
exclaim	2.820
exclaimed	3.050
exclaiming	2.690
exclaims	2.810
exclamation	3.090
exclamation mark	3.090
exclude	3.780
excluded	3.890
excludes	3.380
excluding	3.920
exclusion	3.680
exclusionary	2.700
exclusions	2.830
exclusive	4.560
exclusively	4.240
exclusives	2.810
exclusivity	3.070
excommunicated	2.810
excommunication	2.700
excrement	2.830
excreted	2.660
excretion	2.670
excruciating	3.060
excruciatingly	2.460
excursion	3.330
excursions	3.250
excusable	2.450
excuse	4.560
excused	3.280
excuses	3.950
excusing	2.650
exe	2.860
exec	3.320
execs	3.010
executable	2.800
execute	3.950
executed	4.270
executes	3.060
executing	3.540
execution	4.290
executioner	3.090
executioners	2.580
executions	3.440
executive	4.870
executives	4.030
executor	2.970
executors	2.600
exegesis	2.670
exemplar	2.680
exemplary	3.380
exemplified	3.130
exemplifies	2.920
exemplify	2.730
exempt	3.780
exempted	3.090
exempting	2.470
exemption	3.650
exemptions	3.330
exempts	2.490
exercise	4.680
exercised	3.520
exercises	4.120
exercising	3.730
exert	3.360
exerted	3.090
exerting	2.840
exertion	2.900
exertions	2.420
exerts	2.760
exes	3.070
exeter	3.520
exfoliating	2.460
exhale	3.110
exhaled	2.570
exhaling	2.470
exhaust	3.810
exhausted	4.080
exhausting	3.600
exhaustion	3.490
exhaustive	3.300
exhaustively	2.420
exhausts	2.630
exhibit	4.160
exhibited	3.860
exhibiting	3.400
exhibition	4.370
exhibitionist	2.420
exhibitions	3.680
exhibitor	2.670
exhibitors	3.010
exhibits	3.820
exhilarate	1.360
exhilarating	3.120
exhilaration	2.550
exhortation	2.580
exhorted	2.420
exhumed	2.670
exile	3.840
exiled	3.370
exiles	3.090
exist	4.730
existed	4.290
existence	4.550
existent	3.510
existential	3.470
existentialism	2.590
existing	4.750
exists	4.480
exit	4.350
exited	3.380
exiting	3.340
exits	3.530
exo	3.010
exodus	3.690
exogenous	2.720
exon	2.550
exonerate	2.610
exonerated	2.920
exoplanet	2.580
exoplanets	2.600
exorbitant	3.010
exorcise	2.410
exorcism	2.890
exorcist	2.940
exoskeleton	2.640
exotic	3.910
exotically	1.710
exotics	2.550
exp	3.660
expand	4.350
expandable	2.720
expanded	4.280
expanding	4.170
expands	3.580
expanse	3.200
expanses	2.570
expansion	4.540
expansionist	2.570
expansions	3.270
expansive	3.380
expat	3.010
expatriate	2.930
expatriates	2.840
expats	2.930
expect	5.010
expectancy	3.490
expectant	2.950
expectation	3.990
expectations	4.440
expected	4.960
expecting	4.420
expects	3.890
expedia	2.620
expediency	2.610
expedient	2.830
expedite	3.050
expedited	2.980
expedition	3.990
expeditionary	2.880
expeditions	3.360
expeditiously	2.490
expel	3.260
expelled	3.700
expelling	2.780
expend	2.900
expendable	2.960
expendables	2.450
expended	2.970
expending	2.520
expenditure	3.740
expenditures	3.520
expense	4.230
expenses	4.330
expensive	4.690
experian	2.410
experience	5.270
experienced	4.630
experiences	4.550
experiencing	4.040
experiential	2.980
experiment	4.380
experimental	4.280
experimentally	3.010
experimentation	3.470
experimented	3.270
experimenter	2.480
experimenting	3.530
experiments	4.200
expert	4.560
expertise	4.060
expertly	2.930
experts	4.520
expiration	3.480
expire	3.540
expired	3.810
expires	3.520
expiring	3.010
expiry	3.000
explain	4.890
explained	4.590
explainer	2.530
explaining	4.230
explains	4.420
explanation	4.440
explanations	3.760
explanatory	3.310
expletive	2.540
explicit	3.960
explicitly	3.960
explode	3.800
exploded	3.770
explodes	3.410
exploding	3.530
exploit	3.830
exploitation	3.840
exploitative	2.850
exploited	3.680
exploiting	3.480
exploits	3.530
exploration	4.190
explorations	3.100
exploratory	3.180
explore	4.310
explored	3.900
explorer	3.850
explorers	3.410
explores	3.640
exploring	4.060
explosion	4.220
explosions	3.690
explosive	3.970
explosively	2.470
explosives	3.790
expo	3.640
exponent	2.950
exponential	3.330
exponentially	3.300
exponents	2.790
export	4.240
exportation	2.400
exported	3.560
exporter	3.290
exporters	3.300
exporting	3.430
exports	4.090
expos	2.620
expose	3.980
exposed	4.510
exposes	3.420
exposing	3.780
exposition	3.590
expositions	2.490
expository	2.500
exposure	4.440
exposures	3.260
exposé	2.690
expound	2.490
expounded	2.520
express	4.680
expressed	4.520
expresses	3.610
expressing	3.990
expression	4.550
expressionism	2.570
expressionist	2.530
expressions	3.920
expressive	3.430
expressly	3.480
expressway	3.090
expropriated	2.410
expropriation	2.640
expulsion	3.410
expulsions	2.400
expunged	2.670
exquisite	3.610
exquisitely	2.920
ext	3.130
extant	3.250
extend	4.340
extendable	2.410
extended	4.640
extender	2.680
extending	4.040
extends	3.990
extensible	2.550
extension	4.460
extensions	3.820
extensive	4.490
extensively	3.870
extent	4.470
extents	2.400
extenuating	2.560
exterior	3.910
exteriors	2.580
exterminate	2.910
exterminated	2.810
exterminating	2.460
extermination	3.130
exterminator	2.590
external	4.520
externalities	2.570
externally	3.300
extinct	3.660
extinction	3.760
extinctions	2.520
extinguish	3.040
extinguished	3.190
extinguisher	2.920
extinguishers	2.640
extinguishing	2.590
extolled	2.400
extolling	2.450
extort	2.820
extorted	2.470
extorting	2.430
extortion	3.290
extra	4.980
extracellular	3.050
extract	4.020
extracted	3.680
extracting	3.290
extraction	3.800
extractions	2.530
extractive	2.570
extractor	2.720
extracts	3.450
extracurricular	2.990
extradite	2.590
extradited	2.800
extradition	3.280
extrajudicial	2.670
extramarital	2.680
extraneous	2.790
extraordinaire	2.650
extraordinarily	3.420
extraordinary	4.360
extrapolate	2.670
extrapolated	2.590
extrapolating	2.480
extrapolation	2.550
extras	3.600
extraterrestrial	3.100
extraterrestrials	2.400
extravagance	2.810
extravagant	3.400
extravagantly	2.460
extravaganza	2.950
extreme	4.600
extreme sports	4.440
extremely	4.790
extremes	3.470
extremism	3.310
extremist	3.460
extremists	3.470
extremities	2.970
extremity	3.000
extricate	2.590
extrinsic	2.620
extrovert	2.570
extroverted	2.450
extruded	2.640
extrusion	2.760
exuberance	2.790
exuberant	2.970
exuberantly	2.010
exude	2.520
exudes	2.610
exultant	2.160
exxon	3.100
exxonmobil	2.630
ey	3.290
eye	5.020
eye's	2.540
eyeball	3.100
eyeballs	3.210
eyebrow	3.370
eyebrows	3.750
eyed	3.960
eyeglasses	2.790
eyeing	3.160
eyelash	2.840
eyelashes	3.120
eyelid	3.010
eyelids	3.160
eyeliner	3.160
eyepiece	2.440
eyes	5.210
eyeshadow	3.140
eyesight	3.280
eyesore	2.610
eyewear	2.780
eyewitness	3.320
eyewitnesses	2.910
eyre	3.130
ez	3.240
eze	2.480
ezekiel	3.250
ezequiel	2.460
ezra	3.510
f	5.080
f's	2.430
f.a	2.430
f.b.i	2.770
f.c	2.540
f0.0	2.670
f00	3.440
f000	3.200
f0000	2.470
f1	3.890
f2	3.130
f3	2.970
f4	3.020
f5	2.870
f6	2.420
f8	2.580
fa	4.200
faa	3.500
fab	3.390
faber	3.190
fabian	3.170
fabio	3.200
fabius	2.570
fable	3.160
fabled	2.890
fables	2.970
fabregas	3.000
fabric	4.080
fabricate	2.890
fabricated	3.510
fabricating	2.850
fabrication	3.480
fabrications	2.530
fabrice	2.510
fabrics	3.580
fabrizio	2.620
fabulate	0.000
fabulation	0.000
fabulous	4.080
fabulously	2.690
fac	2.830
facade	3.420
facades	2.760
face	5.450
face to face	5.150
face-to-face	5.150
facebook	4.900
facebook's	3.150
facebook.com	2.520
faced	4.490
faceless	2.980
facelift	2.930
faceoff	2.610
facepalm	2.520
faces	4.590
facet	3.180
faceted	2.940
facetime	2.810
facetious	2.510
facets	3.260
facial	4.100
facials	2.650
facie	2.620
facies	2.440
facile	2.610
facilitate	3.990
facilitated	3.480
facilitates	3.270
facilitating	3.430
facilitation	2.920
facilitator	2.900
facilitators	2.610
facilities	4.660
facility	4.600
facility's	2.560
facing	4.500
facsimile	2.970
fact	5.410
faction	3.790
factional	2.630
factions	3.760
facto	3.580
factor	4.670
factored	2.980
factorial	2.520
factories	3.950
factoring	2.960
factorization	2.410
factors	4.640
factory	4.550
factory's	2.410
facts	4.720
factual	3.610
factually	2.810
faculties	3.360
faculty	4.320
fad	3.260
fade	3.860
faded	3.730
fader	2.580
fades	3.410
fading	3.610
fads	2.700
fae	2.850
faeces	2.710
faerie	2.720
fafsa	2.700
fag	3.320
fagan	2.760
faggot	3.480
faggots	2.940
fags	2.940
fahey	2.630
fahrenheit	3.240
fai	2.910
fail	4.610
failed	4.820
failing	4.300
failings	3.070
fails	4.260
failure	4.720
failures	3.990
fain	2.540
faint	3.780
fainted	3.120
fainter	2.400
faintest	2.750
fainting	3.010
faintly	3.030
faints	2.570
fair	4.990
fair's	2.480
fairbairn	2.410
fairbanks	3.080
fairchild	2.910
faire	3.140
fairer	3.090
fairest	3.090
fairfax	3.520
fairfield	3.310
fairground	2.600
fairgrounds	2.780
fairies	3.310
fairing	2.700
fairly	4.500
fairmont	2.870
fairness	3.770
fairs	3.390
fairtrade	2.540
fairview	2.870
fairway	2.930
fairways	2.530
fairweather	2.400
fairy	4.080
fairytale	3.210
fairytales	2.600
faisal	2.950
fait	2.800
faith	4.820
faithful	4.100
faithfully	3.270
faithfulness	3.000
faithless	2.690
faiths	3.200
fajr	2.410
fake	4.650
faked	3.350
faker	2.810
fakes	3.230
faking	3.440
fal	2.670
falafel	2.640
falcao	2.950
falco	2.950
falcon	3.740
falcone	2.620
falconer	2.810
falcons	3.580
falk	2.880
falkirk	2.960
falkland	2.850
falklands	2.960
fall	5.130
fallacies	2.780
fallacious	2.640
fallacy	3.210
fallback	2.660
fallen	4.390
fallible	2.560
fallin	2.800
falling	4.660
fallon	3.450
fallopian	2.580
fallout	3.690
fallow	2.830
falls	4.630
fallujah	2.650
falmouth	2.910
false	4.630
falsehood	2.920
falsehoods	2.790
falsely	3.610
falsetto	2.690
falsification	2.510
falsified	2.920
falsify	2.550
falsifying	2.590
falstaff	2.640
falter	2.820
faltered	2.800
faltering	2.710
falters	2.410
falun	2.430
falwell	2.410
fam	3.520
fame	4.340
famed	3.600
famer	3.050
famers	2.520
familia	2.900
familial	3.220
familiar	4.610
familiarise	2.230
familiarity	3.400
familiarize	2.790
families	4.940
family	5.660
family's	4.030
famine	3.610
famines	2.640
famous	4.840
famously	3.490
fan	4.920
fan's	2.810
fanart	2.830
fanatic	3.230
fanatical	3.020
fanatically	2.170
fanaticism	2.730
fanatics	3.200
fanbase	3.300
fanboy	2.930
fanboys	2.640
fancied	3.130
fancier	2.600
fancies	3.030
fanciful	2.970
fancy	4.350
fandango	2.680
fandom	3.510
fandoms	2.560
fane	2.450
fanfare	3.200
fanfic	2.900
fanfiction	2.820
fang	3.340
fangirl	2.400
fangs	3.020
fanned	2.740
fannie	3.070
fanning	3.110
fanny	3.470
fans	5.030
fansite	2.460
fanta	2.520
fantasia	2.920
fantasies	3.620
fantasize	2.820
fantasized	2.480
fantasizing	2.620
fantastic	4.710
fantastical	2.960
fantastically	3.020
fantasy	4.520
fao	2.930
fap	2.790
faq	3.270
faqs	2.880
far	5.500
faraday	2.970
farage	3.220
farah	3.160
faraway	2.990
farber	2.680
farc	2.680
farce	3.330
farcical	2.650
fare	3.940
fared	3.080
fares	3.610
farewell	3.890
farewells	2.470
fargo	3.600
farhad	2.470
farhan	2.560
farid	2.620
farina	2.680
faring	2.670
faris	2.660
farley	3.110
farm	4.750
farm's	2.510
farmed	3.250
farmer	4.150
farmer's	3.240
farmers	4.430
farmhouse	3.420
farming	4.210
farmington	2.960
farmland	3.350
farmlands	2.460
farms	4.140
farmville	2.590
farmworkers	2.400
farmyard	2.410
farnborough	2.700
farnham	2.760
farnsworth	2.800
faro	2.590
faroe	2.660
farooq	2.510
farouk	2.470
farquhar	2.530
farr	2.950
farragut	2.500
farrah	2.860
farrar	2.880
farrell	3.450
farrington	2.500
farris	2.550
farrow	2.930
fars	2.560
farsi	2.660
fart	3.590
farted	2.780
farther	3.850
farthest	3.060
farthing	2.620
farting	2.970
farts	3.190
fas	3.040
fascia	2.980
fascinate	2.510
fascinated	3.600
fascinates	2.620
fascinating	4.130
fascination	3.480
fascism	3.580
fascist	3.790
fascists	3.370
fashion	4.820
fashionable	3.650
fashionably	2.490
fashioned	3.940
fashioning	2.460
fashionista	2.540
fashions	3.220
faso	3.100
fassbender	2.590
fast	5.130
fast food	4.940
fastball	3.050
fasted	2.640
fasten	2.980
fastened	3.020
fastener	2.590
fasteners	2.750
fastening	2.790
faster	4.640
fastest	4.240
fastidious	2.640
fasting	3.570
fasts	2.530
fat	4.850
fata	2.570
fatah	2.850
fatal	4.100
fatale	2.590
fatalities	3.450
fatality	3.160
fatally	3.330
fatboy	2.480
fate	4.360
fated	3.190
fateful	3.060
fateh	2.400
fates	3.180
father	5.260
father's	4.260
father-in-law	5.050
fathered	2.900
fatherhood	2.890
fatherland	2.980
fatherless	2.610
fatherly	2.600
fathers	4.080
fathom	3.250
fathoms	2.490
fatigue	3.860
fatigued	2.980
fatigues	2.530
fatima	3.130
fats	3.580
fatten	2.500
fattening	2.730
fatter	3.060
fattest	2.650
fatty	3.800
fatwa	2.700
fau	2.440
faucet	3.070
faucets	2.540
fauci	2.510
faulkner	3.310
fault	4.640
faulted	2.720
faulting	2.550
faultless	2.600
faults	3.680
faulty	3.620
faun	2.420
fauna	3.520
faunal	2.470
faust	3.070
fausto	2.450
faustus	2.410
faux	3.550
fav	3.230
fave	3.140
favela	2.540
faves	2.860
favor	4.580
favorable	3.850
favorably	3.200
favored	3.770
favoring	3.160
favorite	4.970
favorites	4.020
favoritism	2.780
favors	3.740
favour	4.310
favourable	3.530
favourably	2.920
favoured	3.550
favouring	2.840
favourite	4.570
favourites	3.640
favours	3.320
favre	2.890
favs	2.620
fawcett	2.930
fawkes	2.700
fawlty	2.430
fawn	3.020
fawning	2.650
fax	3.630
faxed	2.470
faxes	2.450
fay	3.290
faye	3.170
fayette	2.940
fayetteville	3.040
faze	2.910
fazio	2.520
façade	2.960
fb	3.760
fba	2.500
fbi	4.430
fbi's	3.070
fbs	2.910
fc	4.060
fc's	2.450
fca	3.040
fcc	3.750
fco	2.550
fcs	2.950
fd	3.170
fda	3.870
fda's	2.460
fdi	2.910
fdic	2.850
fdny	2.400
fdr	3.070
fe	3.900
fea	2.550
fealty	2.640
fear	4.950
feared	3.940
fearful	3.580
fearfully	2.430
fearing	3.590
fearless	3.550
fearlessly	2.680
fearlessness	2.460
fears	4.170
fearsome	3.050
feasibility	3.440
feasible	3.720
feast	3.950
feasted	2.400
feasting	2.850
feasts	2.980
feat	3.990
feather	3.690
feathered	3.050
feathering	2.480
feathers	3.790
featherstone	2.610
featherweight	2.650
feathery	2.490
feats	3.230
feature	4.820
featured	4.440
featureless	2.460
features	4.940
featuring	4.450
feb	4.380
febrile	2.550
february	5.030
fec	2.880
fecal	3.010
feces	3.220
feckless	2.480
fed	4.510
fed up	4.500
fed's	2.750
federal	5.130
federalism	2.980
federalist	3.040
federalists	2.640
federally	3.440
federated	2.940
federation	4.260
federation's	2.580
federations	2.880
federer	3.220
federico	3.030
fedex	3.410
fedor	2.590
fedora	3.060
feds	3.520
fee	4.510
feeble	3.210
feed	4.670
feedback	4.320
feeder	3.460
feeders	3.070
feeding	4.280
feedings	2.490
feeds	3.890
feedstock	2.600
feel	5.670
feelers	2.410
feelgood	2.490
feelin	3.240
feeling	5.130
feelings	4.710
feels	4.900
feely	2.610
feeney	2.570
fees	4.530
feet	4.990
fei	3.180
feign	2.580
feigned	2.650
feigning	2.620
fein	2.890
feinberg	2.650
feingold	2.440
feinstein	2.970
feint	2.520
feisty	3.070
fel	2.720
fela	2.480
feld	2.460
felder	2.420
feldman	3.130
feldspar	2.450
felice	2.630
felicia	3.080
feliciano	2.500
felicity	3.360
feline	3.120
felines	2.430
felipe	3.400
felix	3.840
feliz	2.690
fell	4.850
fella	3.490
fellaini	2.920
fellas	3.500
fellatio	2.490
felled	2.860
feller	2.730
felling	2.760
fellini	2.450
fellow	4.760
fellowes	2.480
fellows	3.820
fellowship	3.860
fellowships	3.140
fells	2.620
felon	3.170
felonies	3.000
felons	2.970
felony	3.770
felt	5.130
felton	2.930
fem	2.890
fema	3.040
female	5.000
female's	2.530
females	4.380
femdom	2.510
feminine	3.910
femininity	3.120
feminism	3.850
feminist	4.120
feminists	3.610
femme	3.190
femmes	2.710
femoral	2.890
femur	3.000
fen	2.830
fence	4.210
fenced	3.160
fences	3.600
fencing	3.560
fend	3.210
fender	3.400
fenders	2.780
fendi	2.570
fending	2.600
feng	3.400
fenix	2.440
fenn	2.550
fennel	2.960
fenner	2.560
fentanyl	2.860
fenton	3.150
fenty	2.620
fenway	2.990
fenwick	2.790
fer	3.060
feral	3.290
ferb	2.410
ferdinand	3.530
ferg	2.450
fergie	2.910
fergus	3.110
ferguson	3.880
ferguson's	2.530
fergusson	2.520
fermanagh	2.580
ferment	2.850
fermentation	3.300
fermented	3.180
fermenting	2.630
fermi	2.830
fern	3.270
fernand	2.500
fernanda	2.410
fernandes	2.840
fernandez	3.360
fernando	3.740
ferns	3.120
fernández	2.720
ferocious	3.210
ferociously	2.460
ferocity	2.900
ferragamo	2.410
ferrante	2.410
ferrara	2.860
ferrari	3.880
ferrari's	2.530
ferraris	2.650
ferraro	2.420
ferreira	2.890
ferrell	2.970
ferrer	3.000
ferrero	2.480
ferret	3.010
ferrets	2.720
ferried	2.540
ferrier	2.420
ferries	3.180
ferris	3.400
ferro	2.740
ferrous	2.790
ferry	4.020
ferryboat	2.020
ferrying	2.540
fertile	3.620
fertilisation	2.540
fertiliser	2.860
fertilisers	2.420
fertility	3.780
fertilization	3.050
fertilize	2.610
fertilized	2.920
fertilizer	3.420
fertilizers	3.010
fervent	3.040
fervently	2.780
fervor	3.050
fervour	2.750
fes	2.740
fess	2.660
fest	3.710
festa	2.420
fester	2.760
festering	2.690
festival	4.720
festival's	2.890
festivals	3.870
festive	3.580
festivities	3.450
festivity	2.540
fet	2.720
feta	2.790
fetal	3.400
fetch	3.650
fetched	3.350
fetches	2.480
fetching	2.960
fete	2.680
fetish	3.590
fetishes	2.650
fetishism	2.410
fett	2.620
fetus	3.600
fetuses	2.850
feu	2.660
feud	3.620
feudal	3.360
feudalism	2.780
feuding	2.760
feuds	2.890
fever	4.220
feverish	2.820
feverishly	2.530
fevers	2.740
few	5.600
fewer	4.310
fewest	3.030
fey	2.980
feyenoord	2.530
feynman	2.680
fez	2.970
ff	3.780
ff7	2.400
ffa	3.160
fff	2.490
ffp	2.540
ffs	3.450
fft	2.490
ffxiv	2.510
fg	3.310
fgm	2.940
fh	2.820
fha	2.970
fi	4.260
fia	3.060
fiance	3.400
fiancee	3.250
fiancé	3.470
fiancée	3.260
fianna	2.450
fiasco	3.300
fiat	3.630
fib	2.660
fiba	2.470
fiber	4.060
fiberglass	3.040
fibers	3.640
fibonacci	2.690
fibre	3.670
fibreglass	2.530
fibres	3.190
fibrillation	2.820
fibroblast	2.400
fibroblasts	2.640
fibromyalgia	2.630
fibrosis	3.190
fibrous	2.940
fibula	2.590
fic	2.990
fickle	3.120
fico	2.660
fics	2.570
fiction	4.440
fictional	3.860
fictionalized	2.460
fictions	2.710
fictitious	3.250
ficus	2.420
fiddle	3.430
fiddler	2.830
fiddling	2.940
fiddly	2.440
fide	3.280
fidel	3.200
fidelity	3.520
fides	2.560
fidget	2.590
fidgeting	2.470
fido	2.640
fiduciary	3.050
fie	2.620
fief	2.400
field	5.240
field's	2.610
fielded	3.030
fielder	3.190
fielders	2.510
fieldhouse	2.420
fielding	3.490
fields	4.600
fieldwork	2.960
fiend	3.100
fiendish	2.460
fiendishly	2.030
fiends	2.750
fiennes	2.610
fierce	3.920
fiercely	3.350
fiercest	2.870
fieri	2.420
fiery	3.570
fiesta	3.340
fifa	4.210
fife	3.380
fifi	2.730
fifo	2.490
fifteen	4.140
fifteenth	3.300
fifth	4.780
fifths	3.050
fifties	3.210
fiftieth	2.630
fifty	4.290
fig	4.100
figaro	2.910
fight	5.230
fighter	4.320
fighter's	2.400
fighters	4.210
fightin	2.800
fighting	4.920
fights	4.190
figment	2.570
figs	3.410
figueroa	2.770
figurative	3.120
figuratively	2.980
figure	5.070
figured	4.390
figurehead	2.810
figures	4.730
figurine	2.850
figurines	2.990
figuring	3.690
fiji	3.610
fijian	2.890
fil	3.320
fila	2.460
filament	3.090
filaments	2.950
file	4.750
filed	4.490
filename	2.660
filer	2.450
files	4.460
filesystem	2.590
filet	2.800
filial	2.640
filibuster	2.890
filigree	2.560
filing	4.050
filings	3.220
filip	2.650
filipe	2.500
filipina	2.960
filipino	3.680
filipinos	3.210
filippo	2.650
fill	4.640
filled	4.700
filler	3.420
fillers	3.060
fillet	2.970
fillets	2.730
fillies	2.720
filling	4.190
fillings	2.890
fillmore	2.890
fills	3.710
filly	3.150
film	5.200
film's	3.580
film-maker	4.180
filmed	4.060
filming	4.190
filmmaker	3.620
filmmakers	3.510
filmmaking	3.230
filmography	2.410
films	4.640
filo	2.440
fils	2.420
filter	4.280
filtered	3.510
filtering	3.560
filters	3.880
filth	3.410
filthy	3.800
filtration	3.310
fim	2.550
fin	3.700
fina	2.810
final	5.280
finale	4.040
finales	2.400
finalise	2.450
finalised	2.860
finalist	3.450
finalists	3.570
finality	2.620
finalize	2.890
finalized	3.310
finalizing	2.710
finally	5.170
finals	4.450
finance	4.650
financed	3.690
finances	3.900
financial	5.080
financially	3.980
financials	3.030
financier	3.010
financiers	2.890
financing	4.130
finch	3.550
fincher	2.560
finches	2.530
find	5.760
finder	3.280
finders	2.750
finding	4.850
findings	4.380
findlay	2.950
finds	4.610
fine	5.230
fined	3.700
finely	3.520
finer	3.400
finery	2.460
fines	3.780
finesse	3.180
finest	4.150
finger	4.480
fingered	3.080
fingering	3.030
fingernail	2.730
fingernails	3.200
fingerprint	3.490
fingerprinting	2.640
fingerprints	3.330
fingers	4.500
fingertip	2.670
fingertips	3.270
finicky	2.450
fining	2.540
finish	4.910
finished	4.940
finisher	3.140
finishers	2.950
finishes	3.900
finishing	4.300
finite	3.750
fink	3.070
finkelstein	2.510
finland	3.950
finland's	2.690
finlay	2.860
finley	3.060
finn	3.780
finn's	2.570
finnegan	2.670
finney	2.910
finnish	3.670
finns	2.880
fins	3.360
finsbury	2.660
fintech	2.860
fiona	3.630
fiore	2.420
fiorentina	2.680
fios	2.480
fir	3.480
fire	5.300
fire brigade	3.880
fire station	4.830
fire's	2.630
firearm	3.690
firearms	3.910
fireball	3.180
fireballs	2.520
firebird	2.660
firebirds	2.400
firebrand	2.520
firecracker	2.690
firecrackers	2.690
fired	4.630
firefight	2.880
firefighter	3.370
firefighters	3.630
firefighting	2.920
fireflies	2.860
firefly	3.130
firefox	3.410
firehouse	2.870
fireman	3.200
firemen	3.110
firenze	2.450
fireplace	3.540
fireplaces	2.930
firepower	3.270
fireproof	2.780
fires	4.170
fireside	2.730
firestone	2.880
firestorm	2.920
firewall	3.240
firewalls	2.680
firewood	3.160
firework	2.960
fireworks	3.830
firing	4.270
firings	2.560
firm	4.790
firm's	3.380
firma	2.430
firmament	2.570
firmer	2.970
firming	2.460
firmino	2.510
firmly	4.000
firmness	2.800
firms	4.380
firmware	3.230
firs	2.770
first	6.110
first floor	4.910
first lady	4.920
first language	5.060
first name	5.490
first person	5.440
first-floor	4.910
firstborn	2.880
firsthand	3.250
firstly	3.730
firsts	2.960
firth	3.180
fis	2.730
fisa	2.910
fiscal	4.260
fiscally	2.810
fischer	3.520
fish	4.900
fish's	2.520
fished	3.080
fisher	4.020
fisher's	2.710
fisheries	3.690
fisherman	3.490
fisherman's	2.700
fishermen	3.650
fishers	2.930
fishery	3.220
fishes	3.420
fishin	2.430
fishing	4.470
fishman	2.730
fishnet	2.460
fishy	3.280
fisk	3.040
fiske	2.650
fissile	2.560
fission	3.110
fissure	2.820
fissures	2.730
fist	3.890
fisted	2.730
fistful	2.580
fisting	2.640
fists	3.430
fistula	2.600
fit	4.950
fitbit	2.940
fitch	3.260
fitchburg	2.490
fitness	4.390
fits	4.270
fitted	4.130
fitter	3.010
fitters	2.420
fittest	2.990
fitting	4.100
fittingly	2.610
fittings	3.400
fitz	3.320
fitzgerald	3.640
fitzgerald's	2.490
fitzpatrick	3.250
fitzroy	2.930
fitzsimmons	2.500
fitzwilliam	2.490
fiu	2.470
five	5.450
fiver	2.710
fives	3.110
fix	4.750
fixated	2.940
fixation	3.270
fixed	4.700
fixer	3.040
fixes	3.590
fixing	4.090
fixture	3.670
fixtures	3.790
fizz	2.980
fizzle	2.500
fizzled	2.490
fizzy	2.820
fj	2.580
fjord	2.810
fjords	2.600
fk	3.090
fl	4.090
fla	3.590
flabbergasted	2.690
flabby	2.710
flac	2.500
flaccid	2.640
flacco	2.630
flack	2.950
flag	4.580
flagg	2.560
flagged	3.310
flagging	2.830
flagler	2.410
flagpole	2.640
flagrant	3.010
flags	4.090
flagship	3.750
flagstaff	2.900
flaherty	2.840
flail	2.550
flailing	2.870
flair	3.540
flak	3.060
flake	3.210
flaked	2.550
flakes	3.380
flaking	2.530
flaky	2.870
flamboyant	3.060
flame	4.070
flamed	2.580
flamenco	2.930
flames	4.030
flamethrower	2.640
flaming	3.430
flamingo	3.060
flamingos	2.700
flammable	3.170
flan	2.480
flanagan	3.170
flanders	3.330
flange	2.920
flanges	2.530
flank	3.640
flanked	3.270
flanker	2.690
flanking	3.020
flanks	3.150
flannel	3.180
flannery	2.800
flap	3.490
flapper	2.490
flapping	3.010
flappy	2.840
flaps	3.200
flare	3.640
flared	3.120
flares	3.300
flaring	2.740
flash	4.450
flashback	3.470
flashbacks	3.370
flashed	3.350
flashes	3.560
flashing	3.680
flashlight	3.460
flashlights	2.770
flashpoint	2.840
flashy	3.250
flask	3.200
flasks	2.650
flat	4.720
flatbed	2.630
flatbread	2.450
flatbush	2.620
flathead	2.690
flatly	2.910
flatmate	2.540
flatness	2.410
flatout	1.730
flats	3.770
flatten	2.980
flattened	3.360
flattening	2.750
flatter	3.270
flattered	3.240
flattering	3.460
flattery	2.960
flatulence	2.580
flaunt	2.920
flaunting	2.770
flaunts	2.560
flavia	2.580
flavor	4.040
flavored	3.440
flavorful	2.670
flavoring	2.770
flavors	3.610
flavour	3.730
flavoured	3.040
flavours	3.380
flaw	3.600
flawed	3.720
flawless	3.600
flawlessly	2.920
flaws	3.850
flax	3.050
flaxseed	2.410
flay	2.490
flayed	2.410
flea	3.420
fleas	3.110
fleck	2.570
flecks	2.530
fled	4.050
fledged	3.260
fledgling	3.100
flee	3.810
fleece	3.360
fleeced	2.410
fleeing	3.640
flees	2.880
fleet	4.330
fleeting	3.320
fleets	3.310
fleetwood	3.130
fleischer	2.560
fleming	3.560
fleming's	2.430
flemington	2.500
flemish	3.090
flemming	2.600
flesh	4.200
fleshed	2.720
fleshy	2.990
fletch	2.460
fletcher	3.800
fletcher's	2.500
fleur	2.960
fleurs	2.420
fleury	2.870
flew	4.160
flex	3.730
flexed	2.760
flexes	2.450
flexibility	4.020
flexible	4.130
flexibly	2.470
flexing	3.070
flexion	2.590
flexor	2.530
flick	3.630
flicked	2.910
flicker	3.100
flickered	2.410
flickering	2.990
flickers	2.410
flicking	2.890
flickr	3.330
flicks	3.080
flier	2.920
fliers	2.990
flies	4.090
flight	4.860
flight's	2.450
flightiness	0.000
flightless	2.470
flights	4.210
flighty	2.370
flimsy	3.100
flinch	2.920
flinched	2.520
flinching	2.480
flinders	3.020
fling	3.330
flinging	2.730
flings	2.660
flint	3.770
flintshire	2.530
flintstones	2.490
flip	4.200
flipkart	2.530
flippant	2.590
flipped	3.650
flipper	2.800
flippers	2.700
flippin	2.530
flipping	3.570
flips	3.290
flipside	2.570
flirt	3.520
flirtation	2.740
flirtatious	2.770
flirted	2.840
flirting	3.640
flirts	2.750
flirty	3.030
flit	2.460
flo	3.300
float	3.940
floated	3.410
floater	2.590
floating	4.180
floats	3.460
flock	3.690
flocked	2.910
flocking	2.850
flocks	3.030
floe	2.150
flog	2.700
flogged	2.700
flogging	2.850
flood	4.340
flooded	3.790
floodgates	2.710
flooding	3.970
floodlights	2.490
floodplain	2.730
floods	3.780
floodwaters	2.570
floor	4.940
floorboards	2.710
floored	2.930
flooring	3.280
floors	4.040
flop	3.560
flopped	2.980
flopping	2.840
floppy	3.250
flops	3.300
flor	2.740
flora	3.700
floral	3.770
florence	3.960
florentine	2.920
flores	3.300
florets	2.490
florian	2.790
florida	4.760
florida's	3.240
floridians	2.450
florist	3.010
florists	2.640
floss	3.180
flossing	2.610
flotation	3.130
flotilla	2.870
flounder	2.780
floundering	2.570
flour	4.000
flourish	3.530
flourished	3.320
flourishes	2.890
flourishing	3.290
flow	4.680
flowchart	2.580
flowed	3.330
flower	4.420
flowered	2.810
flowering	3.530
flowers	4.640
flowery	2.880
flowing	4.020
flown	3.830
flows	4.140
floyd	3.830
floyd's	2.670
fls	2.400
flu	3.960
fluctuate	2.990
fluctuated	2.710
fluctuates	2.710
fluctuating	3.000
fluctuation	2.890
fluctuations	3.470
flue	2.770
fluency	3.020
fluent	3.520
fluently	2.910
fluff	3.200
fluffy	3.590
fluid	4.220
fluidity	2.900
fluids	3.730
fluke	3.140
flume	2.810
flung	3.330
flunk	2.170
fluorescence	3.240
fluorescent	3.370
fluoridation	2.420
fluoride	3.250
fluorine	2.700
flurry	3.110
flush	3.800
flushed	3.270
flushes	2.700
flushing	3.400
flustered	2.930
flute	3.520
fluted	2.610
flutes	2.820
flutter	3.060
fluttered	2.420
fluttering	2.990
fluvial	2.440
flux	3.570
fluxes	2.510
fly	4.750
flyby	2.490
flyer	3.580
flyers	3.690
flyin	2.510
flying	4.710
flynn	3.780
flynn's	2.700
flynt	2.450
flyover	2.810
flyweight	2.420
flywheel	2.760
fm	4.020
fm's	2.430
fma	2.510
fmc	2.480
fml	2.800
fmla	2.460
fmri	2.680
fms	2.630
fn	3.400
fnatic	2.440
fnb	2.480
fnc	2.800
fo	3.650
foa	2.410
foal	2.830
foals	2.630
foam	3.780
foaming	2.950
foams	2.760
foamy	2.410
fob	3.100
focal	3.670
foci	2.440
focus	5.000
focused	4.650
focuses	4.080
focusing	4.250
focussed	3.130
focussing	2.810
fodder	3.360
foe	3.510
foes	3.430
foetal	2.580
foetus	2.780
fog	3.900
fogarty	2.610
fogg	2.640
foggy	3.190
foh	2.550
foi	2.680
foia	2.890
foibles	2.490
foie	2.680
foil	3.760
foiled	2.980
foils	2.810
fol	3.260
folate	2.650
fold	4.080
foldable	2.620
folded	3.780
folder	3.740
folders	3.220
folding	3.700
folds	3.430
foles	2.680
foley	3.500
foliage	3.410
folic	2.710
folio	3.110
folk	4.220
folkestone	2.650
folklore	3.490
folks	4.590
folksy	2.430
folktale	2.160
follicle	2.800
follicles	2.930
follicular	2.510
follies	2.900
follow	5.140
followed	5.050
follower	3.560
followers	4.290
following	5.460
followings	2.480
follows	4.810
followup	2.870
folly	3.340
folsom	2.930
fomc	2.440
foment	2.400
fomo	2.550
fon	2.500
fond	3.890
fonda	2.980
fondant	2.570
fondest	2.540
fondle	2.520
fondling	2.550
fondly	3.200
fondness	3.140
fondue	2.590
fong	3.000
fonseca	2.490
font	3.800
fontaine	2.990
fontainebleau	2.430
fontana	2.920
fonte	2.450
fonts	3.240
foo	3.340
food	5.400
foodie	3.060
foodies	2.730
foods	4.410
foodservice	2.540
foodstuffs	2.840
fook	2.470
fool	4.290
fool's	3.120
fooled	3.600
foolhardy	2.570
fooling	3.310
foolish	3.890
foolishly	2.960
foolishness	3.060
foolproof	2.870
fools	3.880
foot	4.870
footage	4.310
football	5.110
football's	2.820
footballer	3.690
footballers	3.450
footballing	2.870
footballs	2.720
footbridge	2.630
foote	2.850
footed	3.300
footer	3.100
foothill	2.520
foothills	3.160
foothold	3.070
footing	3.500
footloose	2.510
footman	2.500
footnote	3.170
footnotes	3.200
footpath	2.990
footpaths	2.640
footprint	3.520
footprints	3.290
footscray	2.450
footsteps	3.690
footwear	3.420
footwork	3.120
footy	3.150
fop	2.440
for	7.010
fora	2.740
forage	3.120
foraging	3.130
foramen	2.430
foray	3.040
forays	2.640
forbade	3.030
forbearance	2.480
forbes	3.810
forbid	3.660
forbidden	3.960
forbidding	3.070
forbids	3.130
force	5.230
force's	2.920
forced	4.830
forceful	3.240
forcefully	3.260
forceps	2.630
forces	4.980
forcible	2.820
forcibly	3.460
forcing	4.210
ford	4.500
ford's	3.210
forde	2.510
fordham	2.990
fords	2.740
fore	3.520
forearm	3.280
forearms	2.790
forebears	2.620
foreboding	2.790
forecast	4.090
forecasted	2.670
forecaster	2.430
forecasters	2.630
forecasting	3.470
forecasts	3.580
foreclose	2.510
foreclosed	2.830
foreclosure	3.410
foreclosures	2.800
forecourt	2.510
forefathers	2.920
forefront	3.520
forego	2.840
foregoing	3.080
foregone	2.760
foreground	3.260
forehand	2.700
forehead	3.870
foreheads	2.660
foreign	5.080
foreigner	3.480
foreigners	3.870
foreman	3.580
foremost	3.780
forensic	3.750
forensics	3.210
foreplay	3.010
forerunner	2.990
forerunners	2.590
foresaw	2.720
foresee	3.180
foreseeable	3.340
foreseen	2.960
foreshadowed	2.760
foreshadowing	2.760
foreshore	2.610
foresight	3.160
foreskin	2.720
forest	4.700
forestall	2.620
forested	3.030
forester	2.980
foresters	2.740
forestry	3.690
forests	4.070
forethought	2.470
foretold	2.840
forever	4.740
forevermore	2.410
forewarned	2.510
foreword	3.130
forex	3.640
forfeit	3.320
forfeited	3.070
forfeiting	2.430
forfeiture	3.040
forgave	3.040
forge	3.780
forged	3.720
forger	2.510
forgeries	2.660
forgery	3.190
forges	2.690
forget	5.060
forgetful	2.870
forgetfulness	2.580
forgets	3.410
forgettable	2.870
forgetting	3.920
forging	3.320
forgive	4.250
forgiven	3.660
forgiveness	3.870
forgives	2.960
forgiving	3.490
forgo	2.990
forgoing	2.440
forgot	4.630
forgotten	4.400
fork	4.030
forked	2.960
forking	2.560
forklift	2.870
forks	3.450
forlorn	2.830
forlornly	1.860
form	5.310
forma	2.950
formal	4.450
formaldehyde	2.970
formalised	2.400
formalism	2.680
formalities	2.930
formality	3.150
formalize	2.470
formalized	2.840
formally	4.010
forman	2.950
format	4.470
formation	4.490
formations	3.620
formative	3.270
formats	3.760
formatted	3.010
formatting	3.310
forme	2.440
formed	4.680
former	5.280
formerly	4.240
formers	2.450
formica	2.430
formidable	3.650
formidably	1.790
forming	4.210
formless	2.450
formosa	2.760
forms	4.730
formula	4.450
formulae	2.770
formulaic	2.740
formulas	3.440
formulate	3.230
formulated	3.520
formulating	2.960
formulation	3.480
formulations	3.070
fornication	2.710
forrest	3.600
forrester	3.060
forsake	2.910
forsaken	3.160
forsberg	2.440
forster	3.290
forsyth	3.160
forsythe	2.660
fort	4.450
fortaleza	2.570
forte	3.240
fortescue	2.700
forth	4.400
forthcoming	3.750
forthe	2.460
forthright	2.780
forthwith	2.650
forties	3.040
fortification	2.840
fortifications	3.070
fortified	3.430
fortify	2.900
fortifying	2.460
fortis	2.490
fortitude	3.150
fortnight	3.410
fortnightly	2.760
fortnite	3.290
fortran	2.690
fortress	3.770
fortresses	2.840
forts	3.230
fortuitous	2.680
fortuna	2.710
fortunate	3.970
fortunately	3.970
fortune	4.300
fortunes	3.620
forty	4.200
forum	4.380
forums	3.850
forward	5.120
forwarded	3.360
forwarding	3.210
forwards	3.810
forza	3.100
fos	2.630
foss	2.880
fossa	2.570
fosse	2.430
fossil	3.990
fossilised	2.450
fossilized	2.660
fossils	3.540
foster	4.330
foster's	2.790
fostered	3.170
fostering	3.350
fosters	3.110
fot	2.400
foto	2.540
fou	2.580
foucault	2.830
fought	4.490
foul	4.050
fouled	3.070
fouling	2.900
fouls	3.150
found	5.680
foundation	4.810
foundation's	3.180
foundational	3.060
foundations	3.970
founded	4.500
founder	4.460
founder's	2.700
foundered	2.510
founders	3.830
founding	3.990
foundling	2.410
foundries	2.490
foundry	3.320
founds	2.400
fountain	3.910
fountains	3.290
four	5.530
fourfold	2.440
fourier	3.070
fournette	2.480
fournier	2.660
fours	3.240
foursome	2.750
foursquare	2.700
fourteen	3.880
fourteenth	3.350
fourth	4.830
fourths	2.760
fowl	3.000
fowler	3.630
fowler's	2.400
fox	4.660
fox's	3.130
foxconn	2.450
foxes	3.420
foxtel	2.540
foxtrot	2.600
foxx	2.990
foxy	3.000
foy	2.810
foyer	3.090
foyle	2.610
fp	3.170
fpc	2.420
fpga	2.510
fpl	2.550
fps	3.350
fpv	2.440
fr	4.090
fra	3.090
frack	2.440
fracking	3.310
fractal	2.970
fractals	2.450
fraction	3.960
fractional	3.050
fractions	3.320
fractious	2.340
fracture	3.700
fractured	3.490
fractures	3.530
fracturing	2.960
frag	2.470
fragile	3.860
fragility	2.980
fragment	3.550
fragmentary	2.830
fragmentation	3.230
fragmented	3.330
fragments	3.820
fragrance	3.530
fragrances	2.840
fragrant	3.210
frail	3.280
frailty	2.710
frame	4.580
framed	3.900
framers	2.540
frames	4.010
framework	4.290
frameworks	3.290
framing	3.580
framingham	2.680
frampton	2.650
fran	3.430
franc	3.110
franca	2.660
francais	2.530
france	4.940
france's	3.350
frances	3.700
francesca	3.310
francesco	3.310
franchise	4.290
franchise's	2.640
franchised	2.660
franchisee	2.680
franchisees	2.730
franchises	3.560
franchising	2.750
francine	2.840
francis	4.390
franciscan	2.930
franciscans	2.550
francisco	4.530
francisco's	2.940
franck	2.970
franco	3.730
franco's	2.640
francois	3.370
francophone	2.750
francs	3.480
frank	4.750
frank's	3.090
frankel	2.920
franken	3.000
frankenstein	3.330
frankenstein's	2.450
frankfort	2.770
frankfurt	3.620
frankfurter	2.650
frankie	3.650
frankincense	2.440
frankish	2.510
franklin	4.210
franklin's	2.860
frankly	4.050
frankness	2.510
franks	3.230
frankston	2.520
franky	2.680
frans	2.780
frantic	3.330
frantically	3.180
frantz	2.400
franz	3.530
franzen	2.410
français	2.610
française	2.560
françois	3.430
françoise	2.480
fraser	3.820
fraser's	2.400
frasier	2.800
frat	3.250
fraternal	3.070
fraternities	2.840
fraternity	3.560
frau	3.070
fraud	4.370
frauds	3.030
fraudster	2.490
fraudsters	2.660
fraudulent	3.610
fraudulently	2.890
frauen	2.470
fraught	3.120
fraunhofer	2.410
fray	3.280
frayed	2.800
frazer	2.900
frazier	3.220
frazzled	2.490
frc	2.530
fre	2.650
freak	4.080
freaked	3.520
freakin	3.370
freaking	4.040
freakish	2.550
freakishly	2.420
freaks	3.560
freaky	3.390
freckles	3.000
fred	4.210
fred's	2.610
freda	2.640
freddie	3.760
freddy	3.440
freddy's	2.660
frederic	3.230
frederick	3.950
fredericks	2.450
fredericksburg	2.840
fredericton	2.510
frederik	2.610
fredo	2.570
fredrick	2.550
fredrik	2.680
free	5.630
freebie	2.860
freebies	2.950
freebsd	2.480
freed	3.850
freedman	2.960
freedmen	2.540
freedom	4.860
freedoms	3.620
freefall	2.560
freeform	2.550
freehand	2.540
freehold	2.920
freeing	3.400
freelance	3.680
freelancer	3.000
freelancers	2.810
freelancing	2.640
freeland	2.640
freely	4.070
freeman	3.830
freeman's	2.550
freemason	2.430
freemasonry	2.730
freemasons	2.670
freemen	2.470
freemium	2.410
freeport	2.920
freer	2.990
frees	3.180
freese	2.440
freestanding	2.680
freestyle	3.800
freetown	2.830
freeview	2.500
freeware	2.570
freeway	3.610
freeways	2.870
freeze	4.110
freezer	3.660
freezers	2.640
freezes	3.290
freezing	4.050
frei	2.460
freiburg	2.710
freight	3.990
freighter	3.050
freighters	2.540
fremantle	3.190
fremont	3.200
fren	2.490
french	5.090
frenchie	2.420
frenchman	3.340
frenchmen	2.800
frenetic	2.680
frenzied	2.820
frenzy	3.440
frequencies	3.740
frequency	4.360
frequent	4.270
frequented	3.190
frequenting	2.460
frequently	4.560
frequents	2.410
frere	2.440
fresco	3.090
frescoes	2.770
fresh	4.830
freshen	2.850
freshener	2.510
fresher	3.020
freshers	2.580
freshest	2.760
freshly	3.610
freshman	3.980
freshmen	3.390
freshness	3.120
freshwater	3.520
fresnel	2.420
fresno	3.410
fret	3.270
frets	2.650
fretted	2.590
fretting	2.810
freud	3.470
freud's	2.580
freudian	2.820
freund	2.520
frey	3.060
freya	2.940
fri	3.420
friar	3.040
friars	2.940
frick	2.980
frickin	3.020
fricking	2.710
friction	3.710
frictional	2.420
frida	2.970
friday	4.960
friday's	3.370
fridays	3.440
fridge	4.020
fridges	2.680
fried	4.060
frieda	2.710
friedman	3.470
friedrich	3.340
friend	5.370
friend's	3.950
friendless	2.490
friendlier	2.720
friendlies	3.030
friendliest	2.710
friendliness	2.930
friendly	4.640
friends	5.430
friendship	4.390
friendships	3.670
friendzone	2.490
fries	3.810
frieze	2.790
frigate	3.090
frigates	2.840
friggin	3.170
frigging	2.560
fright	3.300
frighten	3.080
frightened	3.740
frightening	3.670
frighteningly	2.510
frightens	2.610
frightful	2.820
frigid	2.980
frills	2.900
frilly	2.510
fringe	3.860
fringed	2.760
fringes	3.180
frisbee	2.960
frisco	2.940
frisk	2.920
frisky	2.740
frith	2.600
frito	2.420
fritters	2.530
fritz	3.420
frivolity	2.410
frivolous	3.220
frizz	2.400
frizzy	2.600
fro	3.320
frock	2.880
frocks	2.400
frodo	2.900
frog	3.890
froggy	2.470
frogs	3.560
frolic	2.680
frolicking	2.490
from	6.630
frome	2.650
fromm	2.660
fron	2.430
fronds	2.550
front	5.280
frontage	2.990
frontal	3.480
fronted	3.120
frontend	2.480
frontier	3.970
frontiers	3.270
fronting	3.030
frontline	3.350
frontlines	2.520
frontman	3.170
frontpage	2.430
frontrunner	2.690
fronts	3.560
froome	2.520
frost	3.950
frostbite	2.850
frosted	3.030
frostily	1.160
frosting	3.050
frosts	2.520
frosty	3.200
froth	2.750
frothing	2.490
frothy	2.630
frown	3.260
frowned	3.240
frowning	2.710
frowns	2.690
froze	3.420
frozen	4.320
frp	2.470
frs	2.690
fructose	3.020
frugal	3.110
frugality	2.520
fruit	4.570
fruitful	3.300
fruiting	2.610
fruition	3.220
fruitless	3.040
fruits	4.070
fruity	3.260
frum	2.430
frustrate	2.990
frustrated	4.080
frustrates	2.690
frustrating	3.970
frustratingly	2.530
frustration	3.970
frustrations	3.260
fry	3.890
fry's	2.520
frye	2.950
fryer	2.990
frying	3.420
frying pan	3.380
frédéric	2.420
fs	3.410
fsa	3.140
fsb	2.900
fsc	2.660
fsm	2.500
fsu	3.130
ft	4.520
fta	2.920
ftc	3.230
fte	2.660
ftl	2.670
ftm	2.440
ftp	3.010
fts	2.670
ftse	2.760
ftw	2.820
fu	3.880
fuchs	2.810
fuchsia	2.690
fuck	5.390
fuck's	2.870
fucked	4.590
fucken	2.630
fucker	3.670
fuckers	3.440
fuckery	2.770
fuckin	4.330
fucking	5.330
fucks	3.900
fudge	3.330
fuego	2.700
fuel	4.720
fueled	3.570
fueling	3.150
fuelled	3.050
fuelling	2.590
fuels	3.820
fuentes	2.850
fugitive	3.540
fugitives	3.110
fugue	2.730
fuhrer	2.450
fuji	3.220
fujian	2.580
fujifilm	2.560
fujita	2.410
fujitsu	2.630
fuk	2.610
fukuoka	2.690
fukushima	3.260
ful	2.710
fulani	2.650
fulbright	2.850
fulcrum	2.760
fulfil	3.550
fulfill	3.860
fulfilled	3.770
fulfilling	3.710
fulfillment	3.440
fulfills	2.920
fulfilment	2.970
fulfils	2.500
fulham	3.370
full	5.540
full stop	5.230
full-time	5.470
fullback	3.220
fullbacks	2.540
fuller	3.790
fullerton	3.000
fullest	3.480
fullness	3.030
fulltime	2.850
fully	4.890
fulton	3.500
fumble	3.360
fumbled	2.970
fumbles	2.890
fumbling	2.820
fume	2.630
fumes	3.340
fuming	2.950
fun	5.300
function	4.780
functional	4.240
functionalities	2.430
functionality	3.700
functionally	3.190
functioned	3.070
functioning	4.020
functions	4.500
fund	4.820
fund's	2.820
fundamental	4.330
fundamentalism	2.920
fundamentalist	3.160
fundamentalists	2.850
fundamentally	3.770
fundamentals	3.590
funded	4.290
funder	2.540
funders	2.730
funding	4.630
fundraise	2.430
fundraiser	3.590
fundraisers	3.000
fundraising	3.810
funds	4.740
funeral	4.370
funerals	3.320
funerary	2.530
fung	2.950
fungal	3.310
fungi	3.480
fungicide	2.400
fungus	3.530
funimation	2.430
funk	3.710
funko	2.480
funky	3.630
funnel	3.470
funneled	2.680
funneling	2.520
funnels	2.760
funnier	3.410
funnies	2.400
funniest	3.590
funnily	2.740
funny	5.020
fuqua	2.410
fur	4.030
furies	2.530
furious	3.980
furiously	3.190
furlong	2.800
furlongs	2.830
furlough	2.750
furman	2.760
furnace	3.620
furnaces	3.060
furness	2.770
furnish	3.140
furnished	3.650
furnishing	3.020
furnishings	3.320
furniture	4.290
furor	2.520
furore	2.360
furries	2.510
furrow	2.570
furrowed	2.460
furry	3.560
furs	3.000
further	5.310
furtherance	2.560
furthered	2.620
furthering	3.030
furthermore	4.230
furthers	2.500
furthest	3.170
furtive	2.490
fury	3.910
fuscous	2.470
fuse	3.620
fused	3.400
fuselage	3.090
fuses	3.070
fusiliers	2.510
fusing	2.910
fusion	4.020
fusions	2.530
fuss	3.620
fussed	2.540
fussing	2.680
fussy	3.040
fut	2.640
futa	2.420
futbol	2.440
futile	3.390
futility	2.960
futon	2.560
futsal	2.710
futurama	2.770
future	5.330
future's	2.670
futures	3.840
futurism	2.470
futurist	2.720
futuristic	3.370
futurity	2.410
fuze	2.410
fuzz	3.060
fuzzy	3.650
fv	2.640
fw	3.160
fwb	2.410
fwd	2.770
fwiw	2.530
fx	3.590
fy	3.130
fy00	2.940
fy0000	2.720
fyfe	2.460
fyi	3.520
fyodor	2.550
féin	2.850
führer	2.670
für	3.050
g	5.000
g'day	2.530
g's	3.010
g.d	2.440
g.i	2.870
g.m	2.590
g.w	2.510
g00	3.580
g000	3.030
g0000	2.460
g1	3.120
g2	3.160
g3	3.050
g4	3.000
g5	2.840
g6	2.690
g7	2.940
g8	2.870
ga	4.140
gaa	2.970
gaal	2.960
gaap	3.050
gab	2.830
gaba	2.840
gabba	2.480
gabbana	2.720
gabby	3.160
gabe	3.310
gabi	2.960
gable	3.080
gables	2.920
gabon	2.920
gabor	2.560
gabriel	3.920
gabriel's	2.600
gabriela	2.810
gabriele	2.560
gabriella	2.900
gabrielle	3.330
gaby	2.860
gac	2.460
gacha	2.400
gad	2.920
gaddafi	3.160
gadget	3.450
gadgets	3.590
gadsden	2.550
gael	2.930
gaelic	3.240
gaf	2.420
gaff	2.680
gaffe	2.660
gaffer	2.570
gaffney	2.720
gag	3.630
gaga	3.590
gaga's	2.720
gage	3.220
gagged	2.900
gagging	2.930
gaggle	2.710
gagnon	2.510
gags	3.080
gah	3.020
gai	2.880
gaia	3.030
gaiety	2.570
gail	3.470
gaiman	2.760
gain	4.810
gained	4.490
gainer	2.540
gaines	3.070
gainesville	3.110
gainful	2.470
gaining	4.130
gains	4.250
gainsborough	2.550
gait	3.090
gaithersburg	2.580
gaius	2.990
gal	3.810
gala	3.670
galactic	3.490
galactica	2.900
galapagos	2.920
galatasaray	2.940
galatians	2.750
galaxies	3.550
galaxy	4.280
galaxy's	2.530
galbraith	2.760
gale	3.620
galen	2.950
galena	2.670
galerie	2.490
gales	2.810
galicia	2.750
galician	2.440
galilee	3.120
galileo	3.200
gall	3.300
gallagher	3.580
gallant	3.210
gallantry	2.870
gallardo	2.590
gallatin	2.660
gallaudet	2.460
gallbladder	2.810
galle	2.490
gallen	2.910
galleon	2.570
galleria	2.750
galleries	3.850
gallery	4.490
gallery's	2.540
galley	3.220
galleys	2.680
gallic	2.760
galling	2.520
gallipoli	2.980
gallium	2.630
gallo	3.050
gallon	3.750
gallons	3.640
gallop	3.030
galloping	2.930
galloway	3.360
gallows	3.080
gallstones	2.400
gallup	3.120
galore	3.110
gals	3.260
galt	2.590
galvanised	2.550
galvanized	3.020
galveston	3.240
galvin	2.590
galway	3.220
gam	2.770
gama	2.570
gamal	2.500
gambia	3.020
gambier	2.470
gambino	2.830
gambit	3.100
gamble	3.790
gambled	2.750
gambler	3.150
gamblers	3.130
gambles	2.440
gambling	4.080
game	5.720
game's	3.830
gameboy	2.550
gamecocks	2.670
gamecube	2.880
gameday	2.640
gamely	2.040
gamepad	2.450
gameplan	2.450
gameplay	3.980
gamer	3.620
gamergate	3.070
gamers	3.640
games	5.440
gamescom	2.460
gamestop	2.910
gamification	2.480
gaming	4.360
gamma	3.700
gammon	2.510
gamora	2.450
gamut	2.870
gan	3.070
ganda	2.400
gandalf	3.080
gander	2.890
gandhi	3.830
gandhi's	2.770
gandy	2.480
ganesh	2.950
ganesha	2.680
gang	4.500
gang's	2.720
ganga	2.900
gangbang	2.610
ganges	2.920
ganging	2.420
gangland	2.560
ganglia	2.590
ganglion	2.590
gangnam	2.790
gangrene	2.680
gangs	3.730
gangsta	3.010
gangster	3.550
gangsters	3.240
ganguly	2.470
gangway	2.510
ganja	2.720
gannett	2.540
gannon	2.840
gant	2.690
gantry	2.630
ganymede	2.500
ganz	2.540
gao	3.460
gaol	2.840
gaon	2.780
gap	4.470
gape	2.540
gaping	3.190
gaps	3.860
gar	2.990
garage	4.250
garages	3.130
garb	3.010
garbage	4.180
garber	2.730
garbled	2.600
garbo	2.550
garcia	3.890
garcia's	2.520
garcinia	2.500
garcía	3.040
gard	2.660
garda	2.860
garde	3.340
garden	4.770
garden's	2.490
gardener	3.490
gardeners	3.250
gardenia	2.430
gardening	3.670
gardens	4.270
gardiner	3.240
gardner	3.760
gardner's	2.480
gare	2.590
gareth	3.520
garfield	3.430
garfunkel	2.600
gargantuan	2.660
gargoyle	2.630
gargoyles	2.520
garibaldi	2.860
garish	2.580
garland	3.460
garlands	2.620
garlic	3.920
garment	3.590
garments	3.500
garmin	2.920
garner	3.550
garnered	3.340
garnering	2.750
garnet	3.170
garnett	2.990
garnier	2.570
garnish	3.040
garnished	2.640
garret	2.900
garrett	3.670
garrick	2.860
garrido	2.410
garrison	3.670
garrisons	2.740
garry	3.310
garter	2.970
garth	3.310
gartner	2.900
garuda	2.530
garvey	3.010
garvin	2.510
gary	4.390
gary's	2.690
garza	2.950
gas	5.010
gascoigne	2.610
gaseous	2.930
gases	3.730
gash	2.870
gasification	2.440
gaskell	2.460
gasket	2.980
gaskets	2.600
gaslight	2.630
gaslighting	2.520
gasol	2.910
gasoline	3.850
gasp	3.450
gaspar	2.520
gasped	2.940
gasping	3.050
gasps	2.920
gass	2.440
gassed	3.010
gasses	2.610
gassing	2.650
gaston	3.180
gastric	3.300
gastro	2.630
gastroenterology	2.630
gastrointestinal	3.270
gastronomic	2.470
gastronomy	2.640
gat	2.820
gate	4.470
gated	3.230
gatehouse	2.620
gatekeeper	2.790
gatekeepers	2.680
gates	4.300
gateshead	2.730
gateway	3.830
gateways	2.830
gather	4.240
gathered	4.270
gatherer	2.770
gatherers	2.810
gathering	4.250
gatherings	3.510
gathers	3.280
gating	2.560
gatlin	2.440
gatling	2.470
gato	2.480
gator	3.190
gatorade	3.010
gators	3.220
gatsby	3.200
gatwick	2.910
gau	2.420
gauche	2.530
gaudy	2.830
gauge	4.020
gauged	2.490
gauges	3.120
gauging	2.710
gauguin	2.570
gaul	3.020
gaulle	3.020
gauls	2.640
gault	2.460
gaunt	2.900
gauntlet	3.140
gaurav	2.490
gauri	2.450
gauss	2.830
gaussian	2.940
gautam	2.650
gauteng	2.810
gauthier	2.560
gautier	2.470
gauze	2.890
gav	2.440
gave	5.250
gavel	2.660
gavin	3.740
gawain	2.610
gawd	2.830
gawk	2.400
gawker	2.870
gay	4.900
gaya	2.810
gayatri	2.400
gaye	2.940
gayest	2.410
gayle	3.160
gaylord	2.780
gaynor	2.560
gays	3.700
gaz	2.920
gaza	3.920
gaze	3.700
gazebo	2.710
gazed	2.830
gazelle	2.870
gazes	2.610
gazeta	2.470
gazette	3.610
gazetteer	2.430
gazillion	2.450
gazing	3.210
gazprom	2.640
gb	3.910
gba	2.580
gbp	2.970
gbr	2.550
gbs	2.650
gc	3.570
gcc	3.020
gchq	2.510
gcs	2.630
gcse	3.150
gcses	2.700
gd	3.210
gdansk	2.460
gdc	2.540
gdi	2.580
gdp	4.000
gdpr	2.530
gdr	2.940
ge	3.830
gea	2.940
gear	4.460
gearbox	3.200
geared	3.580
gearing	3.370
gears	3.670
geary	2.710
gecko	2.910
geckos	2.490
ged	2.990
geddes	2.760
gee	3.630
geek	3.610
geeks	3.270
geeky	2.940
geelong	3.280
geert	2.600
gees	2.710
geese	3.350
geeta	2.590
geez	3.380
geezer	2.860
geffen	2.560
geforce	2.820
gehrig	2.440
geico	2.570
geiger	2.960
geisha	2.780
geist	2.570
gel	3.840
gelatin	3.000
gelatinous	2.530
gelato	2.780
gelding	2.730
geldof	2.420
geller	2.930
gels	2.970
gem	3.870
gemini	3.380
gemma	3.330
gems	3.750
gemstone	2.980
gemstones	2.780
gen	4.330
gendarmerie	2.400
gendarmes	2.470
gender	4.590
gendered	3.080
genders	3.270
gene	4.360
genealogical	3.040
genealogies	2.490
genealogy	3.350
genera	3.390
general	5.470
general's	3.440
generale	2.600
generalisation	2.470
generalise	2.230
generalised	2.640
generalist	2.630
generality	2.510
generalization	3.210
generalizations	3.070
generalize	2.910
generalized	3.430
generalizing	2.620
generally	4.950
generals	3.720
generate	4.220
generated	4.340
generates	3.670
generating	3.990
generation	4.820
generation's	2.790
generational	3.280
generations	4.290
generative	2.770
generator	3.940
generators	3.640
generic	4.110
generically	2.570
generics	2.640
generosity	3.620
generous	4.200
generously	3.290
genes	4.140
genesee	2.740
genesis	3.850
genet	2.420
genetic	4.340
genetically	3.660
geneticist	2.610
geneticists	2.490
genetics	3.840
geneva	4.000
genevieve	3.050
geng	2.420
genghis	2.840
genial	2.720
genie	3.410
genital	3.450
genitalia	3.090
genitals	3.210
genitive	2.570
genius	4.330
geniuses	3.160
genji	2.820
gennady	2.530
gennaro	2.490
geno	2.860
genoa	3.180
genocidal	2.800
genocide	3.910
genoese	2.400
genome	3.700
genomes	3.040
genomic	3.110
genomically	0.000
genomics	2.990
genotype	2.870
genotypes	2.610
genovese	2.420
genre	4.170
genres	3.720
gens	2.880
gent	3.150
gente	2.510
genteel	2.640
gentile	3.030
gentiles	3.010
gentle	4.170
gentleman	4.160
gentleman's	2.970
gentlemanly	2.620
gentlemen	4.130
gentlemen's	2.750
gentleness	2.770
gentler	2.870
gently	4.080
gentrification	3.030
gentry	3.190
gents	3.150
genuine	4.370
genuinely	4.100
genus	3.730
geo	3.610
geochemical	2.480
geochemistry	2.480
geodesic	2.400
geodetic	2.580
geoff	3.580
geoffrey	3.640
geographer	2.560
geographers	2.640
geographic	3.970
geographical	3.850
geographically	3.350
geographies	2.590
geography	3.980
geologic	3.250
geological	3.820
geologically	2.490
geologist	3.210
geologists	3.140
geology	3.760
geomagnetic	2.500
geometric	3.590
geometrical	2.890
geometrically	2.480
geometries	2.660
geometry	3.880
geophysical	3.020
geophysics	2.720
geopolitical	3.150
geopolitics	2.820
geordie	2.810
georg	3.140
george	5.040
george's	3.580
georges	3.410
georgetown	3.570
georgette	2.560
georgi	2.630
georgia	4.460
georgia's	3.030
georgian	3.510
georgiana	2.530
georgians	2.670
georgie	3.040
georgina	3.080
georgy	2.510
geoscience	2.570
geosciences	2.440
geospatial	2.590
geostationary	2.400
geotechnical	2.640
geothermal	3.180
ger	3.090
geraint	2.540
gerais	2.420
gerald	3.760
geraldine	2.960
geraldo	2.690
geranium	2.590
gerard	3.680
gerardo	2.730
gerber	2.880
gerbil	2.440
gerd	2.720
gerda	2.560
gere	2.550
gerhard	2.970
gerhardt	2.520
geri	2.650
geriatric	2.950
geriatrics	2.470
germ	3.200
germain	3.260
germaine	2.710
german	4.950
germanic	3.190
germanium	2.430
germans	4.200
germantown	2.810
germany	4.900
germany's	3.530
germinate	2.630
germination	2.800
germs	3.390
geronimo	2.870
gerontology	2.500
gerrard	3.340
gerrit	2.460
gerry	3.620
gerrymandering	2.740
gers	2.470
gershwin	2.630
gerson	2.550
gert	2.610
gertrude	3.260
gervais	2.910
geschichte	2.690
gesellschaft	2.620
gestalt	2.650
gestapo	3.110
gestation	3.000
gestational	2.810
gesture	3.900
gestured	2.550
gestures	3.590
gesturing	2.640
get	6.280
get's	2.600
getaway	3.510
getaways	2.470
gets	5.250
getter	2.820
getters	2.440
gettin	3.720
getting	5.570
getty	3.490
gettysburg	3.140
getup	2.500
getz	2.460
geun	2.590
gev	2.410
geyer	2.440
geyser	2.800
geysers	2.550
gf	3.880
gfc	2.480
gfs	2.650
gg	3.440
ggg	2.670
gh	3.180
ghana	3.900
ghana's	2.690
ghanaian	3.140
ghanaians	2.590
ghani	2.640
ghar	2.410
ghastly	3.070
ghats	2.420
ghazi	2.690
ghb	2.450
ghee	2.670
ghent	2.860
ghetto	3.690
ghettos	2.750
ghg	2.630
ghibli	2.740
ghosh	2.760
ghost	4.420
ghostbusters	3.160
ghosted	2.660
ghosting	2.520
ghostly	3.140
ghosts	3.880
ghostwriter	2.480
ghoul	2.890
ghoulish	2.410
ghouls	2.770
ghraib	2.450
ghulam	2.490
ghz	3.310
gi	3.720
gia	3.070
giacomo	2.790
gian	2.580
giancarlo	2.690
gianna	2.430
gianni	2.910
giannis	2.840
giant	4.620
giant's	2.740
giants	4.310
gib	2.580
gibb	2.720
gibberish	2.970
gibbon	2.800
gibbons	3.240
gibbs	3.650
gibraltar	3.350
gibson	3.900
gibson's	2.730
giddens	2.400
giddings	2.440
giddy	3.220
gideon	3.330
gif	3.900
gifford	2.970
giffords	2.450
gifs	3.380
gift	4.780
gifted	3.890
gifting	2.970
gifts	4.380
gig	3.980
giga	2.510
gigabit	2.810
gigabyte	2.650
gigabytes	2.540
gigantic	3.630
giggle	3.350
giggled	2.890
giggles	3.360
giggling	3.250
giggs	2.860
gigi	3.190
gigolo	2.470
gigs	3.600
gil	3.550
gila	2.910
gilbert	3.900
gilbert's	2.410
gilberto	2.590
gilchrist	2.900
gild	2.430
gilda	2.650
gilded	3.300
gilding	2.580
gilead	2.870
giles	3.580
gilgamesh	2.680
gill	3.630
gillan	2.520
gillard	2.700
gilles	3.010
gillespie	3.250
gillett	2.620
gillette	3.090
gilliam	2.760
gillian	3.310
gillies	2.690
gilligan	2.800
gillingham	2.680
gillis	2.810
gills	3.060
gilly	2.610
gilman	2.900
gilmore	3.340
gilmour	2.860
gilpin	2.470
gilroy	2.760
gilt	3.090
gimbal	2.490
gimli	2.410
gimme	3.570
gimmick	3.190
gimmicks	2.890
gimmicky	2.440
gimp	2.800
gin	3.680
gina	3.580
ginger	3.930
gingerbread	3.030
gingerly	2.590
gingrich	2.990
gini	2.680
ginn	2.600
ginny	2.980
gino	3.030
ginormous	2.400
gins	2.410
ginsberg	2.830
ginsburg	2.970
ginseng	2.760
gio	2.930
giordano	2.620
giorgio	3.240
giorno	2.540
giovanna	2.550
giovanni	3.420
gippsland	2.560
gipsy	2.650
gir	2.520
giraffe	3.320
giraffes	2.910
girard	2.870
girardi	2.630
girder	2.710
girders	2.570
girdle	2.810
girl	5.380
girl's	3.960
girlfriend	4.680
girlfriend's	3.280
girlfriends	3.680
girlie	2.830
girlish	2.470
girls	5.170
girly	3.230
giro	3.030
girolamo	2.670
giroud	3.100
giroux	2.700
girth	2.920
gis	3.200
gisborne	2.500
gisele	2.560
giselle	2.810
gish	2.420
gist	3.180
git	3.360
gita	2.930
github	3.180
gitmo	2.630
giulia	2.740
giuliani	3.100
giuliano	2.560
giulio	2.650
giuseppe	3.140
give	5.710
giveaway	3.550
giveaways	3.140
given	5.410
givenchy	2.720
givens	2.700
giver	3.200
givers	2.740
gives	5.030
giveth	2.570
givin	2.860
giving	5.150
giza	2.780
gizmo	2.610
gj	2.730
gk	3.110
gl	3.430
gla	2.600
glabrous	2.560
glacial	3.390
glaciation	2.500
glacier	3.580
glaciers	3.310
glacis	1.790
glad	4.900
glade	2.780
glades	2.630
gladiator	3.190
gladiators	3.020
gladly	3.670
gladness	2.480
gladstone	3.240
gladwell	2.420
gladys	3.240
glam	3.230
glamorgan	2.820
glamorous	3.500
glamour	3.510
glamourous	2.030
glance	3.910
glanced	3.170
glances	3.040
glancing	3.010
gland	3.380
glands	3.390
glandular	2.730
glans	2.420
glare	3.360
glared	2.590
glares	2.480
glaring	3.310
glas	2.420
glaser	2.730
glasgow	4.190
glasgow's	2.450
glass	4.850
glasses	4.340
glasshouse	2.430
glassware	2.860
glassy	2.780
glastonbury	3.120
glaucoma	3.010
glaxosmithkline	2.400
glaze	3.280
glazed	3.340
glazer	2.550
glazes	2.450
glazing	3.010
glc	2.480
gleam	2.970
gleaming	3.100
glean	2.730
gleaned	2.950
gleason	2.860
glebe	2.630
glee	3.490
gleeful	2.430
gleefully	2.780
gleeson	2.700
glen	3.870
glencoe	2.700
glenda	2.740
glendale	3.190
glenelg	2.570
glenn	3.970
glennon	2.530
glens	2.660
glenwood	2.640
gli	2.510
glial	2.460
glib	2.640
glick	2.590
glide	3.330
glided	2.470
glider	3.090
gliders	2.730
glides	2.680
gliding	3.140
glimmer	3.110
glimpse	3.810
glimpsed	2.700
glimpses	3.190
glint	2.650
glistening	2.870
glitch	3.450
glitches	3.150
glitter	3.560
glittering	3.190
glitters	2.540
glittery	2.690
glitz	2.660
glitzy	2.370
glo	2.730
gloat	2.620
gloating	2.650
glob	2.480
global	4.950
global warming	4.000
globalisation	2.950
globalism	2.580
globalist	2.770
globalists	2.510
globalization	3.460
globalized	2.570
globally	3.820
globe	4.280
globes	3.050
globetrotters	2.460
globo	2.560
globular	2.690
glocal	1.470
glock	3.100
gloom	3.310
gloomy	3.390
gloria	3.730
glories	2.850
glorification	2.640
glorified	3.230
glorifies	2.460
glorify	3.050
glorifying	2.800
glorious	4.080
gloriously	2.820
glory	4.360
glory in	4.360
gloss	3.470
glossary	3.190
glossed	2.620
glosses	2.680
glossy	3.430
gloucester	3.530
gloucestershire	3.260
glove	3.730
gloved	2.560
glover	3.330
gloves	4.040
glow	3.910
glowed	2.630
glowing	3.750
glows	2.930
gluck	2.430
glucose	3.750
glue	3.800
glued	3.410
glues	2.420
gluing	2.580
glum	2.520
glumly	1.880
glut	2.810
glutamate	2.880
glutamine	2.500
glutathione	2.690
gluten	3.620
glutes	2.510
glutton	2.450
gluttony	2.680
glycemic	2.460
glycerin	2.620
glycerol	2.570
glycine	2.610
glycogen	2.780
glycol	2.870
glycoprotein	2.570
glyn	2.790
glynn	2.740
glyph	2.700
glyphosate	2.690
glyphs	2.670
gm	4.160
gm's	2.780
gma	3.320
gmail	3.320
gmail.com	2.710
gmb	2.540
gmbh	3.240
gmc	3.060
gmo	3.250
gmos	2.840
gmp	2.860
gms	2.900
gmt	3.650
gn	2.850
gnarly	2.770
gnat	2.460
gnats	2.460
gnaw	2.560
gnawing	2.750
gnc	2.650
gnocchi	2.530
gnome	3.200
gnomes	2.760
gnostic	2.770
gnp	2.400
gnu	3.040
go	6.030
go's	2.450
goa	3.400
goad	2.650
goaded	2.400
goal	5.060
goalie	3.480
goalies	2.660
goalkeeper	3.790
goalkeepers	2.840
goalkeeping	2.680
goalless	2.720
goalposts	2.590
goals	4.950
goalscorer	2.920
goalscoring	2.550
goaltender	2.980
goaltending	2.680
goat	4.020
goat's	2.630
goatee	2.680
goats	3.720
gob	2.700
gobble	2.830
gobbled	2.510
gobbling	2.520
gobi	2.540
goblet	2.880
goblin	3.310
goblins	3.010
gobsmacked	2.530
god	5.570
god's	4.370
godaddy	2.590
godard	2.630
goddam	2.690
goddammit	2.950
goddamn	3.990
goddamned	2.950
goddamnit	2.650
goddard	3.300
goddess	4.010
goddesses	3.080
godfather	3.440
godfrey	3.290
godhead	2.660
godin	2.600
godless	2.810
godlike	2.660
godliness	2.530
godly	3.260
godmother	2.920
godolphin	2.570
godot	2.610
gods	4.400
godsend	2.780
godson	2.560
godspeed	2.830
godwin	3.020
godzilla	3.360
goebbels	2.890
goer	2.590
goering	2.420
goers	3.090
goes	5.220
goethe	3.150
goetz	2.520
goff	2.970
gofundme	2.780
gog	2.620
goggle	2.430
goggles	3.350
gogh	3.240
gogh's	2.410
gogo	2.720
gogol	2.550
goh	2.630
gohan	2.700
goi	2.470
goin	3.950
going	5.940
goings	2.940
goku	3.170
gol	2.710
golan	2.890
gold	5.170
gold's	2.720
goldberg	3.500
goldblum	2.520
golden	4.670
goldeneye	2.620
goldfields	2.460
goldfinch	2.430
goldfinger	2.530
goldfish	3.280
goldie	3.130
goldilocks	2.620
goldin	2.430
golding	2.730
goldman	3.590
goldmine	2.620
golds	3.130
goldschmidt	2.550
goldsmith	3.210
goldsmiths	2.590
goldstein	3.250
goldstone	2.450
goldwater	2.810
goldwyn	2.550
golem	2.790
golf	4.560
golfer	3.350
golfers	3.260
golfing	3.210
golgi	2.460
goliath	3.150
gollum	2.700
golly	2.710
golovkin	2.540
gomes	3.020
gomez	3.580
gomorrah	2.500
gon	3.340
gona	2.490
gonads	2.420
gondola	2.910
gone	5.170
goner	2.450
gong	3.450
gongs	2.450
gonna	5.290
gonorrhea	2.710
gonzaga	2.980
gonzales	3.120
gonzalez	3.480
gonzalo	3.070
gonzo	2.800
gonzález	2.730
goo	3.410
goober	2.410
gooch	2.720
good	6.120
good afternoon	4.700
good morning	5.260
good night	5.490
good-looking	5.460
goodall	2.780
goodbye	4.300
goodbyes	2.980
goode	2.970
goodell	2.920
goodfellas	2.620
goodfellow	2.400
goodie	2.800
goodies	3.420
gooding	2.570
goodison	2.540
goodluck	2.950
goodly	2.470
goodman	3.620
goodness	4.130
goodnight	3.640
goodreads	2.850
goodrich	2.760
goods	4.600
goodwill	3.670
goodwin	3.410
goodwood	2.760
goody	3.040
goodyear	3.060
gooey	2.860
goof	2.990
goofball	2.500
goofing	2.660
goofy	3.570
google	4.860
google's	3.590
googled	3.140
googles	2.530
googling	3.010
googly	2.580
gook	2.290
goon	3.110
goonies	2.460
goons	3.210
goop	2.610
goose	3.840
gooseberry	2.530
goosebumps	3.010
gop	4.220
gop's	2.900
gopal	2.710
gopher	2.870
gophers	2.760
gopro	3.140
gor	2.670
goran	2.850
gorbachev	3.080
gord	2.430
gordie	2.510
gordo	2.680
gordon	4.370
gordon's	2.970
gordy	2.700
gore	3.750
gorge	3.400
gorgeous	4.350
gorgeously	2.440
gorges	2.800
gorgon	2.620
gorham	2.580
gorilla	3.620
gorillas	3.070
gorillaz	2.620
goring	2.510
gorky	2.450
gorman	3.170
gormley	2.480
goro	2.520
gorsuch	2.610
gorton	2.500
gory	2.980
gos	2.460
gosford	2.490
gosh	3.900
goshen	2.640
gosling	3.030
gospel	4.180
gospels	3.250
gosport	2.400
goss	2.970
gossamer	2.440
gossip	3.880
gossiping	2.790
gossips	2.550
goswami	2.520
got	5.910
gotcha	3.380
goth	3.230
gotham	3.520
gothenburg	2.920
gothic	3.650
goths	2.760
goto	3.070
gots	2.710
gott	2.670
gotta	4.950
gotten	4.470
gottfried	2.680
gotti	2.700
gottlieb	2.860
gouda	2.520
gouge	2.710
gouged	2.520
gough	3.040
gouging	2.670
goulburn	2.710
gould	3.440
goulding	2.930
gourd	2.820
gourmet	3.360
gout	3.060
gov	4.010
gov't	3.010
govan	2.640
gove	2.940
goverment	2.660
govern	3.670
governance	4.090
governed	3.850
governess	2.870
governing	4.120
government	5.570
government's	3.980
governmental	3.850
governments	4.450
governor	4.710
governor's	3.510
governorate	2.510
governors	3.930
governorship	2.920
governs	3.150
govinda	2.460
govt	3.750
gow	2.690
gowdy	2.590
gower	2.970
gown	3.750
gowns	3.250
goya	2.660
gp	3.880
gpa	3.540
gpl	2.740
gpm	2.590
gpo	2.600
gps	4.030
gpu	3.220
gpus	2.670
gq	3.110
gr	3.520
gra	2.720
grab	4.520
grabbed	4.070
grabber	2.540
grabbing	3.770
grabs	3.730
grace	4.560
grace's	2.620
graced	2.990
graceful	3.390
gracefully	3.230
gracefulness	1.660
graceland	2.680
graces	3.110
gracias	2.790
gracie	3.240
gracing	2.500
gracious	3.590
graciously	3.040
grad	3.600
gradation	2.400
grade	4.800
graded	3.450
grader	3.270
graders	3.450
grades	4.280
gradient	3.480
gradients	2.930
grading	3.470
grads	2.930
gradual	3.670
gradually	4.210
graduate	4.500
graduated	4.140
graduates	4.020
graduating	3.760
graduation	4.070
graduations	2.470
grady	3.140
graeme	3.260
graf	2.920
graff	2.800
graffiti	3.650
graft	3.470
grafted	2.720
grafting	2.790
grafton	2.990
grafts	2.840
graham	4.300
graham's	2.870
grahame	2.560
grail	3.460
grain	4.180
grained	2.910
grainger	2.800
grains	3.700
grainy	2.840
gram	3.760
gramercy	2.440
grammar	4.170
grammars	2.650
grammatical	3.350
grammatically	2.700
gramme	1.640
grammer	2.670
grammy	3.730
grammys	3.040
gramophone	2.700
gramps	2.630
grams	3.820
gran	3.440
granada	3.220
granary	2.570
granby	2.410
grand	4.910
grandad	2.990
grandchild	3.130
grandchildren	3.790
granddad	2.680
granddaughter	3.600
granddaughters	2.630
grande	3.970
grander	2.820
grandest	2.760
grandeur	3.220
grandfather	4.240
grandfather's	3.150
grandfathered	2.490
grandfathers	2.820
grandiose	2.970
grandkids	3.110
grandma	4.110
grandma's	3.120
grandmas	2.690
grandmaster	2.910
grandmother	4.140
grandmother's	3.190
grandmothers	2.990
grandpa	3.800
grandpa's	2.690
grandparent	2.830
grandparents	3.880
grands	2.640
grandson	3.850
grandsons	2.810
grandstand	2.890
grandstanding	2.550
grandview	2.480
grange	3.290
granger	3.270
granite	3.860
grannies	2.630
granny	3.610
granola	2.980
grant	4.670
grant's	2.870
granted	4.610
grantee	2.450
grantees	2.440
grantham	2.960
granting	3.680
grants	4.150
granular	3.010
granulated	2.540
granules	2.790
granville	3.090
grape	3.700
grapefruit	3.170
grapes	3.730
grapevine	2.900
graph	4.050
graphene	3.020
graphic	4.230
graphical	3.460
graphically	2.980
graphics	4.190
graphing	2.550
graphite	3.350
graphs	3.550
grapple	3.120
grappled	2.530
grappling	3.220
gras	3.330
grasp	3.970
grasped	3.020
grasping	3.250
grasps	2.430
grass	4.380
grasse	2.560
grasses	3.270
grasshopper	3.030
grasshoppers	2.780
grassland	3.040
grasslands	2.950
grassley	2.770
grassroots	3.490
grassy	3.240
grata	2.450
grate	3.170
grated	3.120
grateful	4.350
gratefully	2.700
grater	2.510
grates	2.660
gratification	3.270
gratified	2.590
gratifying	3.070
grating	3.140
gratings	2.400
gratis	2.940
gratitude	3.920
grattan	2.480
gratuitous	2.940
gratuity	2.640
grave	4.310
gravel	3.700
gravelly	2.560
gravely	3.090
graves	3.870
gravesend	2.540
gravest	2.500
gravestone	2.660
gravestones	2.480
graveyard	3.560
graveyards	2.570
gravitas	2.570
gravitate	2.870
gravitated	2.520
gravitation	2.670
gravitational	3.490
gravitationally	2.130
gravity	4.210
gravy	3.480
gray	4.450
gray's	2.950
grayish	2.620
grayling	2.640
grays	2.830
grayson	3.460
graz	2.530
graze	3.020
grazed	2.890
grazia	2.560
grazie	2.410
grazing	3.490
grc	2.490
gre	2.980
grease	3.720
greased	2.880
greasy	3.450
great	5.880
greater	4.900
greatest	4.790
greatly	4.330
greatness	3.710
greats	3.290
greaves	2.800
grecian	2.460
greco	2.990
greece	4.280
greece's	2.760
greed	3.730
greedy	3.750
greek	4.500
greeks	3.720
greeley	2.830
green	5.130
green's	3.020
greenback	2.570
greenbelt	2.770
greenberg	3.250
greenbrier	2.580
greene	3.760
greene's	2.480
greener	3.240
greenery	2.840
greenest	2.430
greenfield	3.160
greenhill	2.550
greenhouse	3.780
greenhouses	2.840
greening	2.800
greenish	3.010
greenland	3.420
greenleaf	2.800
greenlight	2.650
greenock	2.710
greenpeace	2.960
greens	3.860
greensboro	3.160
greenspan	2.730
greenville	3.280
greenwald	2.800
greenway	2.800
greenwich	3.540
greenwood	3.400
greer	3.240
greet	3.730
greeted	3.660
greeting	3.680
greetings	3.670
greets	3.120
greg	4.230
greg's	2.570
gregarious	2.710
gregg	3.430
greggs	2.490
gregor	3.190
gregorian	2.740
gregorio	2.870
gregory	3.870
gregson	2.610
greig	2.650
greinke	2.440
gremlin	2.630
gremlins	2.580
grenada	3.020
grenade	3.650
grenades	3.480
grenadier	2.540
grenadines	2.560
grendel	2.410
grenfell	2.570
grenoble	2.910
grenville	2.710
gresham	2.800
greta	3.240
gretchen	3.070
gretel	2.710
gretna	2.480
gretzky	2.800
greville	2.420
grew	4.690
grey	4.480
grey's	3.070
greyhound	3.170
greyhounds	2.680
greyish	2.650
greys	2.850
grid	4.180
griddle	2.520
gridiron	2.660
gridlock	2.790
grids	3.130
grief	4.080
grier	2.770
grievance	3.150
grievances	3.390
grieve	3.330
grieved	2.680
grieves	2.570
grieving	3.450
grievous	3.180
griezmann	2.620
griff	2.670
griffey	2.470
griffin	3.900
griffin's	2.610
griffith	3.530
griffiths	3.340
grifter	2.470
grigg	2.460
griggs	2.770
grill	3.840
grille	3.100
grilled	3.710
grilling	3.140
grillo	2.440
grills	2.910
grim	3.690
grimace	2.610
grimaldi	2.400
grime	3.090
grimes	3.330
grimly	2.570
grimm	3.350
grimsby	2.880
grimshaw	2.600
grimy	2.760
grin	3.590
grinch	2.870
grind	3.940
grinder	3.320
grinders	2.800
grinding	3.940
grindr	2.700
grinds	2.900
gringo	2.580
grinned	2.870
grinnell	2.520
grinning	3.190
grins	2.820
grip	4.110
gripe	2.810
gripes	2.530
griping	2.410
gripped	3.140
gripping	3.360
grips	3.470
gris	2.620
grisham	2.540
grisly	2.740
grissom	2.550
grist	2.680
griswold	2.800
grit	3.430
grits	2.930
gritted	2.470
gritty	3.390
grizzled	2.560
grizzlies	3.190
grizzly	3.280
gro	2.690
groan	3.120
groaned	2.690
groaning	2.900
groans	2.930
grocer	3.010
groceries	3.670
grocers	2.820
grocery	4.060
grocery store	4.010
grog	2.650
grogan	2.510
groggy	2.610
grohl	2.660
groin	3.260
groningen	2.640
gronk	2.600
gronkowski	2.500
groom	3.630
groom's	2.690
groomed	3.160
groomer	2.410
grooming	3.450
grooms	2.800
groomsmen	2.470
groot	2.980
groove	3.740
grooved	2.570
grooves	3.250
grooving	2.450
groovy	3.110
grope	2.680
groped	2.780
groping	3.010
gros	2.620
grosjean	2.540
gross	4.450
grosse	2.710
grossed	3.170
grosser	2.560
grosses	2.570
grossest	2.460
grossing	3.130
grossly	3.330
grossman	3.020
grosso	2.530
grosvenor	2.930
grotesque	3.280
groton	2.550
grotto	2.900
groucho	2.590
grouchy	2.590
ground	5.150
ground floor	4.730
groundbreaking	3.460
grounded	3.840
grounder	2.420
groundhog	2.900
grounding	3.260
groundless	2.520
grounds	4.430
groundwater	3.440
groundwork	3.190
group	5.570
group's	3.880
groupe	2.470
grouped	3.520
grouper	2.540
groupie	2.650
groupies	2.620
grouping	3.460
groupings	3.030
groupon	2.880
groups	5.120
grouse	3.140
grout	2.830
grove	3.940
grover	3.220
groves	3.400
grow	4.900
grower	3.020
growers	3.500
growing	4.940
growl	3.140
growled	2.640
growler	2.470
growling	2.970
growls	2.730
grown	4.670
grown-up	4.660
grownup	2.590
grownups	2.570
grows	4.180
growth	5.030
growths	2.750
grp	2.660
grr	2.670
grrr	2.630
grt	2.610
gru	2.750
grub	3.120
grubby	2.780
gruber	2.960
grubs	2.480
gruden	2.650
grudge	3.330
grudges	2.910
grudging	2.410
grudgingly	2.630
gruel	2.440
grueling	2.930
gruelling	2.510
gruesome	3.270
gruesomely	1.860
gruff	2.810
grumble	2.800
grumbled	2.480
grumbles	2.470
grumbling	2.890
grumman	2.830
grumpy	3.470
grundy	2.840
grunge	3.020
grunt	3.150
grunting	2.710
grunts	2.920
grupo	2.660
gryffindor	2.630
grylls	2.480
gs	3.580
gsa	2.900
gsc	2.520
gsd	2.410
gsk	2.460
gsm	3.150
gsp	2.760
gst	3.380
gsw	2.600
gt	3.790
gt000	2.450
gt3	2.640
gta	3.590
gtav	2.400
gte	2.530
gtfo	3.020
gti	2.720
gto	2.680
gtp	2.440
gtr	2.700
gts	2.880
gtx	3.010
gu	3.400
gua	2.440
guacamole	2.910
guadalajara	2.770
guadalcanal	2.550
guadalupe	2.920
guadeloupe	2.630
guam	3.250
guan	2.780
guang	2.410
guangdong	3.000
guangxi	2.430
guangzhou	3.260
guano	2.610
guantanamo	3.250
guantánamo	2.460
guarantee	4.440
guaranteed	4.290
guaranteeing	3.200
guarantees	3.830
guarantor	2.790
guaranty	2.590
guard	4.730
guard's	2.790
guarded	3.630
guardia	2.650
guardian	4.260
guardian's	2.590
guardians	3.790
guardianship	2.930
guarding	3.530
guardiola	3.030
guardrail	2.450
guards	4.320
guardsman	2.550
guardsmen	2.680
guatemala	3.620
guatemalan	2.920
guava	2.610
gubernatorial	3.230
gucci	3.330
gud	2.940
guelph	2.890
guerilla	2.900
guerin	2.450
guernsey	3.080
guerra	2.970
guerre	2.730
guerrero	3.170
guerrilla	3.380
guerrillas	3.090
guess	5.170
guessed	3.720
guesses	3.210
guessing	3.940
guesswork	2.740
guest	4.580
guesthouse	2.870
guests	4.420
guetta	2.560
guevara	2.800
guggenheim	3.000
gui	3.290
guiana	2.940
guidance	4.330
guide	4.750
guidebook	2.950
guidebooks	2.480
guided	4.060
guideline	3.250
guidelines	4.250
guides	3.990
guiding	3.710
guido	3.170
guild	3.930
guildford	3.030
guildhall	2.690
guilds	3.080
guile	2.750
guilford	2.880
guillaume	2.920
guillermo	3.060
guillotine	3.000
guilt	4.130
guilty	4.610
guinea	4.060
guinean	2.610
guineas	3.270
guinevere	2.400
guinness	3.490
guise	3.470
guises	2.510
guitar	4.480
guitarist	3.630
guitarists	2.890
guitars	3.650
guizhou	2.400
gujarat	3.540
gujarati	2.790
gul	2.850
gulag	2.850
gulch	2.780
gulen	2.450
gulf	4.280
gulfstream	2.600
gull	3.000
gullet	2.420
gullible	3.100
gullies	2.460
gulliver	2.720
gulls	3.000
gully	3.110
gulp	2.930
gum	3.940
gumball	2.640
gumbo	2.700
gummy	2.970
gump	3.020
gums	3.210
gumtree	2.480
gun	4.960
gun's	2.440
gunboat	2.460
gunboats	2.520
gundam	3.110
gunderson	2.490
gundy	2.480
gunfight	2.870
gunfire	3.530
gung	2.760
gunk	2.450
gunman	3.320
gunmen	3.230
gunn	3.260
gunna	3.120
gunnar	3.050
gunned	3.120
gunner	3.310
gunners	3.280
gunnery	2.720
gunning	3.080
gunnison	2.490
gunpoint	3.200
gunpowder	3.260
guns	4.660
gunship	2.550
gunships	2.530
gunshot	3.490
gunshots	3.220
gunslinger	2.580
gunter	2.760
gunther	2.990
guo	3.050
guppy	2.490
gupta	3.350
gurgaon	2.810
gurgling	2.520
gurion	2.720
gurl	2.620
gurley	2.750
gurney	3.110
guru	3.820
gurus	2.990
gus	3.640
gush	2.830
gushed	2.510
gushing	2.980
gushingly	0.000
gust	3.100
gustafson	2.500
gustafsson	2.420
gustav	3.180
gustave	2.850
gustavo	2.990
gustavus	2.540
gusting	2.560
gusto	3.000
gusts	3.150
gusty	2.590
gut	4.020
gutenberg	2.680
guthrie	3.260
gutierrez	3.030
gutless	2.570
gutman	2.430
guts	3.770
gutsy	2.730
gutted	3.400
gutter	3.380
gutters	2.860
gutting	2.740
guttural	2.550
guwahati	2.470
guy	5.400
guy's	3.850
guyana	3.260
guyanese	2.490
guys	5.410
guzman	2.920
guzmán	2.400
guzzling	2.490
gv	2.930
gw	3.270
gwangju	2.480
gwen	3.480
gwendolyn	2.560
gwent	2.900
gwinnett	2.610
gws	2.630
gwyn	2.610
gwynedd	2.700
gwyneth	2.840
gwynn	2.610
gx	2.680
gy	2.790
gyan	2.470
gyllenhaal	2.670
gym	4.430
gymnasium	3.190
gymnast	3.070
gymnastic	2.620
gymnastics	3.600
gymnasts	2.740
gyms	3.170
gyn	2.670
gynaecologist	2.400
gynaecology	2.490
gynecological	2.460
gynecologist	2.780
gynecology	2.840
gypsies	3.100
gypsum	2.930
gypsy	3.550
gyro	2.880
gyroscope	2.550
gyrus	2.540
gyu	2.600
gz	2.450
générale	2.420
gérard	2.550
gómez	2.500
h	5.060
h.c	2.400
h.e	2.650
h.g	2.620
h.h	2.440
h.j	2.400
h.m	2.590
h.p	2.630
h.r	3.270
h.s	2.600
h.w	2.900
h00	3.110
h000	2.890
h0000	2.510
h1	3.110
h1n1	2.760
h2	3.140
h2o	3.160
h3	2.850
h4	2.620
h5	2.490
ha	4.580
haa	2.840
haag	2.480
haan	2.580
haar	2.400
haaretz	2.560
haas	3.210
hab	2.610
habana	2.530
habeas	2.900
haber	2.590
habib	2.880
habit	4.240
habitable	3.130
habitant	1.370
habitat	3.980
habitation	2.980
habitats	3.490
habits	4.210
habitual	3.140
habitually	2.860
habs	2.980
habsburg	2.610
hachette	2.600
hacienda	2.780
hack	4.050
hackathon	2.550
hacked	3.820
hackensack	2.500
hacker	3.670
hackers	3.710
hackett	3.040
hacking	3.890
hackney	3.160
hackneyed	2.400
hacks	3.450
hacksaw	2.540
had	6.330
haddad	2.630
haddock	2.830
haddon	2.510
haden	2.710
hader	2.410
hades	3.200
hadfield	2.490
hadi	2.820
hadid	2.760
hadith	2.990
hadley	3.250
hadn't	4.400
hadoop	2.600
hadrian	2.700
hadron	2.680
hae	3.100
haemorrhage	2.740
hafeez	2.420
hafiz	2.730
hag	2.970
hagan	2.910
hagar	2.590
hagen	3.020
hager	2.540
hagerstown	2.590
haggard	2.940
haggerty	2.460
haggis	2.660
haggle	2.650
haggling	2.640
hagrid	2.560
hague	3.650
hah	3.540
haha	4.530
hahah	3.080
hahaha	3.810
hahahah	2.620
hahahaha	3.230
hahahahaha	2.810
hahn	3.170
hai	3.570
haida	2.450
haider	2.820
haifa	2.870
haig	2.820
haigh	2.470
haight	2.510
haiku	3.080
hail	3.920
haile	2.540
hailed	3.490
hailey	3.060
hailing	3.150
hails	3.130
haim	2.730
hain	2.900
hainan	2.660
haines	3.150
hair	5.080
hair's	2.510
haircut	3.700
haircuts	3.070
hairdo	2.720
hairdresser	3.170
hairdressers	2.740
hairdressing	2.640
hairdryer	2.430
haired	3.700
hairless	2.900
hairline	3.070
hairpin	2.780
hairs	3.770
hairspray	2.800
hairstyle	3.330
hairstyles	3.080
hairstylist	2.500
hairy	3.800
haiti	3.720
haitian	3.350
haitians	2.720
haj	2.530
haji	2.810
hajime	2.500
hajj	3.040
hak	2.570
haka	2.480
hakan	2.440
hake	2.420
hakeem	2.850
hakim	2.840
hal	3.670
hala	2.720
halal	3.150
halcyon	2.650
haldane	2.690
haldeman	2.500
hale	3.600
halen	2.670
hales	2.890
haley	3.480
half	5.410
half-price	5.010
halfback	3.000
halford	2.480
halfpenny	2.560
halftime	3.630
halfway	4.060
halibut	2.710
halide	2.540
halifax	3.590
hall	4.870
hall's	2.950
hallam	2.820
halle	3.210
hallelujah	3.300
haller	2.610
hallett	2.630
halley	2.710
halliburton	2.610
halliday	2.780
hallie	2.510
halliwell	2.700
hallmark	3.370
hallmarks	2.920
hallo	2.750
halloran	2.710
hallowed	3.030
halloween	4.160
hallows	2.750
halls	3.850
hallucinating	2.720
hallucination	2.890
hallucinations	3.280
hallucinogenic	2.600
hallway	3.720
hallways	3.130
halo	3.750
halogen	2.830
halos	2.650
halperin	2.410
halpern	2.530
halsey	3.020
halstead	2.610
halt	3.930
halted	3.520
halter	2.820
halting	3.030
halton	2.460
halts	2.860
halve	2.600
halved	2.950
halves	3.470
halving	2.530
ham	4.120
ham's	2.440
hama	2.710
hamad	2.660
hamada	2.420
hamas	3.630
hamburg	3.620
hamburger	3.450
hamburgers	2.990
hamed	2.400
hamel	2.470
hamer	2.600
hamid	3.220
hamill	2.890
hamilton	4.310
hamilton's	2.980
hamiltonian	2.750
hamish	3.030
hamlet	3.650
hamlets	2.960
hamlin	2.990
hamm	2.900
hammam	2.560
hammer	4.160
hammered	3.430
hammerhead	2.680
hammering	3.190
hammers	3.310
hammersmith	2.910
hammerstein	2.420
hammett	2.490
hammock	3.140
hammocks	2.610
hammond	3.770
hammond's	2.500
hammy	2.550
hamon	2.410
hampden	3.030
hamper	3.260
hampered	3.320
hampering	2.580
hampers	2.680
hampshire	4.010
hampson	2.520
hampstead	3.040
hampton	3.650
hamptons	2.910
hams	2.870
hamster	3.310
hamsters	2.870
hamstring	3.160
hamstrings	2.610
hamza	2.890
han	3.930
han's	2.470
hana	3.210
hancock	3.570
hand	5.410
hand-held	5.020
handbag	3.420
handbags	3.180
handball	3.110
handbook	3.860
handbooks	2.610
handbrake	2.540
handcrafted	2.910
handcuff	2.620
handcuffed	3.070
handcuffs	3.210
handed	4.420
handedly	3.200
handedness	2.550
handel	2.970
hander	2.870
handers	2.450
handful	4.110
handfuls	2.600
handgun	3.350
handguns	3.030
handheld	3.360
handicap	3.610
handicapped	3.420
handicapping	2.450
handicaps	2.650
handicraft	2.650
handicrafts	2.770
handily	2.840
handing	3.770
handiwork	2.730
handjob	2.730
handkerchief	3.180
handkerchiefs	2.550
handle	4.790
handlebar	2.530
handlebars	2.730
handled	4.250
handler	3.500
handlers	3.220
handles	3.850
handley	2.550
handling	4.390
handmade	3.640
handoff	2.530
handout	3.000
handouts	3.120
handover	2.960
handpicked	2.740
handrail	2.350
hands	5.160
handset	3.070
handsets	2.740
handshake	3.360
handshakes	2.640
handsome	4.220
handsomely	2.880
handstand	2.490
handwriting	3.570
handwritten	3.330
handy	3.970
handyman	2.850
hanes	2.570
haney	2.500
hanford	2.710
hang	4.600
hangar	3.290
hangars	2.550
hanged	3.560
hanger	3.240
hangers	2.990
hangin	2.930
hanging	4.500
hangings	2.660
hangman	2.680
hangout	3.120
hangouts	2.730
hangover	3.500
hangovers	2.750
hangs	3.700
hangzhou	2.850
hani	2.800
hank	3.730
hank's	2.430
hankering	2.510
hanks	3.220
hanley	3.090
hanlon	2.790
hanna	3.590
hannah	4.050
hannah's	2.780
hannan	2.520
hannibal	3.410
hannigan	2.510
hannity	2.990
hannon	2.460
hannover	2.780
hanoi	3.390
hanover	3.370
hans	3.820
hansard	2.580
hansel	2.700
hansen	3.610
hansen's	2.420
hanson	3.540
hants	2.410
hanukkah	2.760
hanuman	2.690
hanzo	2.610
hao	2.930
hap	3.040
haphazard	2.770
haphazardly	2.540
hapless	2.880
happ	2.500
happen	5.190
happend	2.790
happened	5.200
happenin	2.470
happening	4.800
happenings	3.100
happens	4.960
happenstance	2.440
happier	4.060
happiest	3.590
happily	4.110
happiness	4.440
happy	5.350
haptic	2.460
haq	2.920
har	3.200
hara	3.350
harald	2.830
haram	3.430
harambe	2.490
harare	2.850
harass	3.280
harassed	3.550
harassing	3.430
harassment	4.010
harbaugh	2.930
harbin	2.620
harbinger	2.910
harbor	4.150
harbored	2.630
harboring	2.840
harbors	3.000
harbour	3.980
harbouring	2.440
harbours	2.930
harcourt	3.200
hard	5.530
hard drive	4.980
hard-working	5.190
hardaway	2.490
hardback	2.800
hardball	2.760
hardcastle	2.410
hardcore	3.970
hardcover	3.320
harden	3.520
hardened	3.520
hardening	2.990
hardens	2.640
harder	4.570
hardest	4.100
hardie	2.720
hardin	2.960
hardiness	2.500
harding	3.460
hardline	2.950
hardly	4.530
hardman	2.700
hardness	3.170
hardship	3.560
hardships	3.330
hardware	4.300
hardwick	2.920
hardwired	2.620
hardwood	3.340
hardwoods	2.640
hardworking	3.290
hardy	3.860
hardy's	2.550
hare	3.660
harem	3.130
hares	2.790
harford	2.610
hargreaves	2.760
hari	3.180
haringey	2.420
harington	2.520
hariri	2.500
hark	2.810
harker	2.640
harkin	2.510
harkins	2.440
harkness	2.640
harlan	3.200
harland	2.620
harlem	3.560
harlequin	2.860
harlequins	2.560
harley	3.720
harlot	2.600
harlow	3.060
harm	4.470
harm's	2.870
harman	3.090
harmed	3.480
harmful	3.970
harming	3.360
harmless	3.790
harmlessly	2.430
harmon	3.210
harmonic	3.330
harmonica	2.970
harmonics	2.810
harmonies	3.110
harmonious	3.150
harmoniously	2.560
harmonization	2.460
harmonize	2.670
harmonized	2.630
harmonizing	2.590
harmony	4.110
harms	3.290
harness	3.670
harnessed	2.910
harnesses	2.780
harnessing	2.880
harold	4.030
harold's	2.440
harp	3.400
harper	4.040
harper's	3.170
harpercollins	2.740
harpers	2.600
harping	2.500
harpoon	2.830
harps	2.580
harpsichord	2.620
harpy	2.500
harrell	2.720
harrelson	2.510
harried	2.440
harrier	2.700
harriers	2.440
harries	2.450
harriet	3.630
harrigan	2.450
harriman	2.760
harrington	3.370
harris	4.440
harris's	2.620
harrisburg	3.190
harrison	4.080
harrison's	2.770
harrods	2.570
harrogate	2.920
harrow	3.080
harrowing	3.070
harry	4.720
harry's	3.350
harsh	4.140
harsher	3.060
harshest	2.700
harshly	3.270
harshness	2.650
hart	4.040
hart's	2.780
harte	2.540
hartford	3.640
hartlepool	2.700
hartley	3.400
hartman	3.120
hartmann	2.830
hartnell	2.420
hartwell	2.550
haru	2.780
haruhi	2.460
haruka	2.520
harv	2.640
harvard	4.240
harvard's	2.690
harvest	4.030
harvested	3.620
harvester	2.870
harvesters	2.530
harvesting	3.530
harvests	2.910
harvey	4.150
harvey's	2.800
harvick	2.680
harwich	2.450
harwood	2.860
haryana	3.170
has	6.370
hasan	3.210
hasbro	2.970
hasegawa	2.430
hash	3.630
hashem	2.540
hashim	2.650
hashimoto	2.500
hashing	2.580
hashish	2.620
hashtag	3.670
hashtags	3.150
hasidic	2.510
haskell	3.260
haskins	2.670
haslam	2.610
hasn't	4.710
hasnt	3.050
hass	2.400
hassan	3.670
hasselhoff	2.450
hassle	3.570
hassles	2.530
hast	3.150
hasta	2.560
haste	3.370
hasten	2.930
hastened	2.730
hastily	3.300
hastings	3.700
hasty	3.290
hat	4.530
hatch	3.820
hatchback	2.980
hatched	3.260
hatcher	2.760
hatchery	2.810
hatches	3.020
hatchet	3.080
hatching	3.060
hatchlings	2.470
hate	5.110
hated	4.200
hateful	3.520
hater	3.140
haters	3.500
hates	4.150
hatfield	3.040
hath	3.620
hathaway	3.290
hating	3.840
hatred	4.050
hats	4.010
hatter	2.780
hatteras	2.470
hattie	2.870
hattiesburg	2.510
hatton	2.860
hau	2.540
haughtily	1.790
haughty	2.680
haul	3.880
haulage	2.690
hauled	3.430
hauler	2.470
hauling	3.370
hauls	2.840
haunt	3.540
haunted	3.870
haunting	3.520
hauntingly	2.370
haunts	3.220
haus	2.770
hausa	2.780
hauser	2.930
haut	2.510
haute	3.200
hav	2.860
havana	3.530
have	6.710
have to	6.630
havel	2.480
havelock	2.500
haven	4.130
haven't	5.110
havens	3.000
havent	3.500
haverford	2.480
haverhill	2.520
haves	2.950
havilland	2.420
havin	3.120
having	5.590
havoc	3.500
havre	2.750
haw	3.100
hawai'i	2.730
hawaii	4.210
hawaii's	2.710
hawaiian	3.680
hawaiians	2.620
hawes	2.780
hawk	3.810
hawke	3.100
hawker	2.820
hawkers	2.460
hawkes	3.020
hawkesbury	2.490
hawkeye	3.130
hawkeyes	2.540
hawking	3.240
hawkins	3.640
hawkish	2.430
hawks	3.890
hawley	2.980
haworth	2.670
hawthorn	3.230
hawthorne	3.250
hay	3.910
haya	2.400
hayashi	2.570
hayat	2.560
hayden	3.540
haydn	2.830
haydon	2.490
haye	2.640
hayek	2.840
hayes	3.870
hayley	3.390
hayman	2.580
haymarket	2.700
hayne	2.580
haynes	3.300
hays	3.190
haystack	2.810
hayward	3.360
haywire	2.570
haywood	2.790
hayworth	2.480
haz	2.460
hazara	2.500
hazard	3.980
hazardous	3.710
hazards	3.640
haze	3.420
hazel	3.540
hazelnut	2.780
hazelnuts	2.470
hazelwood	2.520
hazen	2.480
hazing	2.850
hazlitt	2.430
hazmat	2.830
hazrat	2.560
hazy	3.140
hazzard	2.670
hb	3.330
hbo	3.740
hbo's	2.780
hbs	2.440
hc	3.650
hca	2.490
hcc	2.450
hcg	2.670
hci	2.410
hcl	2.890
hcv	2.640
hd	4.260
hdd	3.040
hdl	2.740
hdmi	3.290
hdr	3.040
hdtv	2.860
he	6.690
he'd	4.570
he'll	4.540
he's	5.600
hea	2.650
head	5.510
head's	2.740
headache	3.970
headaches	3.680
headband	3.000
headbands	2.460
headboard	2.520
headbutt	2.600
headcount	2.440
headdress	2.660
headed	4.550
header	3.880
headers	3.120
headfirst	2.540
headgear	2.860
headhunter	2.480
headhunters	2.410
heading	4.480
headingley	2.510
headings	2.940
headlamp	2.530
headlamps	2.560
headland	2.690
headless	3.010
headley	2.540
headlight	2.970
headlights	3.330
headline	4.030
headlined	3.020
headliner	2.940
headliners	2.770
headlines	3.910
headlining	3.070
headlock	2.460
headlong	2.720
headmaster	3.250
headmistress	2.680
headphone	3.300
headphones	3.880
headpiece	2.460
headquarter	2.540
headquartered	3.420
headquarters	4.360
headroom	2.630
heads	4.670
headscarf	2.650
headset	3.540
headsets	2.970
headshot	2.910
headshots	2.650
headspace	2.580
headstone	2.760
headstones	2.640
headstrong	2.690
headteacher	2.680
headwaters	2.670
headway	3.040
heady	2.930
heal	4.120
healed	3.660
healer	3.320
healers	2.930
healey	2.900
healing	4.230
heals	3.320
health	5.440
health care	5.200
health's	2.510
healthcare	4.470
healthful	2.800
healthier	3.810
healthiest	3.010
healthily	2.580
healthy	4.800
healy	3.230
heaney	2.570
heap	3.590
heaped	2.870
heaping	2.650
heaps	3.310
hear	5.230
heard	5.270
hearing	4.820
hearings	3.790
hearn	2.860
hearne	2.470
hears	3.780
hearsay	3.040
hearse	2.800
hearst	3.060
heart	5.310
heart attack	4.890
heart's	3.250
heart-warming	4.030
heartache	3.200
heartbeat	3.670
heartbeats	2.650
heartbreak	3.390
heartbreaker	2.640
heartbreakers	2.460
heartbreaking	3.570
heartbroken	3.410
heartburn	2.870
hearted	3.770
heartedly	2.750
heartening	2.560
heartfelt	3.400
hearth	3.100
hearthstone	2.810
heartily	2.910
heartland	3.250
heartless	3.330
hearts	4.440
heartstrings	2.550
heartthrob	2.440
heartwarming	3.050
hearty	3.380
heat	4.860
heat's	2.470
heated	4.090
heater	3.550
heaters	3.180
heath	3.760
heathcliff	2.400
heathcote	2.600
heathen	3.100
heathens	2.860
heather	3.870
heathrow	3.370
heating	4.180
heaton	2.890
heats	3.410
heatwave	2.850
heave	2.900
heaved	2.440
heaven	4.580
heaven's	3.060
heavenly	3.760
heavens	3.720
heavier	3.850
heaviest	3.350
heavily	4.540
heaviness	2.590
heaving	2.840
heavy	4.960
heavyweight	3.620
heavyweights	2.680
heb	2.910
hebdo	2.560
hebei	2.600
heber	2.470
hebert	2.520
hebrew	3.910
hebrews	3.180
hebrides	2.840
hebron	3.030
hec	2.540
hecht	2.600
heck	4.020
heckle	2.400
heckled	2.410
heckler	2.600
heckling	2.500
hectare	3.110
hectares	3.430
hectic	3.330
hector	3.570
hed	2.650
hedda	2.400
hedge	3.740
hedged	2.560
hedgehog	3.250
hedgehogs	2.690
hedges	3.270
hedging	2.960
hedley	2.630
hedonism	2.590
hedonistic	2.580
hedwig	2.650
hee	3.500
heed	3.450
heeded	2.700
heel	3.840
heeled	2.890
heels	4.060
heer	2.480
heffernan	2.530
hefner	2.690
heft	2.750
hefty	3.360
hegel	2.810
hegemonic	2.580
hegemony	3.130
heh	3.670
hehe	3.250
hehehe	2.580
hei	2.820
heidegger	2.810
heidelberg	3.160
heidi	3.440
heifer	2.600
height	4.530
heighten	2.840
heightened	3.470
heightening	2.430
heightens	2.430
heights	4.140
heil	2.760
hein	2.710
heine	2.650
heineken	3.010
heinemann	2.690
heinlein	2.530
heinous	3.250
heinrich	3.300
heinz	3.220
heir	3.890
heiress	3.070
heirloom	2.980
heirlooms	2.590
heirs	3.510
heisenberg	2.820
heisman	3.140
heist	3.390
heists	2.540
hel	2.950
hela	2.680
held	5.240
helen	4.190
helen's	2.720
helena	3.630
helene	3.020
helens	2.960
helga	2.810
heli	2.660
helical	2.810
helicopter	4.130
helicopters	3.720
helios	2.650
helipad	2.500
helium	3.420
helix	3.260
hell	5.100
hell's	3.060
hella	3.350
hellas	2.440
hellboy	2.580
hellcat	2.550
helle	2.420
hellenic	2.850
hellenistic	2.850
heller	3.270
hellfire	2.900
hellhole	2.550
hellish	2.920
hellman	2.550
hello	4.720
hells	3.070
helluva	2.840
helm	3.650
helmand	2.700
helmed	2.530
helmer	2.500
helmet	4.020
helmets	3.600
helmholtz	2.550
helms	2.890
helmsman	2.510
helmut	2.870
helo	2.520
help	5.750
helpdesk	2.410
helped	4.880
helper	3.410
helpers	3.170
helpful	4.430
helpfully	2.540
helping	4.780
helpless	3.690
helplessly	2.800
helplessness	2.910
helpline	2.910
helps	4.740
helsing	2.440
helsinki	3.360
helter	2.500
helton	2.420
helvetica	2.440
hem	3.240
hema	2.430
hematite	2.480
hematology	2.620
hematoma	2.610
hematopoietic	2.520
heme	2.470
hemi	2.560
hemingway	3.300
hemisphere	3.690
hemispheres	2.710
hemlock	2.860
hemmed	2.660
hemming	2.580
hemmings	2.560
hemodialysis	2.430
hemoglobin	2.920
hemophilia	2.410
hemorrhage	3.100
hemorrhagic	2.810
hemorrhaging	2.500
hemorrhoids	2.640
hemp	3.420
hempstead	2.770
hemsworth	3.010
hen	3.560
henan	2.630
hence	4.380
henceforth	3.080
henchman	2.910
henchmen	2.860
henderson	3.930
henderson's	2.600
hendon	2.510
hendrick	2.780
hendricks	3.170
hendrickson	2.600
hendrik	2.570
hendrix	3.340
hendry	2.740
heng	2.470
henley	3.190
henna	2.840
hennepin	2.540
hennessey	2.670
hennessy	3.020
henning	3.000
henny	2.560
henri	3.520
henrietta	3.050
henrik	3.270
henrique	2.750
henriques	2.400
henry	4.740
henry's	3.220
hens	3.250
henshaw	2.640
hensley	2.430
henson	3.120
hentai	3.220
hep	2.860
heparin	2.630
hepatic	3.060
hepatitis	3.520
hepburn	3.180
her	6.300
hera	2.970
heracles	2.490
herald	3.950
heralded	3.000
heraldic	2.470
heraldry	2.490
heralds	2.800
herat	2.550
herb	3.770
herbaceous	2.790
herbal	3.360
herbalife	2.640
herbarium	2.670
herbert	3.850
herbicide	2.800
herbicides	2.760
herbie	2.930
herbivores	2.690
herbs	3.650
herbst	2.420
herc	2.400
hercule	2.520
herculean	2.520
hercules	3.600
herd	3.770
herded	2.630
herder	2.710
herders	2.640
herding	2.950
herds	3.210
herdsmen	2.480
here	5.970
here's	4.910
hereafter	3.100
hereby	3.600
hereditary	3.490
heredity	2.570
hereford	3.110
herefordshire	2.710
herein	3.660
hereinafter	2.950
hereof	2.590
heres	3.180
heresies	2.490
heresy	3.350
heretic	3.000
heretical	2.850
heretics	3.050
hereto	2.470
heretofore	2.590
hereunder	2.520
heriot	2.400
heritable	2.480
heritage	4.360
herman	3.650
hermann	3.230
hermaphrodite	2.480
hermeneutics	2.490
hermes	3.290
hermetic	2.560
hermione	3.320
hermit	3.210
hermitage	2.920
hermits	2.460
hermon	2.400
hermosa	2.570
hernandez	3.540
hernando	2.630
herndon	2.740
hernia	3.000
herniated	2.410
hernández	2.620
hero	4.680
hero's	3.170
herod	2.940
herodotus	2.790
heroes	4.350
heroic	3.840
heroically	2.620
heroics	2.870
heroin	3.920
heroine	3.530
heroines	2.960
heroism	3.260
heron	3.090
herons	2.540
heros	2.830
herpes	3.350
herr	3.230
herrera	3.360
herrick	2.720
herring	3.480
herrings	2.500
herrmann	2.700
herron	2.540
hers	3.970
herschel	2.850
herself	4.780
hersh	2.450
hershel	2.410
hershey	3.040
hershey's	2.490
hertford	2.640
hertfordshire	3.200
herts	2.530
hertz	3.060
hervey	2.680
herz	2.460
herzegovina	3.070
herzog	2.960
hes	3.960
heseltine	2.450
hesitant	3.410
hesitantly	2.440
hesitate	3.790
hesitated	3.080
hesitates	2.580
hesitating	2.720
hesitation	3.550
hess	3.170
hesse	2.870
hessian	2.560
hester	3.150
heston	2.850
het	3.140
hetero	2.740
heterogeneity	2.760
heterogeneous	3.080
heterosexual	3.390
heterosexuality	2.520
heterosexuals	2.480
hetty	2.540
heuer	2.440
heung	2.430
heuristic	2.720
heuristics	2.520
hew	2.610
hewitt	3.390
hewlett	3.140
hewn	2.670
hewson	2.430
hex	3.310
hexadecimal	2.420
hexagon	2.840
hexagonal	2.960
hey	5.120
heya	2.470
heyday	3.090
heyman	2.920
heyward	2.700
heywood	3.030
hezbollah	3.270
hezekiah	2.600
hf	3.230
hfc	2.480
hg	3.230
hgh	2.660
hgtv	2.630
hh	3.170
hhh	2.610
hhs	3.070
hi	5.000
hi-tech	4.520
hia	2.430
hiatus	3.490
hibbert	2.810
hibernate	2.700
hibernating	2.570
hibernation	3.010
hibernian	2.890
hibiscus	2.760
hibs	2.750
hic	2.560
hiccup	2.910
hiccups	3.050
hick	2.720
hickey	3.110
hickman	2.870
hickory	3.120
hicks	3.570
hid	3.790
hidalgo	2.880
hidden	4.530
hiddleston	2.550
hide	4.540
hideaway	2.750
hideo	2.610
hideous	3.450
hideously	2.470
hideout	3.040
hides	3.690
hiding	4.320
hie	2.500
hier	2.530
hierarchical	3.260
hierarchies	2.920
hierarchy	3.780
hieroglyphics	2.510
hieroglyphs	2.430
higgins	3.650
higgs	3.070
high	5.750
high school	5.430
high-tech	4.650
highbrow	2.420
highbury	2.570
higher	5.180
highest	4.860
highgate	2.620
highland	3.700
highlander	2.900
highlanders	3.090
highlands	3.650
highlight	4.210
highlighted	3.890
highlighter	2.830
highlighting	3.670
highlights	4.280
highly	4.890
highness	3.340
highs	3.590
highschool	3.380
hight	2.500
hightower	2.790
highway	4.490
highways	3.880
higuain	2.660
hiit	2.550
hijab	3.150
hijack	3.110
hijacked	3.290
hijacker	2.560
hijackers	2.820
hijacking	3.100
hikari	2.450
hikaru	2.630
hike	3.950
hiked	2.950
hiker	2.780
hikers	3.110
hikes	3.340
hiking	3.870
hilal	2.630
hilarious	4.270
hilariously	3.020
hilarity	2.750
hilary	3.530
hilbert	2.780
hilda	3.130
hildebrand	2.690
hilfiger	2.540
hill	4.820
hill's	3.100
hillary	4.300
hillary's	3.090
hillbillies	2.540
hillbilly	2.870
hillcrest	2.550
hillel	2.630
hiller	2.750
hilliard	2.790
hillier	2.530
hillman	2.760
hillock	2.420
hills	4.460
hillsboro	2.710
hillsborough	3.210
hillsdale	2.590
hillside	3.380
hillsides	2.750
hillsong	2.460
hilltop	3.080
hilly	3.170
hilo	2.650
hilt	2.900
hilton	3.750
him	6.110
himachal	2.710
himalaya	2.710
himalayan	3.140
himalayas	3.130
hime	2.420
himmler	2.840
himself	5.250
hin	2.760
hina	2.580
hinata	2.670
hinckley	2.790
hind	3.500
hindenburg	2.620
hinder	3.390
hindered	3.210
hindering	2.930
hinders	2.840
hindi	3.820
hindley	2.510
hindrance	3.010
hinds	2.840
hindsight	3.340
hindu	4.000
hinduism	3.270
hindus	3.580
hindustan	2.950
hine	2.480
hines	3.080
hing	2.570
hinge	3.320
hinged	3.070
hinges	3.340
hinkley	2.620
hint	4.070
hinted	3.400
hinterland	2.900
hinting	3.100
hinton	2.840
hints	3.850
hip	4.460
hip hop	4.130
hip-hop	4.130
hipaa	2.700
hiphop	2.640
hippie	3.360
hippies	3.040
hippo	3.130
hippocampal	2.510
hippocampus	2.990
hippocrates	2.500
hippocratic	2.420
hippopotamus	2.560
hippos	2.770
hippy	3.000
hips	3.790
hipster	3.350
hipsters	2.960
hiram	2.950
hire	4.400
hired	4.410
hires	3.480
hiring	4.230
hiro	2.960
hiroshi	2.930
hiroshima	3.270
hirsch	3.060
hirst	2.830
his	6.510
hisham	2.450
hispanic	3.970
hispanics	3.350
hiss	3.050
hissed	2.500
hissing	2.880
hissy	2.410
hist	2.860
histamine	2.640
histogram	2.620
histoire	2.920
histological	2.580
histology	2.610
histone	2.710
historia	2.950
historian	3.900
historians	3.820
historic	4.490
historical	4.690
historically	4.080
historicity	2.400
histories	3.700
historiography	2.820
history	5.390
history's	2.840
histrionic	2.290
histrionically	0.000
hit	5.370
hitachi	3.000
hitch	3.420
hitchcock	3.270
hitchcock's	2.450
hitched	2.880
hitchens	2.760
hitches	2.450
hitchhiker	2.510
hitchhiker's	2.430
hitchhiking	2.640
hitching	2.610
hite	2.500
hither	2.790
hitherto	3.150
hitler	4.160
hitler's	3.380
hitman	3.240
hitmen	2.450
hitomi	2.510
hits	4.650
hitter	3.500
hitters	3.240
hittin	2.460
hitting	4.460
hittite	2.490
hiv	4.170
hive	3.500
hives	3.120
hiya	3.120
hj	2.780
hk	3.540
hl	3.160
hla	2.870
hm	3.820
hmas	2.600
hmg	2.420
hmm	4.110
hmmm	3.610
hmmmm	2.930
hmmmmm	2.420
hmo	2.620
hmong	2.710
hmp	2.540
hmph	2.440
hmrc	2.870
hms	3.380
hmv	2.520
hn	2.690
ho	4.220
ho's	2.570
hoa	3.040
hoard	3.230
hoarded	2.500
hoarder	2.660
hoarders	2.440
hoarding	3.100
hoards	2.600
hoare	2.550
hoarse	2.660
hoax	3.530
hoaxes	2.580
hob	2.760
hobart	3.430
hobbes	3.040
hobbies	3.570
hobbit	3.390
hobbits	2.680
hobble	2.410
hobbled	2.580
hobbs	3.240
hobby	3.940
hobbyist	2.570
hobbyists	2.640
hobo	3.080
hoboken	3.060
hobson	2.970
hoc	3.420
hock	2.840
hockey	4.420
hocking	2.710
hockney	2.440
hocus	2.570
hod	2.560
hodder	2.580
hodge	3.270
hodges	3.380
hodgkin	2.630
hodgkin's	2.440
hodgson	3.220
hodor	2.630
hodson	2.500
hoe	3.250
hoes	2.950
hof	3.130
hofer	2.470
hoff	2.730
hoffa	2.510
hoffman	3.660
hoffmann	2.910
hofmann	2.550
hofstra	2.430
hog	3.570
hogan	3.630
hogan's	2.550
hogarth	2.820
hogg	3.150
hogging	2.680
hogs	3.170
hogue	2.450
hogwarts	3.180
hoh	2.900
hoi	2.890
hoist	3.120
hoisted	2.980
hoisting	2.680
hokage	2.410
hoke	2.550
hokey	2.620
hokies	2.550
hokkaido	2.860
hol	2.790
hola	3.070
holborn	2.700
holbrook	2.790
holcomb	2.690
hold	5.190
holden	3.630
holder	4.210
holder's	2.560
holders	4.020
holdin	2.550
holding	4.890
holdings	4.000
holdout	2.440
holdover	2.400
holds	4.600
holdsworth	2.460
holdup	2.430
hole	4.660
holed	3.040
holes	4.350
holger	2.600
holi	2.710
holiday	4.660
holidaymakers	2.460
holidays	4.220
holier	2.550
holiest	2.710
holiness	3.460
holistic	3.330
holla	2.560
holland	4.100
holland's	2.630
hollande	2.770
hollander	2.690
holler	2.840
hollered	2.420
hollering	2.700
holley	2.690
holliday	2.900
hollie	2.480
hollingsworth	2.700
hollins	2.570
hollis	3.140
hollister	2.870
hollow	3.950
holloway	3.270
hollowed	2.820
hollows	2.740
holly	3.880
holly's	2.510
hollyoaks	2.700
hollywood	4.520
hollywood's	3.010
holm	2.860
holman	2.950
holmes	4.060
holo	2.810
holocaust	3.890
holocene	2.640
hologram	3.110
holograms	2.710
holographic	3.050
holotype	2.710
holst	2.490
holstein	2.840
holster	3.070
holt	3.670
holtby	2.550
holton	2.550
holtz	2.730
holy	4.880
holyhead	2.400
holyoke	2.660
holyrood	2.750
hom	2.830
homage	3.610
hombre	2.720
hombres	2.420
home	5.810
home's	2.940
homeboy	2.790
homebrew	2.660
homebuyers	2.660
homecoming	3.540
homegrown	3.060
homeland	3.950
homelands	2.730
homeless	4.260
homelessness	3.430
homely	2.900
homemade	3.810
homemaker	2.800
homeopathic	2.830
homeopathy	2.870
homeostasis	2.740
homeowner	3.200
homeowners	3.570
homeownership	2.700
homepage	3.450
homer	3.890
homer's	2.600
homered	2.460
homeric	2.500
homeroom	2.540
homers	3.100
homerun	2.480
homes	4.690
homeschool	2.850
homeschooled	2.540
homeschooling	2.740
homesick	2.930
homesickness	2.420
homespun	2.470
homestead	3.490
homesteads	2.490
hometown	3.910
homeward	2.700
homewood	2.610
homework	4.130
homeworld	2.750
homey	2.750
homicidal	2.730
homicide	3.800
homicides	3.110
homie	3.260
homies	2.810
homily	2.630
hominem	2.470
homing	2.980
homme	2.930
homo	3.610
homoerotic	2.420
homogeneity	2.610
homogeneous	3.220
homogenous	2.830
homologous	2.780
homology	2.720
homophobe	2.560
homophobes	2.510
homophobia	3.340
homophobic	3.500
homosexual	3.720
homosexuality	3.740
homosexuals	3.310
homozygous	2.470
homs	2.850
hon	3.890
hon'ble	2.530
honcho	2.410
honda	3.920
honda's	2.560
hondo	2.480
honduran	2.860
honduras	3.600
hone	3.170
honed	3.040
honest	4.730
honestly	4.690
honesty	3.990
honey	4.370
honeybee	2.540
honeybees	2.560
honeycomb	2.940
honeydew	2.400
honeymoon	3.680
honeypot	2.400
honeys	2.450
honeysuckle	2.670
honeywell	2.920
hong	4.530
hongkong	2.870
honing	2.790
honk	2.950
honked	2.430
honking	2.840
honky	2.790
honolulu	3.500
honor	4.690
honorable	3.810
honorably	2.790
honorary	3.660
honored	4.100
honoree	2.440
honorees	2.560
honoring	3.520
honors	3.860
honour	4.370
honourable	3.670
honoured	3.700
honouring	2.870
honours	3.650
hons	2.650
hoo	3.380
hooch	2.580
hood	4.210
hood's	2.410
hooded	3.280
hoodie	3.400
hoodies	3.020
hoodoo	2.550
hoods	3.100
hoof	3.060
hook	4.370
hookah	2.810
hooke	2.460
hooked	3.920
hooker	3.710
hookers	3.210
hooking	3.310
hooks	3.650
hookup	3.180
hookups	2.840
hooligan	2.690
hooliganism	2.420
hooligans	2.940
hoon	2.990
hoop	3.410
hooper	3.330
hoopla	2.560
hoops	3.450
hooray	3.200
hoosier	2.640
hoosiers	2.600
hoot	2.990
hooters	2.840
hoots	2.450
hoover	3.560
hooves	2.920
hop	4.400
hope	5.440
hope's	2.650
hoped	4.280
hopeful	3.790
hopefully	4.560
hopefuls	2.720
hopeless	3.710
hopelessly	3.180
hopelessness	2.940
hopes	4.400
hopewell	2.590
hopi	2.720
hoping	4.670
hopkins	3.890
hopkinson	2.410
hopped	3.310
hopper	3.480
hoppers	2.670
hopping	3.430
hoppy	2.660
hops	3.360
hor	2.630
hora	2.560
horace	3.520
horan	2.790
horatio	3.110
horde	3.230
hordes	3.160
horford	2.400
hori	2.490
horizon	4.070
horizons	3.470
horizontal	3.900
horizontally	3.300
horizonte	2.690
hormonal	3.330
hormone	3.820
hormones	3.760
horn	4.140
hornby	2.630
horne	3.170
horned	3.040
horner	3.040
hornet	3.150
hornets	3.260
horns	3.800
hornsby	2.560
horny	3.790
horoscope	3.100
horoscopes	2.590
horowitz	3.060
horrendous	3.430
horrible	4.440
horribly	3.490
horrid	3.280
horrific	3.760
horrified	3.430
horrify	2.130
horrifying	3.460
horror	4.430
horrors	3.520
hors	2.830
horse	4.760
horse's	3.060
horseback	3.390
horseman	3.070
horsemanship	2.400
horsemen	3.210
horsepower	3.490
horseracing	2.500
horseradish	2.680
horses	4.450
horseshit	2.780
horseshoe	3.160
horseshoes	2.490
horsey	2.460
horsham	2.550
horsley	2.440
horst	2.850
horta	2.470
hortense	2.500
horticultural	3.140
horticulture	3.180
horton	3.360
hortons	2.750
horus	2.940
horvath	2.570
hos	2.930
hose	3.730
hosea	2.570
hosed	2.530
hoses	2.990
hoshi	2.670
hosiery	2.510
hoskins	2.790
hosmer	2.540
hosni	2.440
hosp	2.540
hospice	3.390
hospitable	2.960
hospital	5.070
hospital's	3.030
hospitalise	0.000
hospitalised	2.710
hospitality	3.900
hospitalization	3.090
hospitalizations	2.590
hospitalize	1.770
hospitalized	3.440
hospitals	4.330
hoss	2.610
hossain	2.430
hossein	2.610
host	4.770
host's	2.720
hostage	3.900
hostages	3.640
hosted	4.250
hostel	3.430
hostels	2.990
hostess	3.350
hostesses	2.470
hostile	4.070
hostilities	3.440
hostility	3.610
hosting	4.160
hosts	4.230
hot	5.160
hotbed	2.650
hotchkiss	2.450
hotdog	2.800
hotdogs	2.700
hotel	4.950
hotel's	3.120
hotelier	2.390
hotels	4.220
hotline	3.390
hotlines	2.430
hotly	2.930
hotmail	2.430
hotness	2.650
hots	2.800
hotshot	2.680
hotspot	3.170
hotspots	2.950
hotspur	3.050
hotter	3.600
hottest	3.900
hottie	3.020
hotties	2.610
hou	3.100
houdini	2.820
hough	2.980
houghton	3.340
hound	3.430
hounded	2.700
hounding	2.540
hounds	3.190
hounslow	2.480
hour	5.180
hour's	2.870
hourglass	2.920
hourly	3.710
hours	5.400
house	5.710
house's	3.190
houseboat	2.670
housed	3.690
houseguests	2.480
household	4.470
householder	2.940
householders	2.680
households	4.130
housekeeper	3.290
housekeepers	2.450
housekeeping	3.240
housemaid	2.510
housemaster	1.850
housemate	2.970
housemates	3.060
houses	4.720
housewarming	2.400
housewife	3.400
housewives	3.400
housework	3.080
housing	4.770
housings	2.470
houston	4.420
houston's	2.950
houthi	2.670
houthis	2.670
hov	2.590
hove	3.030
hover	3.260
hoverboard	2.430
hovercraft	2.540
hovered	2.890
hovering	3.380
hovers	2.730
how	6.240
how'd	3.410
how's	3.950
howard	4.480
howard's	3.060
howards	2.410
howarth	2.540
howdy	3.080
howe	3.520
howell	3.450
howells	2.660
howes	2.720
however	5.580
howie	3.170
howitzer	2.490
howitzers	2.400
howl	3.180
howland	2.690
howled	2.480
howler	2.510
howling	3.260
howls	2.780
hows	2.760
hoxton	2.460
hoy	3.080
hoya	2.650
hoyer	2.790
hoyle	2.610
hoyt	3.040
hp	4.130
hp's	2.410
hpa	2.800
hpc	2.460
hplc	2.450
hps	2.500
hpv	3.140
hq	3.730
hr	4.200
hrc	3.050
hrd	2.430
href	2.940
hrh	2.550
hrm	2.640
hrs	3.650
hrt	2.800
hrw	2.560
hs	3.690
hs2	2.590
hsa	2.640
hsbc	3.080
hsc	2.780
hse	2.810
hsi	2.600
hsiao	2.580
hsieh	2.410
hsien	2.570
hsr	2.450
hss	2.520
hst	2.640
hsu	2.970
hsv	2.850
ht	3.380
htc	3.430
htm	2.810
html	3.650
html5	2.940
hts	2.660
http	4.810
https	4.420
hu	3.580
hua	3.240
huang	3.390
huawei	3.280
hub	4.080
hubbard	3.320
hubbell	2.550
hubble	3.120
hubbub	2.510
hubby	3.410
hubei	2.410
huber	2.930
hubert	3.300
hubris	2.940
hubs	3.400
huck	2.770
huckabee	2.870
huckleberry	2.740
hud	3.350
huda	2.510
huddersfield	3.180
huddle	3.080
huddled	3.020
hudgens	2.490
hudson	4.030
hudson's	2.710
hue	3.490
hued	2.600
huerta	2.610
hues	3.060
huey	3.060
huff	3.120
huffing	2.540
huffington	3.330
hufflepuff	2.420
huffman	2.690
huffpost	2.560
hug	4.090
huge	5.060
hugely	3.650
hugged	3.430
hugger	2.490
hugging	3.480
huggins	2.800
hugh	4.010
hughes	4.080
hugo	3.760
hugs	3.700
huguenot	2.420
huguenots	2.420
huh	4.270
hui	3.210
hula	3.010
hulk	3.720
hulking	2.500
hull	4.060
hulls	2.890
hulme	2.560
hulu	3.250
hum	3.590
huma	2.610
human	5.350
human rights	4.960
human's	2.670
humana	2.630
humane	3.620
humanely	2.640
humanise	1.660
humanism	2.990
humanist	3.070
humanistic	2.880
humanists	2.610
humanitarian	3.910
humanities	3.620
humanity	4.320
humanity's	3.010
humanize	2.450
humankind	3.110
humanly	2.930
humanoid	3.100
humanoids	2.500
humans	4.610
humber	2.790
humberside	2.420
humbert	2.610
humberto	2.400
humble	4.110
humbled	3.260
humbling	3.060
humbly	3.170
humboldt	3.150
humbug	2.600
humdrum	2.430
hume	3.340
humerus	2.720
humid	3.500
humidifier	2.460
humidity	3.830
humiliate	3.080
humiliated	3.410
humiliating	3.460
humiliation	3.550
humility	3.590
hummel	2.610
hummels	2.550
hummer	2.780
humming	3.230
hummingbird	2.960
hummingbirds	2.630
hummus	3.000
humongous	2.690
humor	4.190
humorist	2.440
humorous	3.600
humorously	2.510
humour	3.830
hump	3.360
humpback	2.810
humped	2.410
humphrey	3.510
humphreys	2.970
humphries	2.900
humping	2.850
humps	2.560
humpty	2.630
hums	2.480
humvee	2.490
hun	3.380
hunan	2.800
hunch	3.070
hunchback	2.690
hunched	2.800
hundley	2.500
hundred	4.710
hundreds	4.610
hundredth	2.810
hundredths	2.420
hung	4.210
hungarian	3.790
hungarians	2.920
hungary	3.910
hungary's	2.650
hunger	4.100
hungerford	2.450
hungover	2.950
hungrier	2.490
hungry	4.450
hunk	3.120
hunker	2.430
hunks	2.540
hunky	2.720
huns	2.890
hunt	4.490
hunt's	2.720
hunted	3.580
hunter	4.370
hunter's	3.030
hunters	3.940
hunting	4.420
huntingdon	2.810
huntington	3.520
huntington's	2.590
huntley	2.870
huntress	2.610
hunts	3.350
huntsman	2.980
huntsville	3.070
huo	2.450
hur	2.950
hurd	2.930
hurdle	3.410
hurdles	3.540
hurl	2.910
hurled	3.080
hurley	3.320
hurling	3.140
huron	3.170
hurrah	2.940
hurray	2.880
hurricane	4.100
hurricanes	3.580
hurried	3.140
hurriedly	2.790
hurries	2.450
hurry	4.140
hurrying	2.730
hurst	3.100
hurt	4.940
hurtful	3.300
hurting	4.110
hurtling	2.560
hurts	4.300
hus	2.680
husain	2.620
husband	5.000
husband's	3.850
husbandry	2.930
husbands	3.770
hush	3.470
hushed	2.930
husk	2.840
huskies	3.200
husks	2.610
husky	3.290
hussain	3.280
hussars	2.480
hussein	3.540
hussein's	2.510
hussey	2.840
hustings	2.400
hustle	3.700
hustled	2.640
hustler	2.980
hustlers	2.630
hustling	2.870
huston	2.970
hut	3.840
hutch	3.040
hutcherson	2.400
hutchings	2.530
hutchins	2.890
hutchinson	3.420
hutchison	2.940
huts	3.270
hutt	2.740
hutton	3.210
hutu	2.620
huw	2.640
huxley	3.010
huy	2.430
huzzah	2.470
hv	2.830
hvac	3.030
hw	3.170
hwa	2.950
hwan	2.760
hwang	3.060
hwy	3.280
hy	3.030
hyacinth	2.730
hyaluronic	2.440
hyatt	3.170
hybrid	4.110
hybridization	2.820
hybrids	3.370
hyde	3.700
hyderabad	3.500
hydra	3.310
hydrant	2.710
hydrate	3.030
hydrated	3.270
hydrates	2.440
hydrating	2.780
hydration	3.180
hydraulic	3.720
hydraulics	2.860
hydride	2.520
hydro	3.630
hydrocarbon	3.030
hydrocarbons	3.060
hydrochloric	2.620
hydrochloride	2.620
hydrodynamic	2.470
hydroelectric	3.110
hydrogen	3.980
hydrogenated	2.510
hydrographic	2.660
hydrologic	2.440
hydrological	2.600
hydrology	2.830
hydrolysis	2.860
hydrophilic	2.510
hydrophobic	2.890
hydroponic	2.420
hydropower	2.860
hydrostatic	2.530
hydrothermal	2.690
hydroxide	2.910
hydroxy	2.730
hydroxyl	2.690
hye	3.220
hyena	2.800
hyenas	2.820
hygiene	3.790
hygienic	2.920
hygienist	2.550
hyland	2.680
hyman	2.860
hymen	2.570
hymn	3.610
hymns	3.340
hynes	2.640
hyo	2.780
hype	4.030
hyped	3.540
hyper	3.690
hyperactive	2.760
hyperactivity	2.860
hyperbaric	2.420
hyperbole	2.930
hyperbolic	3.150
hyperinflation	2.560
hyperion	2.770
hyperlink	2.420
hyperplasia	2.490
hypersensitive	2.460
hypersensitivity	2.770
hypersonic	2.530
hyperspace	2.690
hypertension	3.410
hypertensive	2.490
hypertext	2.550
hypertrophy	2.720
hyperventilating	2.540
hyphae	2.440
hyphen	2.640
hyping	2.790
hypnosis	3.250
hypnotherapy	2.390
hypnotic	3.130
hypnotism	2.450
hypnotist	2.500
hypnotize	2.540
hypnotized	2.800
hypo	2.690
hypocrisy	3.650
hypocrite	3.400
hypocrites	3.140
hypocritical	3.310
hypocritically	2.090
hypodermic	2.480
hypoglycemia	2.680
hypotension	2.520
hypothalamus	2.670
hypothermia	2.980
hypotheses	3.200
hypothesis	3.870
hypothesize	2.500
hypothesized	3.020
hypothetical	3.610
hypothetically	2.930
hypothyroidism	2.680
hypoxia	2.830
hypoxic	2.400
hyrule	2.450
hysterectomy	2.760
hysteria	3.380
hysterical	3.480
hysterically	2.940
hysterics	2.580
hyuk	2.860
hyun	3.370
hyundai	3.440
hyung	3.100
hz	3.340
hélène	2.460
hôtel	2.470
i	7.090
i'd	5.360
i'l	2.420
i'll	5.430
i'm	6.150
i'ma	2.820
i'mma	2.510
i's	3.110
i've	5.720
i.d	2.900
i.e	4.520
i.m	2.430
i.q	2.490
i.t	2.590
i.v	2.600
i00	3.040
i000	2.850
i1	2.630
i2	2.510
i3	2.990
i4	2.470
i5	3.040
i7	3.010
i8	2.590
ia	3.700
iaa	2.530
iaaf	2.520
iac	2.700
iaea	3.020
iaf	2.490
iago	2.660
iain	3.250
iam	2.950
ian	4.320
ian's	2.650
iap	2.520
ias	2.940
iata	2.620
ib	3.450
iba	2.830
ibadan	2.820
ibaka	2.500
ibanez	2.630
ibc	2.530
ibd	2.700
ibe	2.420
iberia	2.760
iberian	2.840
ibex	2.410
ibf	2.580
ibid	2.690
ibis	2.830
ibiza	3.180
ibm	3.930
ibm's	2.840
ibn	3.470
ibo	2.510
ibra	2.420
ibrahim	3.570
ibrahimovic	2.830
ibrox	2.530
ibs	2.900
ibsen	2.620
ibu	2.430
ibuprofen	2.930
ic	3.550
ica	2.870
icahn	2.420
icann	2.700
icao	2.710
icarus	2.970
icbm	2.630
icc	3.640
icd	2.850
ice	5.000
ice cream	4.470
ice hockey	4.320
ice skating	3.810
iceberg	3.350
icebergs	2.660
icebreaker	2.820
icecream	2.530
iced	3.460
iceland	3.790
iceland's	2.660
icelandic	3.260
iceman	2.720
ices	2.570
icf	2.600
ich	3.220
ichi	2.730
ichigo	2.610
ichiro	2.590
ici	2.730
icicle	2.430
icicles	2.410
icing	3.490
icj	2.560
ick	2.540
icky	2.760
icloud	3.080
icm	2.600
ico	3.160
icon	4.160
iconic	4.130
iconography	2.880
icons	3.740
icp	2.780
icrc	2.610
ics	3.020
ict	3.330
icu	3.250
icy	3.540
id	4.610
id card	4.470
id'd	2.450
id's	2.640
ida	3.460
idaho	3.910
idc	3.120
ide	3.140
idea	5.360
ideal	4.440
idealism	3.100
idealist	2.830
idealistic	3.140
idealists	2.420
idealized	2.940
ideally	3.750
ideals	3.780
ideas	4.840
ideation	2.630
ident	2.440
identical	4.210
identically	2.760
identifiable	3.370
identification	4.180
identifications	2.560
identified	4.630
identifier	3.120
identifiers	2.930
identifies	3.750
identify	4.560
identifying	4.030
identities	3.780
identity	4.650
identity card	4.500
ideological	3.770
ideologically	3.000
ideologies	3.350
ideologue	2.410
ideologues	2.560
ideology	4.020
ides	2.640
idf	3.290
idgaf	2.570
idi	2.520
idiocy	2.920
idiom	2.970
idiomatic	2.460
idiomatically	1.570
idioms	2.790
idiopathic	2.610
idiosyncrasies	2.560
idiosyncrasy	1.950
idiosyncratic	2.940
idiot	4.390
idiotic	3.360
idiots	4.020
idk	4.170
idle	3.700
idleness	2.480
idlib	2.900
idling	2.820
idly	2.930
ido	2.540
idol	3.940
idolatry	2.820
idolise	1.830
idolize	2.480
idolized	2.550
idols	3.490
idp	2.480
idps	2.520
idris	3.060
ids	3.360
idw	2.510
idyll	2.440
idyllic	3.040
ie	3.800
iea	2.670
iec	2.970
ied	2.910
ieds	2.520
ieee	3.520
iem	2.470
iep	2.620
ies	2.620
if	6.470
ifa	2.830
ifc	2.780
ife	2.690
iff	2.630
iffy	2.780
ifi	2.420
ifn	2.530
ifr	2.500
ifrs	2.650
ifs	3.240
ig	3.630
iga	2.790
igbo	2.880
ige	2.610
igf	2.690
igg	2.700
iggy	3.290
ight	2.960
iglesias	2.810
igloo	2.640
ign	3.210
ignacio	2.900
ignatius	2.940
igneous	2.810
ignis	2.510
ignite	3.350
ignited	3.230
ignites	2.710
igniting	2.800
ignition	3.680
ignominious	2.340
ignominiously	1.890
ignorance	4.040
ignorant	4.050
ignore	4.480
ignored	4.270
ignores	3.600
ignoring	4.040
igor	3.370
igt	2.510
iguana	2.740
iguanas	2.490
ih	2.830
iheartradio	2.500
ihop	2.510
ihr	2.440
ihs	2.680
ii	5.020
ii's	2.710
iia	2.530
iib	2.400
iii	4.630
iii's	2.480
iirc	2.540
iis	2.820
iit	2.910
ij	2.610
ijn	2.460
ik	3.340
ika	2.400
ike	3.420
ikea	3.490
ikeda	2.430
ikon	2.440
ikr	2.840
il	4.320
ila	2.670
ilan	2.550
ile	2.860
ilford	2.480
ilia	2.450
iliad	2.910
ilk	2.910
ill	4.720
illawarra	2.820
illegal	4.680
illegality	2.660
illegally	3.870
illegals	3.100
illegible	2.550
illegitimate	3.430
illiberal	2.450
illicit	3.430
illini	2.610
illinois	4.440
illiteracy	2.860
illiterate	3.370
illness	4.410
illnesses	3.670
illogical	3.090
ills	3.010
illuminate	3.300
illuminated	3.500
illuminates	2.800
illuminati	3.090
illuminating	3.210
illumination	3.350
illuminations	2.460
illuminator	2.410
illus	2.520
illusion	3.940
illusionist	2.440
illusions	3.440
illusory	2.790
illustrate	3.710
illustrated	4.170
illustrates	3.630
illustrating	3.320
illustration	3.920
illustrations	3.870
illustrative	3.020
illustrator	3.460
illustrators	2.790
illustrious	3.310
ilm	2.450
ilo	2.790
iloilo	2.500
ils	2.750
ily	2.420
ilya	2.850
im	4.690
ima	3.090
imac	2.860
image	4.940
imaged	2.670
imager	2.430
imagery	3.830
images	4.750
imaginable	3.270
imaginary	3.790
imagination	4.220
imaginations	3.040
imaginative	3.450
imagine	4.920
imagined	4.070
imagines	3.130
imaging	3.930
imagining	3.650
imam	3.500
imams	2.810
iman	2.790
imax	3.080
imbalance	3.460
imbalanced	2.430
imbalances	3.020
imbecile	2.870
imbeciles	2.500
imbue	2.420
imbued	2.910
imc	2.600
imd	2.520
imdb	3.230
ime	2.600
imelda	2.560
imessage	2.640
imf	3.530
img	2.980
imgur	2.470
imho	2.930
imi	2.470
imitate	3.290
imitated	2.920
imitates	2.730
imitating	3.200
imitation	3.470
imitations	2.700
imitators	2.510
imma	3.090
immaculate	3.370
immaculately	2.460
immanuel	2.700
immaterial	2.890
immature	3.660
immaturity	2.800
immeasurable	2.850
immeasurably	2.680
immediacy	2.760
immediate	4.520
immediately	4.980
immemorial	2.590
immense	3.880
immensely	3.570
immerse	2.940
immersed	3.410
immersing	2.540
immersion	3.470
immersive	3.250
immigrant	4.040
immigrants	4.370
immigrate	2.610
immigrated	2.930
immigrating	2.560
immigration	4.470
imminent	3.670
immobile	2.930
immobilized	2.670
immolation	2.460
immoral	3.460
immorality	2.850
immortal	3.770
immortality	3.410
immortalize	2.060
immortalized	2.710
immortals	2.940
immovable	2.780
immune	4.140
immunisation	2.460
immunities	2.550
immunity	3.910
immunization	3.010
immunizations	2.450
immunized	2.480
immunodeficiency	2.710
immunoglobulin	2.650
immunological	2.550
immunology	3.110
immunotherapy	2.760
immutable	2.850
imo	3.710
imogen	2.850
imp	3.230
impact	4.920
impacted	3.730
impactful	2.960
impacting	3.240
impacts	4.030
impair	2.930
impaired	3.680
impairment	3.550
impairments	3.040
impairs	2.570
impala	3.060
impaled	2.780
impart	3.090
imparted	2.750
impartial	3.380
impartiality	2.910
impartially	2.430
imparting	2.670
imparts	2.610
impassable	2.740
impasse	2.960
impassioned	2.940
impatience	2.980
impatient	3.550
impatiently	2.740
impeach	3.100
impeached	3.150
impeaching	2.480
impeachment	3.590
impeccable	3.250
impeccably	2.630
impedance	3.150
impede	3.140
impeded	2.870
impedes	2.490
impediment	3.050
impediments	2.700
impeding	2.800
impeller	2.440
impending	3.530
impenetrable	3.070
imperative	3.660
imperatives	2.650
imperceptible	2.490
imperceptibly	2.240
imperfect	3.450
imperfection	2.810
imperfections	3.290
imperial	4.210
imperialism	3.380
imperialist	3.140
imperialists	2.560
imperious	2.660
imperium	2.670
impermanent	2.190
impermeable	2.430
impersonal	2.920
impersonally	1.590
impersonate	2.750
impersonating	2.970
impersonation	2.870
impersonator	2.730
impertinent	2.550
impervious	2.880
impetuous	2.600
impetus	3.270
impish	2.150
impishly	1.330
implacable	2.610
implant	3.480
implantable	2.440
implantation	3.010
implanted	3.330
implanting	2.430
implants	3.500
implausible	2.880
implement	4.200
implementation	4.310
implementations	3.190
implemented	4.230
implementing	3.910
implements	3.360
implicate	2.840
implicated	3.460
implicates	2.470
implicating	2.610
implication	3.560
implications	4.100
implicit	3.450
implicitly	3.230
implied	3.930
implies	3.980
implode	2.700
imploded	2.560
imploding	2.520
implore	2.840
implored	2.660
imploring	2.530
implosion	2.810
imply	3.830
implying	3.580
impolite	2.620
impolitely	1.250
import	4.100
importance	4.560
important	5.440
importantly	4.090
importation	3.050
imported	3.950
importer	3.080
importers	2.950
importing	3.430
imports	3.880
impose	3.920
imposed	4.160
imposes	3.200
imposing	3.730
imposition	3.190
impossibility	3.040
impossible	4.780
impossibly	2.970
imposter	2.880
impostor	2.800
impotence	2.960
impotent	3.040
impound	2.470
impounded	2.840
impoverished	3.350
impractical	3.280
imprecise	2.680
impregnable	2.640
impregnate	2.490
impregnated	2.920
impresario	2.540
impress	3.930
impressed	4.340
impresses	2.870
impressing	3.010
impression	4.350
impressionable	2.850
impressionism	2.640
impressionist	2.850
impressionistic	2.450
impressionistically	0.000
impressionists	2.420
impressions	3.710
impressive	4.470
impressively	2.970
imprint	3.380
imprinted	2.890
imprinting	2.430
imprints	2.740
imprison	2.870
imprisoned	3.790
imprisoning	2.610
imprisonment	3.890
improbable	3.290
impromptu	3.190
improper	3.580
improperly	3.350
impropriety	2.750
improv	3.180
improve	4.790
improved	4.610
improvement	4.490
improvements	4.270
improves	3.750
improving	4.370
improvisation	3.100
improvisational	2.520
improvise	3.020
improvised	3.370
improvising	2.760
imps	2.540
impudent	2.460
impulse	3.720
impulses	3.290
impulsive	3.270
impulsively	2.630
impunity	3.180
impure	2.950
impurities	3.060
impurity	2.690
imran	3.160
ims	2.850
imt	2.440
in	7.270
ina	3.220
inability	3.930
inaccessible	3.300
inaccuracies	3.010
inaccuracy	2.770
inaccurate	3.650
inaccurately	2.570
inaction	3.130
inactivated	2.690
inactivation	2.750
inactive	3.630
inactivity	3.050
inadequacies	2.570
inadequacy	2.790
inadequate	3.820
inadequately	2.600
inadmissible	2.770
inadvertent	2.790
inadvertently	3.440
inalienable	2.690
inane	2.700
inanimate	3.010
inappropriate	3.990
inappropriately	3.020
inartistic	1.110
inasmuch	2.870
inattention	2.420
inattentive	2.440
inaudible	2.790
inaugural	3.670
inaugurate	2.570
inaugurated	3.320
inauguration	3.570
inbetween	2.620
inbetweeners	2.430
inboard	2.400
inborn	2.430
inbound	3.250
inbox	3.510
inbred	2.900
inbreeding	2.760
inc	4.770
inca	3.010
incalculable	2.480
incandescent	3.020
incantation	2.560
incapable	3.720
incapacitated	3.090
incapacity	2.790
incarcerated	3.290
incarceration	3.360
incarnate	2.990
incarnation	3.420
incarnations	2.830
incas	2.580
incase	2.900
ince	2.730
incendiary	3.050
incense	3.270
incensed	2.800
incentive	3.970
incentives	3.880
incentivize	2.460
inception	3.650
incessant	3.030
incessantly	2.910
incest	3.360
incestuous	2.720
inch	4.490
inched	2.400
incheon	2.950
inches	4.350
inching	2.570
inchoate	2.060
inchoately	0.000
incidence	3.640
incidences	2.710
incident	4.540
incidental	3.310
incidentally	3.510
incidents	4.150
incinerated	2.650
incineration	2.540
incinerator	2.740
incipient	2.540
incise	1.590
incised	2.550
incision	3.160
incisions	2.690
incisive	2.760
incisor	2.220
incisors	2.530
incite	3.120
incited	2.830
incitement	2.860
incites	2.500
inciting	3.170
incl	3.220
inclement	2.800
inclination	3.370
inclinations	2.740
incline	3.150
inclined	3.870
inclines	2.470
include	5.210
included	5.030
includes	4.960
including	5.520
inclusion	4.020
inclusions	2.900
inclusive	3.970
inclusively	1.930
inclusiveness	2.610
inclusivity	2.510
incognito	3.060
incoherent	3.090
income	4.970
incomes	3.680
incoming	3.930
incomparable	2.990
incompatibility	2.750
incompatible	3.480
incompetence	3.430
incompetent	3.650
incomplete	3.850
incomprehensible	3.170
inconceivable	3.070
inconclusive	3.130
incongruity	2.200
incongruous	2.690
incongruously	1.960
inconsequential	2.860
inconsiderate	3.040
inconsistencies	3.250
inconsistency	3.230
inconsistent	3.790
inconsistently	2.420
inconsolable	2.410
inconspicuous	2.760
incontinence	2.920
incontrovertible	2.460
inconvenience	3.690
inconvenienced	2.600
inconveniences	2.710
inconvenient	3.470
incorporate	3.850
incorporated	4.200
incorporates	3.550
incorporating	3.690
incorporation	3.400
incorrect	3.940
incorrectly	3.570
incorrigible	2.510
incorruptible	2.460
increase	5.080
increased	4.910
increases	4.460
increasing	4.680
increasingly	4.380
incredible	4.630
incredibles	2.640
incredibly	4.380
incredulity	2.530
incredulous	2.810
increment	2.960
incremental	3.380
incrementally	2.710
increments	3.120
incriminate	2.580
incriminating	3.030
incrimination	2.410
incubate	2.460
incubated	2.830
incubating	2.420
incubation	3.150
incubator	3.130
incubators	2.710
incubus	2.520
incumbency	2.400
incumbent	3.770
incumbents	3.170
incur	3.300
incurable	3.030
incurred	3.600
incurring	2.880
incurs	2.520
incursion	2.950
incursions	2.960
ind	3.570
indebted	3.210
indebtedness	2.760
indecency	2.640
indecent	3.210
indecision	2.770
indecisive	2.830
indeed	4.790
indefatigable	2.550
indefensible	2.830
indefinite	3.410
indefinite article	3.400
indefinitely	3.650
indelible	2.820
indemnification	2.480
indemnify	2.610
indemnity	2.940
indent	2.440
indentation	2.640
indented	2.650
indenture	2.670
indentured	2.760
independence	4.580
independent	4.930
independently	4.060
independents	3.380
indescribable	2.900
indestructible	3.060
indeterminate	2.880
index	4.570
index.html	2.480
index.php	2.630
indexed	3.280
indexes	3.320
indexing	3.180
indi	2.730
india	5.040
india's	3.860
indian	4.910
indiana	4.310
indiana's	2.790
indianapolis	3.820
indians	4.250
indica	2.850
indicate	4.350
indicated	4.340
indicates	4.240
indicating	4.090
indication	4.060
indications	3.600
indicative	3.570
indicator	3.920
indicators	3.830
indices	3.410
indict	2.850
indicted	3.500
indictment	3.700
indictments	3.040
indie	4.000
indiegogo	2.710
indies	3.720
indifference	3.340
indifferent	3.440
indigenous	4.160
indigent	2.680
indigestion	2.840
indignant	2.860
indignantly	2.140
indignation	3.080
indignity	2.600
indigo	3.310
indio	2.690
indira	2.940
indirect	4.000
indirectly	3.710
indiscreet	2.440
indiscrete	1.340
indiscretion	2.610
indiscretions	2.490
indiscriminate	3.000
indiscriminately	2.980
indispensable	3.340
indisputable	2.850
indisputably	2.600
indistinct	3.020
indistinguishable	3.160
indium	2.440
individual	5.000
individual's	3.310
individualism	3.000
individualist	2.550
individualistic	2.740
individuality	3.200
individualized	3.050
individually	3.900
individuals	4.810
indivisible	2.830
indo	3.450
indochina	2.820
indoctrinated	2.600
indoctrination	2.900
indolence	2.080
indolent	2.260
indolently	1.220
indomitable	2.770
indonesia	4.250
indonesia's	2.870
indonesian	3.890
indonesians	2.690
indoor	4.090
indoors	3.600
indore	2.660
indra	2.840
induce	3.560
induced	4.040
inducement	2.530
inducements	2.400
induces	3.140
inducing	3.480
induct	2.250
inductance	2.430
inducted	3.260
inductees	2.520
induction	3.710
inductive	2.900
indulge	3.540
indulged	2.970
indulgence	3.190
indulgences	2.610
indulgent	3.090
indulgently	1.870
indulges	2.410
indulging	3.110
indus	3.080
industrial	4.710
industrialisation	2.700
industrialise	1.420
industrialised	2.660
industrialist	2.830
industrialists	2.890
industrialization	3.070
industrialize	1.970
industrialized	3.120
industrially	2.490
industrie	2.420
industries	4.420
industrious	2.790
industry	5.190
industry's	3.310
indy	3.550
indycar	2.930
ine	2.920
inebriated	2.640
inedible	2.630
ineffable	2.410
ineffective	3.660
ineffectiveness	2.460
ineffectual	2.830
inefficiencies	2.710
inefficiency	2.890
inefficient	3.460
inelastic	2.400
ineligible	3.290
inept	3.130
ineptitude	2.700
inequalities	3.240
inequality	3.920
inequities	2.630
inequity	2.590
inert	3.090
inertia	3.170
inertial	2.910
ines	2.590
inescapable	2.960
inevitability	2.900
inevitable	4.080
inevitably	3.900
inexcusable	2.950
inexcusably	1.800
inexhaustible	2.570
inexorability	0.000
inexorable	2.570
inexorably	2.640
inexpensive	3.570
inexperience	2.970
inexperienced	3.500
inexplicable	3.130
inexplicably	3.010
inextricably	2.830
inez	2.730
inf	3.070
infact	2.750
infallibility	2.430
infallible	3.020
infallibly	1.970
infamous	3.750
infamously	2.500
infamy	2.860
infancy	3.380
infant	3.990
infant's	2.410
infanticide	2.660
infantile	2.820
infantry	3.960
infants	3.760
infarction	2.840
infatuated	2.900
infatuation	2.900
infect	3.360
infected	4.130
infecting	2.960
infection	4.330
infections	3.970
infectious	3.810
infects	2.790
infer	3.160
inference	3.250
inferences	2.800
inferior	3.810
inferiority	2.970
infernal	3.000
infernally	1.470
inferno	3.300
inferred	3.120
inferring	2.570
infertile	2.860
infertility	3.180
infest	2.540
infestation	3.170
infestations	2.660
infested	3.370
infidel	2.770
infidelity	3.260
infidels	2.880
infield	3.010
infielder	2.560
infighting	2.900
infill	2.580
infiltrate	3.250
infiltrated	3.200
infiltrates	2.450
infiltrating	2.870
infiltration	3.240
infiltrators	2.430
infinite	4.160
infinitely	3.510
infinitesimal	2.630
infiniti	2.760
infinitive	2.570
infinitum	2.480
infinity	3.820
infirm	2.610
infirmary	3.340
inflame	2.580
inflamed	3.140
inflammation	3.730
inflammatory	3.720
inflatable	3.250
inflate	3.010
inflated	3.510
inflating	2.790
inflation	4.140
inflationary	2.890
inflected	2.590
inflection	2.880
inflexible	2.890
inflict	3.340
inflicted	3.620
inflicting	3.090
inflicts	2.520
inflight	2.460
inflorescence	2.600
inflow	2.890
inflows	2.830
influence	4.780
influenced	4.200
influencer	2.950
influencers	3.100
influences	4.050
influencing	3.500
influential	4.090
influenza	3.510
influx	3.580
info	4.600
infographic	3.070
infographics	2.690
infomercial	2.530
inform	4.150
informal	3.870
informally	3.120
informant	3.330
informants	3.030
informatics	3.030
information	5.430
informational	3.180
informations	2.690
informative	3.610
informed	4.450
informer	2.990
informers	2.630
informing	3.580
informs	3.510
infos	2.530
infosys	2.520
infotainment	2.590
infowars	2.600
infra	2.900
infraction	2.900
infractions	2.860
infrared	3.710
infrastructural	2.560
infrastructure	4.460
infrastructures	2.840
infrequent	2.990
infrequently	3.000
infringe	2.990
infringed	3.030
infringement	3.610
infringements	2.620
infringes	2.500
infringing	3.070
infront	2.840
infuriate	2.410
infuriated	2.970
infuriates	2.480
infuriating	3.020
infuse	2.820
infused	3.380
infusing	2.500
infusion	3.290
infusions	2.710
ing	3.950
inga	2.610
ingalls	2.590
inge	2.690
ingenious	3.350
ingenuity	3.230
ingenuous	1.920
ingenuously	1.170
ingersoll	2.590
ingest	2.830
ingested	3.110
ingesting	2.800
ingestion	2.990
ingham	2.680
ingle	2.400
ingles	2.550
inglewood	2.820
inglis	2.890
inglorious	2.430
ingots	2.570
ingraham	2.660
ingrained	3.080
ingram	3.340
ingrate	1.980
ingratiate	2.240
ingratiating	2.100
ingratiatingly	0.000
ingredient	3.740
ingredients	4.140
ingress	2.790
ingrid	3.250
ingrown	2.460
ings	2.680
inhabit	3.330
inhabitant	2.760
inhabitants	4.070
inhabited	3.520
inhabiting	2.900
inhabits	2.770
inhalation	3.120
inhale	3.250
inhaled	3.080
inhaler	2.920
inhales	2.540
inhaling	3.030
inherent	3.830
inherently	3.590
inherit	3.520
inheritance	3.800
inherited	3.910
inheriting	2.820
inherits	2.810
inhibit	3.340
inhibited	3.110
inhibiting	3.060
inhibition	3.390
inhibitions	2.830
inhibitor	3.380
inhibitors	3.420
inhibitory	2.950
inhibits	3.120
inhospitable	2.760
inhuman	3.270
inhumane	3.140
inhumanity	2.560
inhumans	2.670
ini	2.770
iniesta	2.820
inigo	2.560
inimitable	2.670
iniquity	2.720
init	2.740
initial	4.720
initialization	2.560
initialize	2.450
initialized	2.430
initially	4.490
initials	3.460
initiate	3.740
initiated	3.990
initiates	3.090
initiating	3.380
initiation	3.520
initiative	4.360
initiatives	4.020
initiator	2.720
inject	3.440
injectable	2.600
injected	3.690
injecting	3.230
injection	3.990
injections	3.520
injector	2.860
injectors	2.660
injects	2.660
injunction	3.480
injunctions	2.710
injure	3.270
injured	4.510
injures	2.920
injuries	4.440
injuring	3.380
injurious	2.580
injury	4.740
injustice	3.810
injustices	3.080
ink	4.070
inked	3.080
inking	2.650
inkjet	2.520
inkling	2.900
inks	3.060
inky	2.600
inlaid	2.710
inland	3.830
inlay	2.680
inlet	3.450
inlets	2.600
inline	3.180
inman	2.720
inmate	3.540
inmates	3.840
inn	4.070
inna	2.590
innards	2.540
innate	3.480
innately	2.490
inner	4.500
innermost	2.830
innes	2.860
inning	3.830
innings	4.020
innit	2.740
innkeeper	2.690
innocence	3.830
innocent	4.450
innocently	2.880
innocents	3.140
innocuous	3.060
innovate	3.130
innovating	2.720
innovation	4.320
innovations	3.730
innovative	4.100
innovator	3.010
innovators	3.070
inns	3.060
innsbruck	2.600
innuendo	2.900
innumerable	3.030
ino	2.660
inoculated	2.570
inoculation	2.660
inoffensive	2.560
inoperable	2.760
inopportune	2.400
inordinate	2.660
inorganic	3.230
inoue	2.570
inpatient	3.160
input	4.350
inputs	3.630
inquest	3.210
inquire	3.380
inquired	2.970
inquirer	2.970
inquires	2.660
inquiries	3.810
inquiring	2.990
inquiry	4.250
inquisition	3.350
inquisitive	2.980
inquisitor	2.850
inquisitors	2.420
inr	2.770
inroads	2.880
ins	3.920
insane	4.400
insanely	3.340
insanity	3.720
insatiable	3.040
inscribe	2.190
inscribed	3.380
inscription	3.540
inscriptions	3.310
inscrutable	2.560
insect	3.760
insecticide	2.900
insecticides	2.830
insects	4.020
insecure	3.720
insecurely	1.630
insecurities	3.280
insecurity	3.560
insemination	2.770
insensitive	3.450
insensitively	1.580
insensitivity	2.660
inseparable	3.130
insert	4.010
inserted	3.740
inserting	3.270
insertion	3.360
insertions	2.510
inserts	3.220
inset	2.850
inshore	2.700
inside	5.190
insider	3.770
insider's	2.460
insiders	3.320
insides	3.120
insidious	3.240
insight	4.190
insightful	3.410
insightfully	1.480
insights	3.860
insignia	3.150
insignificance	2.470
insignificant	3.530
insincere	2.660
insinuate	2.590
insinuated	2.550
insinuating	2.770
insinuation	2.510
insipid	2.640
insist	4.030
insisted	4.060
insistence	3.440
insistent	3.050
insisting	3.550
insists	3.710
insofar	3.060
insolence	2.650
insolent	2.740
insoluble	2.830
insolvency	3.180
insolvent	2.860
insomnia	3.430
insomniac	2.620
insp	2.480
inspect	3.630
inspected	3.510
inspecting	3.160
inspection	4.140
inspections	3.630
inspector	4.250
inspectorate	2.780
inspectors	3.630
inspects	2.590
inspiration	4.410
inspirational	3.750
inspirations	3.080
inspire	4.000
inspired	4.630
inspires	3.470
inspiring	4.040
inst	2.770
insta	3.280
instability	3.710
instagram	4.330
instal	2.000
install	4.140
installation	4.160
installations	3.780
installed	4.400
installer	2.940
installers	2.620
installing	3.710
installment	3.580
installments	3.150
installs	2.950
instalment	3.040
instalments	2.750
instance	4.590
instances	4.060
instant	4.340
instantaneous	3.140
instantaneously	2.900
instantly	4.230
instead	5.240
instead of	5.240
instigate	2.760
instigated	3.050
instigating	2.700
instigation	2.650
instigator	2.660
instil	2.380
instill	3.000
instilled	2.970
instilling	2.670
instinct	3.860
instinctive	3.040
instinctively	3.250
instincts	3.630
instinctual	2.570
institut	3.060
institute	4.800
institute's	3.040
instituted	3.480
institutes	3.720
instituting	2.740
institution	4.410
institution's	2.710
institutional	4.000
institutionalised	2.430
institutionalized	3.130
institutionally	2.420
institutions	4.580
instituto	2.700
instruct	3.310
instructed	3.840
instructing	3.130
instruction	4.140
instructional	3.510
instructions	4.370
instructive	2.980
instructor	4.020
instructors	3.570
instructs	2.980
instrument	4.260
instrumental	3.990
instrumentalist	2.550
instrumentals	2.830
instrumentation	3.460
instruments	4.320
insubordinate	2.200
insubordinately	0.000
insubordination	2.660
insufferable	2.790
insufficiency	2.690
insufficient	3.770
insufficiently	2.760
insular	3.030
insulate	2.830
insulated	3.380
insulating	3.020
insulation	3.670
insulator	2.740
insulators	2.510
insulin	3.810
insult	3.990
insulted	3.520
insulting	3.700
insults	3.590
insurance	4.940
insurances	2.530
insure	3.400
insured	3.690
insurer	3.530
insurers	3.490
insures	2.510
insurgency	3.310
insurgent	3.200
insurgents	3.370
insuring	2.820
insurmountable	3.030
insurrection	3.170
int	3.790
int'l	2.790
intact	3.980
intake	3.980
intakes	2.840
intangible	3.220
intangibles	2.570
inte	2.460
integer	3.390
integers	3.020
integral	3.960
integrals	2.630
integrate	3.720
integrated	4.290
integrates	3.040
integrating	3.520
integration	4.220
integrations	2.440
integrative	2.950
integrator	2.580
integrity	4.220
intel	4.070
intel's	2.840
intellect	3.490
intellectual	4.300
intellectualism	2.500
intellectually	3.340
intellectuals	3.490
intelligence	4.700
intelligencer	2.420
intelligent	4.290
intelligently	3.050
intelligentsia	2.700
intelligible	2.770
intend	4.090
intended	4.700
intending	3.490
intends	3.690
intense	4.390
intensely	3.520
intensification	2.810
intensified	3.460
intensifies	3.110
intensify	3.160
intensifying	2.870
intensities	2.700
intensity	4.140
intensive	4.060
intensively	2.870
intent	4.280
intention	4.330
intentional	3.720
intentionally	3.820
intentioned	2.910
intentions	4.110
intently	2.970
intents	2.970
inter	4.160
interact	4.050
interacted	3.110
interacting	3.660
interaction	4.290
interactions	4.160
interactive	4.060
interactivity	2.600
interacts	3.210
interagency	2.700
interbank	2.550
intercede	2.560
intercept	3.570
intercepted	3.530
intercepting	2.800
interception	3.430
interceptions	3.220
interceptor	2.850
interceptors	2.510
intercepts	2.810
intercession	2.760
interchange	3.490
interchangeable	3.280
interchangeably	2.900
interchanges	2.510
intercity	2.660
intercollegiate	2.640
intercom	2.890
interconnect	2.700
interconnected	3.250
interconnection	2.830
intercontinental	3.150
intercourse	3.600
intercultural	2.870
interdependence	2.690
interdependent	2.640
interdiction	2.600
interdisciplinary	3.390
interest	5.170
interested	4.950
interesting	5.000
interestingly	3.600
interests	4.660
interface	4.120
interfaces	3.470
interfacing	2.540
interfaith	2.900
interfere	3.880
interfered	3.210
interference	3.990
interferes	3.050
interfering	3.530
interferometer	2.500
interferon	2.760
intergalactic	2.860
intergenerational	2.730
intergovernmental	3.100
interim	4.000
interior	4.550
interiors	3.440
interject	2.370
interjection	2.160
interlaced	2.520
interleukin	2.690
interlinked	2.470
interlock	2.620
interlocking	2.980
interlude	3.090
interludes	2.590
intermarriage	2.520
intermediaries	2.960
intermediary	3.180
intermediate	4.040
intermediates	2.750
interment	2.750
interminable	2.580
intermission	3.010
intermittent	3.390
intermittently	3.050
intermodal	2.610
intern	3.670
internal	4.660
internalize	2.540
internalized	2.860
internally	3.750
internals	2.560
international	5.360
international's	2.670
internationale	2.890
internationalism	2.450
internationalist	2.510
internationalization	2.560
internationally	3.950
internationals	3.090
interned	2.840
internet	5.060
internet's	2.840
internets	2.480
interning	2.420
internment	2.990
interns	3.350
internship	3.610
internships	3.260
interoperability	2.940
interpersonal	3.370
interplanetary	2.820
interplay	3.150
interpol	3.150
interpolated	2.410
interpolation	2.850
interpret	3.810
interpretation	4.220
interpretations	3.630
interpretative	2.420
interpreted	3.920
interpreter	3.540
interpreters	3.090
interpreting	3.450
interpretive	3.040
interprets	2.990
interracial	3.370
interred	2.790
interrelated	2.700
interrogate	2.900
interrogated	3.180
interrogating	2.870
interrogation	3.560
interrogations	2.790
interrogative	2.350
interrogatively	1.220
interrogator	2.580
interrogators	2.470
interrupt	3.610
interrupted	3.850
interrupting	3.280
interruption	3.360
interruptions	3.120
interrupts	3.090
interscope	2.400
intersect	3.190
intersected	2.570
intersecting	2.890
intersection	3.880
intersectional	2.510
intersectionality	2.450
intersections	3.270
intersects	2.760
intersex	2.920
intersperse	1.630
interspersed	3.100
interstate	3.990
interstates	2.430
interstellar	3.340
interstitial	2.780
intertidal	2.450
intertwined	3.200
interurban	2.470
interval	3.770
intervals	3.690
intervene	3.650
intervened	3.350
intervenes	2.770
intervening	3.330
intervention	4.260
interventional	2.530
interventionist	2.620
interventions	3.740
interview	4.860
interviewed	4.000
interviewee	2.700
interviewees	2.720
interviewer	3.510
interviewers	2.870
interviewing	3.620
interviews	4.360
interwar	2.480
interweave	1.900
interwoven	2.810
intestinal	3.320
intestine	3.230
intestines	3.220
inthe	2.580
intifada	2.690
intimacy	3.640
intimate	4.060
intimated	2.540
intimately	3.240
intimates	2.450
intimidate	3.310
intimidated	3.440
intimidating	3.560
intimidation	3.390
intl	2.950
into	6.110
intolerable	3.170
intolerance	3.460
intolerant	3.250
intonation	2.840
intoxicated	3.340
intoxicating	2.970
intoxication	3.120
intra	3.320
intracellular	3.020
intracranial	2.690
intractable	2.880
intraday	2.610
intramural	2.680
intramuscular	2.410
intranet	2.540
intransitive	2.320
intravenous	3.130
intravenously	2.550
intrepid	3.040
intricacies	2.920
intricate	3.550
intricately	2.730
intrigue	3.360
intrigued	3.470
intrigues	2.890
intriguing	3.690
intrinsic	3.470
intrinsically	3.060
intro	3.810
introduce	4.370
introduced	4.720
introduces	3.800
introducing	4.160
introduction	4.520
introductions	3.300
introductory	3.510
intros	2.600
introspection	2.980
introspective	2.900
introvert	2.910
introverted	2.830
introverts	2.750
intrude	2.810
intruded	2.480
intruder	3.370
intruders	3.110
intruding	2.690
intrusion	3.420
intrusions	2.790
intrusive	3.330
ints	2.430
intubation	2.540
intuit	2.490
intuition	3.540
intuitions	2.470
intuitive	3.570
intuitively	3.040
inu	2.490
inuit	2.950
inundated	3.030
inundation	2.460
inuyasha	2.520
inv	2.820
invade	3.610
invaded	3.740
invader	2.980
invaders	3.430
invades	2.910
invading	3.500
invalid	3.780
invalidate	3.000
invalidated	2.890
invalidating	2.520
invaluable	3.540
invariable	2.150
invariably	3.440
invariance	2.420
invariant	3.030
invariants	2.420
invasion	4.230
invasions	3.190
invasive	3.690
invective	2.410
invent	3.570
invented	4.170
inventing	3.270
invention	4.040
inventions	3.560
inventive	3.260
inventiveness	2.540
inventor	3.590
inventories	3.200
inventors	3.220
inventory	4.140
invents	2.710
inverness	3.300
inverse	3.420
inversely	2.840
inversion	3.260
inversions	2.670
invert	2.740
invertebrate	2.740
invertebrates	2.960
inverted	3.420
inverted commas	2.810
inverter	2.780
inverting	2.500
invest	4.320
invested	4.190
investigate	4.310
investigated	4.140
investigates	3.330
investigating	4.080
investigation	4.750
investigational	2.550
investigations	4.210
investigative	3.680
investigator	3.830
investigators	3.880
investigatory	2.530
investing	4.110
investiture	2.490
investment	4.840
investments	4.270
investor	3.960
investor's	2.420
investors	4.340
invests	3.130
invicta	2.510
invictus	2.500
invigorated	2.470
invigorating	2.730
invincibility	2.470
invincible	3.440
invisibility	2.950
invisible	4.090
invitation	4.140
invitational	3.160
invitations	3.410
invite	4.300
invited	4.530
invites	3.710
inviting	3.860
invitingly	1.860
invocation	2.910
invoice	3.270
invoices	3.090
invoicing	2.410
invoke	3.330
invoked	3.330
invokes	2.830
invoking	3.100
involuntarily	2.910
involuntary	3.340
involve	4.280
involved	5.100
involvement	4.300
involves	4.340
involving	4.480
invulnerable	2.680
inward	3.370
inwardly	2.730
inwards	2.890
inxs	2.400
io	3.410
ioc	3.240
iodide	2.590
iodine	3.190
iom	2.670
ion	4.150
iona	2.780
ionian	2.620
ionic	3.210
ionization	3.030
ionized	2.620
ionizing	2.770
ionosphere	2.470
ions	3.520
ios	4.120
iot	3.510
iota	2.970
iow	2.400
iowa	4.330
iowa's	2.570
ip	4.040
ipa	3.310
ipad	4.100
ipads	3.110
ipc	2.960
ipcc	2.930
iphone	4.430
iphone's	2.540
iphones	3.480
ipl	3.210
iplayer	2.670
ipo	3.370
ipod	3.690
ipods	2.630
ipos	2.480
ips	3.260
ipsa	2.420
ipso	2.500
ipsos	2.500
ipswich	3.410
iptv	2.510
ipv4	2.480
ipv6	2.740
iq	3.690
iqbal	3.010
iqs	2.430
ir	3.680
ira	3.840
iran	4.620
iran's	3.470
irani	2.530
iranian	4.160
iranians	3.200
iraq	4.430
iraq's	3.050
iraqi	3.950
iraqis	3.060
iras	2.660
irate	2.780
irately	0.000
irb	2.880
irc	3.100
ire	3.220
ireland	4.660
ireland's	3.300
irena	2.570
irene	3.710
irfan	2.570
iri	2.550
iridescent	2.800
iridium	2.740
irina	3.100
iris	3.760
irises	2.540
irish	4.540
irishman	3.060
irishmen	2.590
irked	2.750
irks	2.580
irl	3.430
irma	3.020
iron	4.740
ironclad	2.720
ironed	2.920
ironic	3.800
ironically	3.740
ironies	2.430
ironing	3.100
ironman	3.170
irons	3.320
ironwood	2.450
ironworks	2.420
irony	3.860
iroquois	2.910
irradiated	2.930
irradiation	3.090
irrational	3.560
irrationality	2.550
irrationally	2.560
irreconcilable	2.680
irreducible	2.690
irrefutable	2.740
irregular	3.700
irregularities	3.310
irregularity	2.570
irregularly	2.860
irrelevance	2.620
irrelevancy	1.970
irrelevant	3.980
irreparable	2.910
irreparably	2.500
irreplaceable	3.010
irrepressible	2.560
irresistible	3.470
irresistibly	2.520
irrespective	3.410
irresponsibility	2.650
irresponsible	3.670
irresponsibly	2.510
irreverent	2.820
irreversible	3.280
irreversibly	2.510
irrevocable	2.760
irrevocably	2.770
irrigate	2.580
irrigated	2.840
irrigation	3.690
irritability	2.760
irritable	3.090
irritant	2.700
irritants	2.430
irritate	3.080
irritated	3.500
irritates	2.840
irritating	3.610
irritation	3.420
irs	3.890
irv	2.570
irvin	2.870
irvine	3.550
irving	3.710
irwin	3.570
is	7.070
isa	3.590
isaac	3.930
isaac's	2.500
isaacs	2.930
isabel	3.570
isabella	3.490
isabelle	3.300
isaf	2.540
isaiah	3.600
isbn	3.110
isc	2.660
ischemia	2.850
ischemic	2.870
isco	2.570
isd	2.820
ise	2.730
isfahan	2.490
ish	3.720
isha	2.560
ishida	2.560
ishii	2.490
ishikawa	2.610
ishmael	2.840
ishtar	2.530
isi	3.100
isiah	2.420
isidore	2.430
isil	3.340
isis	4.270
isl	2.600
isla	3.170
islam	4.420
islam's	2.570
islamabad	3.320
islami	2.540
islamic	4.440
islamism	2.650
islamist	3.390
islamists	3.140
islamophobia	2.840
islamophobic	2.500
island	5.010
island's	3.410
islander	3.060
islanders	3.450
islands	4.500
islay	2.510
isle	3.830
isles	3.580
islet	2.760
islets	2.770
islington	3.070
ism	3.060
ismael	2.520
ismail	3.060
isms	2.470
isn	3.050
isn't	5.410
isnt	3.890
iso	3.790
isobel	2.830
isoforms	2.450
isolate	3.600
isolated	4.240
isolates	3.000
isolating	3.230
isolation	4.020
isolationism	2.540
isolationist	2.630
isolde	2.480
isomer	2.460
isomers	2.470
isometric	2.790
isomorphic	2.480
isomorphism	2.410
isopropyl	2.480
isotope	3.150
isotopes	3.120
isotopic	2.660
isotropic	2.500
isp	3.250
isps	3.140
isr	2.560
israel	4.770
israel's	3.600
israeli	4.400
israelis	3.430
israelite	2.760
israelites	3.150
isro	2.530
iss	3.450
issa	3.240
issac	2.570
issn	2.830
issuance	3.340
issue	5.230
issued	4.730
issuer	3.070
issuers	2.910
issues	5.190
issuing	3.760
ist	3.350
istanbul	3.740
isthmus	2.820
isu	2.780
isuzu	2.540
it	6.950
it'd	4.190
it'll	4.580
it's	6.330
ita	3.110
italia	3.390
italian	4.660
italiana	2.460
italiano	2.620
italians	3.640
italic	2.730
italicise	0.000
italicize	1.620
italics	3.140
italo	2.430
italy	4.660
italy's	3.200
itc	2.860
itch	3.360
itches	2.500
itching	3.370
itchy	3.340
itd	2.610
ite	2.700
item	4.570
itemized	2.620
items	4.780
iter	2.420
iterate	2.510
iterated	2.410
iteration	3.390
iterations	3.110
iterative	2.860
itf	2.510
ith	2.560
ithaca	3.160
iti	2.500
itinerant	2.820
itineraries	2.640
itinerary	3.230
itis	2.700
itll	2.730
itm	2.430
itn	2.490
ito	3.160
its	6.140
itself	5.100
itt	3.100
itty	2.580
itu	2.900
itunes	3.950
itv	3.530
itv's	2.530
iu	3.290
iucn	2.630
iud	2.510
iv	4.380
iva	2.590
ivan	3.860
ivana	2.590
ivanhoe	2.490
ivanka	2.910
ivanov	2.770
ivanovic	2.620
ivanovich	2.410
ivar	2.560
ive	4.020
iver	2.660
iverson	2.780
ives	3.180
ivey	2.660
ivf	3.140
ivo	2.740
ivoire	2.760
ivor	2.750
ivorian	2.520
ivory	3.850
ivs	2.520
ivy	3.830
iw	2.890
iwata	2.510
iwatch	2.590
iwc	2.610
iwo	2.690
ix	3.690
iyengar	2.460
iyer	2.520
iz	2.910
izmir	2.470
izumi	2.490
izzo	2.430
izzy	3.110
j	5.000
j's	2.790
j.a	2.700
j.b	2.920
j.c	3.080
j.d	3.390
j.e	2.440
j.f	2.490
j.g	2.500
j.h	2.570
j.j	3.320
j.k	3.020
j.l	2.480
j.m	2.770
j.p	3.160
j.r	3.150
j.s	2.680
j.t	2.840
j.w	2.680
j00	2.970
j1	2.630
j2	2.650
ja	3.710
jaan	2.430
jab	3.350
jabari	2.510
jabba	2.620
jabbar	2.720
jabbing	2.430
jabez	2.400
jabs	2.880
jac	2.730
jace	3.090
jacinto	2.650
jack	4.820
jack's	3.280
jackal	2.870
jackals	2.610
jackass	3.330
jacked	3.280
jacket	4.320
jackets	3.810
jackie	3.970
jackie's	2.490
jacking	2.890
jackman	3.040
jackpot	3.500
jacks	3.410
jackson	4.580
jackson's	3.460
jacksons	2.460
jacksonville	3.610
jacky	2.820
jaclyn	2.610
jaco	2.400
jacob	4.230
jacob's	2.930
jacobean	2.410
jacobi	2.740
jacobin	2.410
jacobite	2.590
jacobs	3.740
jacobsen	2.720
jacobson	3.100
jacoby	2.860
jacquard	2.500
jacque	2.410
jacqueline	3.360
jacques	3.710
jacqui	2.700
jacuzzi	2.920
jada	2.670
jade	3.780
jaded	2.970
jadeja	2.430
jaden	2.760
jae	3.420
jaeger	2.870
jafar	2.650
jaffa	2.980
jaffe	2.760
jaffna	2.470
jag	3.050
jager	2.510
jagged	3.120
jagger	3.100
jago	2.410
jagr	2.480
jags	2.820
jaguar	3.510
jaguars	3.290
jah	2.830
jahan	2.420
jai	3.370
jail	4.620
jailbait	2.410
jailbreak	3.030
jailed	3.590
jailer	2.610
jailhouse	2.630
jailing	2.540
jails	3.200
jaime	3.540
jain	3.090
jaina	2.420
jaipur	3.100
jaitley	2.500
jak	2.700
jakarta	3.670
jake	4.170
jake's	2.780
jakes	2.510
jakob	3.020
jal	2.660
jalan	2.700
jalapeno	2.560
jalapeño	2.540
jalen	2.720
jalisco	2.460
jam	4.170
jama	2.960
jamaal	2.540
jamaat	2.610
jamaica	3.920
jamaica's	2.540
jamaican	3.570
jamaicans	2.640
jamal	3.510
jamb	2.460
jamboree	2.650
jameis	2.740
james	5.110
james's	3.030
jameson	3.190
jamestown	2.980
jamey	2.470
jamie	4.170
jamie's	2.850
jamieson	2.890
jamil	2.550
jamison	2.880
jammed	3.340
jammer	2.740
jammers	2.410
jamming	3.310
jammu	3.090
jams	3.440
jan	4.510
jana	3.060
janata	2.980
jane	4.420
jane's	3.070
janeiro	3.520
janelle	2.880
janes	2.550
janesville	2.420
janet	3.960
janette	2.460
janeway	2.570
janey	2.430
jang	3.380
jani	2.470
janice	3.350
janie	2.760
janine	2.990
janis	3.060
janitor	3.200
janitorial	2.460
janitors	2.680
janko	2.470
janos	2.440
jansen	2.980
janssen	2.800
january	5.090
janus	3.020
januzaj	2.580
jap	2.990
japan	4.890
japan's	3.650
japanese	4.810
japonica	2.430
japs	2.490
jaques	2.410
jar	3.930
jardin	2.750
jardine	2.700
jared	3.790
jargon	3.240
jarl	2.430
jarman	2.530
jarred	2.600
jarrett	3.160
jarring	3.030
jarrod	2.730
jars	3.450
jarvis	3.370
jas	2.940
jasmin	2.600
jasmine	3.610
jason	4.460
jason's	2.870
jasper	3.590
jaundice	2.710
jaunt	2.600
jaunty	2.500
java	4.000
javanese	2.620
javascript	3.500
javed	2.730
javelin	2.900
javi	2.790
javier	3.470
jaw	3.980
jawaharlal	2.600
jawbone	2.680
jawed	2.550
jawline	2.620
jaws	3.560
jax	3.310
jay	4.380
jay's	2.880
jaya	2.860
jayden	2.770
jaye	2.570
jayhawks	2.500
jaylen	2.620
jayne	3.080
jays	3.480
jayson	2.710
jaywalking	2.420
jazeera	3.100
jazz	4.310
jazzy	3.000
jb	3.270
jbl	2.750
jc	3.360
jcpenney	2.400
jd	3.470
je	3.630
jealous	4.240
jealously	2.670
jealousy	3.740
jean	4.360
jean's	2.530
jeanette	3.040
jeanie	2.650
jeanine	2.630
jeanne	3.410
jeannette	2.630
jeannie	2.840
jeans	4.090
jeb	3.290
jed	3.140
jeddah	2.820
jedi	3.620
jee	2.870
jeep	3.720
jeeps	2.790
jeering	2.430
jeet	2.480
jeeves	2.650
jeez	3.460
jeff	4.450
jeff's	2.710
jefferies	2.760
jeffers	2.590
jefferson	4.000
jefferson's	2.610
jeffery	3.100
jeffrey	3.900
jeffreys	2.520
jeffries	2.980
jehovah	3.150
jehovah's	3.000
jeju	2.780
jekyll	2.990
jelena	2.700
jell	2.620
jellies	2.630
jello	2.820
jelly	3.770
jellyfish	3.250
jem	2.890
jemima	2.750
jemma	2.550
jen	3.580
jena	2.850
jenga	2.420
jenkins	3.840
jenkinson	2.500
jenks	2.550
jenn	2.900
jenna	3.540
jenner	3.370
jenni	2.750
jennie	3.210
jennifer	4.190
jennifer's	2.520
jennings	3.620
jenny	3.890
jenny's	2.470
jens	3.020
jensen	3.550
jenson	2.730
jeon	2.710
jeong	3.000
jeopardise	2.410
jeopardize	3.100
jeopardized	2.650
jeopardizing	2.660
jeopardy	3.520
jepsen	2.570
jer	2.910
jeremiah	3.480
jeremy	4.150
jeremy's	2.460
jerez	2.510
jericho	3.330
jerk	4.000
jerked	2.930
jerking	3.210
jerks	3.280
jerky	3.100
jermaine	2.950
jerome	3.660
jerry	4.260
jerry's	3.000
jersey	4.660
jersey's	2.860
jerseys	3.650
jerusalem	4.200
jerusalem's	2.410
jervis	2.670
jerzy	2.520
jes	2.490
jess	3.660
jessa	2.430
jesse	4.040
jesse's	2.590
jessi	2.570
jessica	4.170
jessica's	2.760
jessie	3.650
jessup	2.640
jessy	2.410
jest	3.060
jester	2.960
jesu	2.550
jesuit	3.220
jesuits	3.060
jesus	4.990
jesus's	2.650
jesús	2.540
jet	4.290
jetblue	2.630
jeter	3.000
jethro	2.870
jetpack	2.700
jets	4.090
jett	2.790
jetta	2.670
jetting	2.480
jettison	2.540
jettisoned	2.490
jetty	3.040
jew	3.870
jewel	3.680
jeweled	2.470
jeweler	2.810
jewelers	2.710
jewell	2.830
jeweller	2.650
jewellers	2.640
jewellery	3.740
jewelry	4.120
jewels	3.590
jewett	2.480
jewish	4.610
jewry	2.740
jews	4.470
jez	2.520
jezebel	2.780
jf	2.780
jfc	2.730
jfk	3.440
jg	3.020
jh	2.880
jha	2.540
jharkhand	2.610
ji	3.890
jia	3.020
jian	2.830
jiang	3.160
jiangsu	2.690
jib	2.790
jibe	2.440
jie	2.730
jiffy	2.640
jig	3.100
jiggle	2.690
jiggling	2.410
jigs	2.580
jigsaw	3.150
jihad	3.490
jihadi	2.890
jihadis	2.710
jihadist	2.960
jihadists	2.970
jill	3.810
jillian	3.060
jilted	2.520
jim	4.620
jim's	2.990
jima	2.650
jimbo	2.770
jimenez	2.910
jimi	3.250
jimmie	3.040
jimmy	4.440
jimmy's	2.880
jin	3.980
jin's	2.610
jindal	2.590
jing	3.030
jingle	3.210
jingles	2.690
jinks	2.420
jinn	2.580
jinnah	2.790
jinping	2.800
jinx	3.140
jinxed	2.400
jio	2.540
jiro	2.520
jit	2.620
jitsu	2.940
jitter	2.470
jitters	2.830
jittery	2.680
jiu	2.950
jive	3.080
jizz	2.780
jj	3.630
jk	3.470
jl	3.090
jm	3.090
jn	2.970
jnr	2.740
jo	4.030
jo's	2.470
joachim	3.120
joakim	2.660
joan	4.010
joan's	2.410
joann	2.620
joanna	3.520
joanne	3.470
joao	2.700
joaquin	3.360
job	5.500
job's	2.600
jobe	2.450
jobless	3.140
jobs	4.980
jobseekers	2.500
joc	2.460
jocelyn	2.980
jock	3.320
jockey	3.570
jockeys	2.960
jocks	2.770
jodhpur	2.590
jodi	3.100
jodie	3.140
jody	3.180
joe	4.780
joe's	3.440
joel	3.970
joel's	2.520
joes	2.870
joey	3.920
joey's	2.540
joffrey	3.000
jog	3.300
jogged	2.570
jogger	2.670
joggers	2.660
jogging	3.380
joh	2.660
johan	3.270
johann	3.370
johanna	3.090
johannes	3.190
johannesburg	3.670
johansen	2.760
johansson	3.210
john	5.380
john's	3.730
johnathan	2.720
johnnie	3.090
johnny	4.350
johnny's	2.830
johns	3.840
johnson	4.720
johnson's	3.460
johnsons	2.590
johnston	3.790
johnstone	3.190
johnstown	2.660
johny	2.450
johor	2.590
joi	2.490
joie	2.540
join	5.000
joined	4.730
joiner	2.720
joinery	2.560
joining	4.470
joins	4.040
joint	4.710
jointed	2.600
jointly	3.780
joints	3.820
joists	2.610
jojo	3.340
jojo's	2.550
joke	4.680
joke's	2.610
joked	3.280
joker	3.740
joker's	2.600
jokers	2.870
jokes	4.330
jokey	2.430
joking	4.040
jokingly	3.180
jolene	2.590
jolie	3.370
joliet	2.780
jolla	2.870
jolly	3.570
jolt	3.020
jolted	2.480
jon	4.310
jon's	2.610
jonah	3.530
jonas	3.740
jonathan	4.310
jonathan's	2.720
jonathon	2.760
jones	4.730
jones's	2.830
jonesboro	2.500
jong	3.710
joni	2.990
jonny	3.330
jonson	2.550
joo	3.140
joomla	2.420
joon	3.240
joong	2.600
joplin	2.900
jor	2.640
jordan	4.510
jordan's	3.250
jordanian	3.170
jordans	2.870
jordi	2.800
jordon	2.460
jordy	2.720
jorge	3.570
jorgensen	2.650
jos	3.190
jose	4.210
jose's	2.440
josef	3.190
joseon	2.540
josep	2.660
joseph	4.520
joseph's	3.060
josephine	3.330
josephson	2.430
josephus	2.840
josh	4.350
josh's	2.750
joshi	2.780
joshua	3.920
josiah	3.120
josie	3.180
joss	3.090
jost	2.410
jostling	2.430
josé	3.560
jot	2.860
joubert	2.450
joule	2.440
joules	2.480
jour	2.990
jourdan	2.470
journal	4.770
journal's	2.710
journaling	2.510
journalism	4.120
journalist	4.380
journalistic	3.290
journalists	4.290
journals	3.920
journey	4.650
journey's	2.410
journeyed	2.790
journeying	2.520
journeyman	2.910
journeys	3.620
joust	2.470
jousting	2.520
jove	2.560
jovi	2.970
jovial	2.740
joy	4.550
joyce	3.860
joyce's	2.590
joyful	3.400
joyfully	2.710
joyner	2.680
joyous	3.330
joyride	2.530
joys	3.390
joystick	2.870
joão	2.720
jp	3.650
jpeg	3.040
jpg	2.930
jpl	2.640
jpmorgan	2.810
jpn	2.640
jpy	2.500
jquery	2.700
jr	4.550
jr's	2.490
js	3.540
jsa	2.540
jsc	2.450
json	2.750
jst	2.440
jstor	2.450
jt	3.300
ju	3.570
juan	4.120
juana	2.590
juanita	2.900
juarez	2.900
juba	2.770
jubilant	2.630
jubilation	2.530
jubilee	3.440
jud	2.820
judah	3.400
judaism	3.580
judas	3.370
judd	3.370
jude	3.480
judea	2.900
judeo	2.710
judge	4.950
judge's	3.100
judged	3.960
judgement	3.860
judgemental	2.770
judgements	3.110
judges	4.420
judging	4.050
judgment	4.280
judgmental	3.200
judgments	3.510
judi	2.800
judicial	4.140
judiciary	3.860
judicious	2.680
judiciously	2.420
judith	3.670
judo	3.250
judson	2.820
judy	3.790
jug	3.300
juggernaut	2.990
juggle	3.020
juggler	2.550
juggling	3.230
jughead	2.500
jugs	2.930
jugular	2.780
juice	4.360
juiced	2.590
juicer	2.520
juices	3.420
juicing	2.700
juicy	3.700
juilliard	2.650
juju	2.970
juke	2.820
jukebox	3.020
jul	3.640
jules	3.650
juli	2.570
julia	4.120
julia's	2.530
julian	3.990
julian's	2.440
juliana	2.940
julianna	2.500
julianne	2.860
julie	4.090
julie's	2.490
julien	3.290
juliet	3.590
juliette	3.100
julio	3.420
julius	3.660
july	5.170
juma	2.460
jumble	2.810
jumbled	2.690
jumbo	3.380
jump	4.690
jumped	4.250
jumper	3.700
jumpers	3.320
jumpin	2.650
jumping	4.230
jumps	3.860
jumpstart	2.590
jumpsuit	3.020
jumpsuits	2.480
jumpy	2.670
jun	3.940
juncker	2.490
junction	3.940
junctions	3.100
juncture	3.030
june	5.210
june's	2.480
juneau	2.820
jung	3.780
jungian	2.430
jungle	4.120
jungles	2.990
juni	2.400
junior	4.490
junior's	2.660
juniors	3.430
juniper	3.150
junius	2.510
junk	4.030
junk food	4.010
junker	2.400
junkie	3.270
junkies	3.040
junko	2.460
junky	2.420
junkyard	2.750
juno	3.170
junta	3.340
jupiter	3.680
jupiter's	2.740
jura	2.580
jurassic	3.500
jure	2.730
jurgen	2.860
juri	2.410
juridical	2.480
juries	3.130
juris	2.760
jurisdiction	4.100
jurisdictional	2.770
jurisdictions	3.600
jurisprudence	3.140
jurist	2.700
jurists	2.750
juror	3.130
jurors	3.460
jury	4.490
jury's	2.840
jus	3.150
just	6.430
justice	4.970
justices	3.700
justifiable	3.140
justifiably	2.800
justification	3.830
justifications	2.890
justified	4.020
justifies	3.230
justify	4.140
justifying	3.290
justin	4.320
justin's	2.740
justine	3.220
justinian	2.670
justly	2.840
justus	2.520
jut	2.540
jute	2.790
jutland	2.500
jutsu	2.470
jutting	2.600
juve	2.940
juvenile	3.880
juveniles	3.180
juventus	3.490
juxtaposed	2.750
juxtaposition	2.960
jv	3.120
jw	3.100
jy	2.470
jyp	2.450
jérôme	2.470
jürgen	2.730
k	4.910
k's	2.660
k.c	2.610
k00	3.120
k000	2.770
k1	2.800
k2	3.110
k3	2.430
k9	2.810
ka	3.830
kabbalah	2.550
kabir	3.040
kaboom	2.560
kabuki	2.590
kabul	3.400
kacey	2.510
kachin	2.420
kadri	2.530
kaduna	2.760
kaepernick	2.970
kafka	2.970
kagame	2.430
kagan	2.810
kagawa	2.810
kah	2.480
kahlo	2.480
kahn	3.260
kai	3.770
kaiju	2.620
kailash	2.490
kain	2.630
kaine	2.830
kaiser	3.540
kaitlin	2.440
kaitlyn	2.850
kaka	2.680
kakashi	2.430
kal	3.060
kala	2.810
kalahari	2.520
kalam	2.480
kalamazoo	2.990
kalashnikov	2.440
kale	3.380
kaleidoscope	2.840
kaley	2.450
kalgoorlie	2.400
kali	3.210
kalman	2.540
kalyan	2.530
kam	3.060
kama	2.770
kamal	3.050
kamala	2.980
kamara	2.640
kamehameha	2.540
kamen	2.630
kami	3.020
kamikaze	2.870
kamil	2.500
kaminsky	2.620
kamloops	2.570
kamp	2.430
kampala	2.940
kampf	2.670
kamui	2.420
kan	3.370
kana	2.820
kanan	2.620
kanata	2.430
kanawha	2.580
kandahar	2.910
kandi	2.670
kandinsky	2.420
kandy	2.570
kane	3.950
kane's	2.730
kang	3.550
kangaroo	3.500
kangaroos	3.020
kanji	3.010
kankakee	2.410
kann	2.400
kannada	2.800
kano	3.160
kanpur	2.640
kansai	2.400
kansas	4.370
kant	3.120
kante	2.530
kanter	2.550
kanto	2.610
kanu	2.490
kanye	3.770
kanye's	2.610
kao	2.650
kaohsiung	2.410
kaori	2.430
kaoru	2.570
kaos	2.440
kap	2.710
kapil	2.470
kaplan	3.370
kapoor	3.290
kappa	3.460
kar	3.020
kara	3.550
karabakh	2.610
karachi	3.590
karam	2.530
karan	3.110
karaoke	3.430
karat	2.630
karate	3.550
karbala	2.540
kardashian	3.700
kardashian's	2.650
kardashians	2.880
kareem	3.050
karel	2.660
karen	4.090
karen's	2.630
karenina	2.420
kargil	2.450
kari	2.980
karim	3.180
karin	3.030
karina	2.870
karl	4.000
karla	2.930
karlsruhe	2.670
karlsson	2.870
karma	3.880
karmic	2.630
karna	2.500
karnataka	3.250
karo	2.500
karol	2.590
karp	2.650
karr	2.400
karst	2.520
karsten	2.410
kart	3.290
karthik	2.510
karting	2.640
karts	2.620
karzai	2.640
kas	2.420
kasey	2.650
kash	2.410
kashi	2.540
kashmir	3.750
kashmiri	2.960
kasi	2.470
kasich	2.940
kasim	2.400
kasparov	2.470
kasper	2.710
kaspersky	2.490
kass	2.650
kat	3.640
kata	2.800
katana	2.830
katanga	2.400
katara	2.470
katarina	2.820
kate	4.340
kate's	2.970
katerina	2.650
kath	2.840
katharina	2.510
katharine	3.120
katherine	3.830
kathleen	3.600
kathmandu	3.100
kathryn	3.480
kathy	3.670
katia	2.510
katie	3.960
katie's	2.560
katja	2.480
katniss	2.940
kato	3.020
katowice	2.490
katrina	3.610
katy	3.650
katya	2.880
katz	3.380
kau	2.540
kauai	2.880
kauffman	2.790
kaufman	3.280
kaufmann	2.750
kaur	2.860
kava	2.430
kavanagh	2.720
kavanaugh	3.120
kawaii	2.600
kawasaki	3.040
kawhi	2.990
kay	3.930
kaya	2.960
kayak	3.240
kayaking	3.020
kayaks	2.600
kaye	3.080
kayla	3.110
kaylee	2.560
kayleigh	2.500
kayo	2.470
kaz	2.720
kazakh	2.960
kazakhstan	3.570
kazan	2.900
kazuo	2.570
kb	3.470
kbs	2.740
kc	3.550
kcal	2.760
kd	3.480
kda	2.850
kde	2.740
kdp	2.420
ke	3.500
kea	2.540
kean	2.780
keane	3.250
keanu	2.890
kearney	3.100
kearns	2.720
kearny	2.400
keating	3.250
keaton	3.150
keats	2.950
kebab	3.030
kebabs	2.660
keck	2.540
kee	3.060
keef	2.440
keefe	2.630
keegan	3.050
keel	3.190
keeled	2.510
keeler	2.690
keeley	2.600
keeling	2.450
keen	4.130
keenan	3.070
keene	2.960
keener	2.630
keenly	3.080
keep	5.660
keeper	4.020
keeper's	2.460
keepers	3.460
keepin	2.720
keeping	4.840
keeps	4.670
keepsake	2.630
keg	3.070
kegs	2.680
kehoe	2.400
kei	3.140
keiko	2.610
keir	2.640
keira	2.730
keisha	2.600
keita	2.690
keith	4.170
keith's	2.610
kejriwal	2.790
kek	2.480
keke	2.410
kel	2.790
kell	2.690
kelleher	2.450
kellen	2.430
keller	3.580
kellerman	2.490
kelley	3.400
kelli	2.780
kellie	2.690
kellogg	3.140
kellogg's	2.590
kelly	4.440
kelly's	3.220
kelowna	2.700
kelp	2.870
kelsey	3.270
kelso	2.940
kelvin	3.290
kem	2.430
kemal	2.650
kemble	2.400
kemp	3.430
kemper	2.640
kempton	2.570
ken	4.210
ken's	2.570
kenai	2.550
kenan	2.520
kendal	2.830
kendall	3.600
kendo	2.490
kendra	3.090
kendrick	3.460
kendricks	2.550
kenilworth	2.570
kenji	2.820
kenmore	2.670
kenna	2.480
kennard	2.460
kennedy	4.280
kennedy's	3.070
kennedys	2.590
kennel	3.160
kennels	2.750
kenner	2.610
kennesaw	2.410
kenneth	3.900
kennett	2.610
kenney	2.890
kenny	4.030
kenny's	2.560
keno	2.430
kenobi	2.740
kenosha	2.770
kenseth	2.510
kenshin	2.490
kensington	3.520
kent	4.170
kent's	2.560
kentish	2.520
kenton	2.700
kentucky	4.300
kentucky's	2.770
kenwood	2.640
kenya	4.130
kenya's	2.920
kenyan	3.570
kenyans	2.880
kenyatta	2.810
kenyon	3.000
kenzo	2.440
keogh	2.670
kepler	3.140
keppel	2.450
kept	5.000
ker	2.760
kerala	3.530
keratin	2.580
kerb	2.610
kerber	2.630
keren	2.430
keri	2.750
kermit	3.090
kern	3.160
kernel	3.580
kernels	2.980
kerosene	3.020
kerouac	2.620
kerr	3.640
kerri	2.680
kerrigan	2.780
kerry	3.850
kerry's	2.600
kershaw	3.170
kes	2.520
keselowski	2.510
kesha	2.680
kesler	2.450
kessel	2.830
kessler	3.150
kestrel	2.470
keswick	2.560
ket	2.550
ketamine	2.900
ketchum	2.530
ketchup	3.460
keto	3.020
ketogenic	2.440
ketone	2.640
ketones	2.690
ketosis	2.400
kettering	2.850
kettle	3.540
kettles	2.560
keurig	2.580
kev	3.250
kevan	2.400
kevin	4.560
kevin's	2.860
kevlar	2.790
kew	3.040
key	5.120
key's	2.580
keyboard	4.110
keyboardist	2.520
keyboards	3.380
keychain	2.760
keyed	2.890
keyes	2.970
keyhole	2.830
keying	2.530
keynes	3.260
keynesian	2.740
keynote	3.480
keypad	2.840
keys	4.390
keyser	2.520
keystone	3.450
keystroke	2.260
keystrokes	2.400
keyword	3.290
keywords	3.420
kf	2.640
kfc	3.280
kg	4.080
kgb	3.300
kgs	2.520
kh	3.010
kha	2.490
khabib	2.420
khaki	3.040
khakis	2.500
khaled	3.240
khaleesi	2.410
khalid	3.270
khalifa	3.260
khalil	3.060
khamenei	2.700
khan	4.250
khan's	3.160
khanna	2.680
khans	2.600
kharkiv	2.930
kharkov	2.400
khartoum	2.990
khawaja	2.440
khloe	2.910
khmer	3.160
khomeini	2.660
khorasan	2.760
khrushchev	2.980
khun	2.570
khyber	2.730
khz	3.100
ki	3.880
kia	3.440
kiara	2.610
kibble	2.480
kibbutz	2.710
kick	4.720
kickass	2.680
kickback	2.680
kickbacks	2.700
kickboxing	2.880
kicked	4.380
kicker	3.410
kickers	2.830
kickin	2.700
kicking	4.160
kickoff	3.400
kicks	4.070
kickstart	2.780
kickstarter	3.590
kid	4.990
kid's	3.610
kidd	3.320
kidder	2.580
kiddie	2.940
kiddies	2.720
kidding	4.200
kiddo	3.220
kiddos	2.850
kiddy	2.450
kidman	2.870
kidnap	3.480
kidnapped	3.960
kidnapper	2.770
kidnappers	3.050
kidnapping	3.770
kidnappings	2.740
kidnaps	2.610
kidney	4.030
kidneys	3.490
kids	5.280
kidz	2.450
kiefer	2.710
kiel	2.820
kiera	2.420
kieran	3.100
kierkegaard	2.670
kiernan	2.450
kiev	3.480
kiffin	2.490
kigali	2.650
kiir	2.480
kik	2.700
kike	2.400
kiki	3.080
kiko	2.640
kikuyu	2.440
kil	2.470
kilbride	2.510
kilburn	2.560
kilda	3.080
kildare	2.670
kilgore	2.620
kilimanjaro	2.720
kilkenny	2.730
kill	5.090
killa	2.540
killarney	2.460
killed	5.220
killeen	2.480
killer	4.470
killer's	2.730
killers	3.910
killian	2.780
killin	2.850
killing	4.880
killings	3.690
kills	4.340
kilmarnock	2.950
kilmer	2.470
kiln	3.110
kilns	2.710
kilo	3.130
kilogram	3.010
kilogramme	1.660
kilograms	3.240
kilometer	3.190
kilometers	3.820
kilometre	3.210
kilometres	3.770
kilos	3.250
kilowatt	2.800
kilowatts	2.450
kilpatrick	2.630
kilt	2.880
kilter	2.480
kilts	2.420
kim	4.590
kim's	3.140
kimball	3.050
kimber	2.640
kimberley	3.080
kimberly	3.400
kimble	2.450
kimchi	2.840
kimi	3.180
kimmel	3.220
kimmy	2.810
kimono	2.950
kimura	2.730
kin	3.650
kinase	3.260
kinases	2.580
kincaid	2.820
kind	5.450
kinda	4.590
kinder	3.300
kindergarten	3.790
kindergartens	2.600
kindest	2.940
kindle	3.810
kindled	2.450
kindling	2.590
kindly	4.000
kindness	4.000
kindred	3.150
kinds	4.510
kinect	2.960
kinematic	2.420
kinematics	2.470
kinetic	3.440
kinetically	1.790
kinetics	2.930
king	5.170
king's	4.030
kingdom	4.620
kingdom's	2.980
kingdoms	3.550
kingfisher	2.870
kingfishers	2.420
kingman	2.670
kingpin	3.000
kings	4.410
kingsbury	2.640
kingship	2.750
kingsley	3.190
kingston	3.740
kingsway	2.440
kink	3.210
kinks	3.180
kinky	3.370
kinnear	2.520
kinney	2.900
kino	2.820
kinross	2.530
kinsella	2.510
kinsey	2.780
kinshasa	2.750
kinship	3.130
kinsman	2.680
kinsmen	2.480
kiosk	3.000
kiosks	2.830
kiowa	2.400
kip	3.040
kipling	2.930
kippur	2.740
kira	3.210
kiran	2.770
kirby	3.650
kirby's	2.490
kirchner	2.720
kiri	2.530
kiribati	2.500
kirill	2.510
kirin	2.680
kirk	3.850
kirk's	2.510
kirkcaldy	2.450
kirkland	3.040
kirkman	2.530
kirkpatrick	2.880
kirkuk	2.490
kirkwood	2.780
kirsch	2.450
kirsten	3.260
kirsty	2.980
kirwan	2.460
kishore	2.440
kiss	4.580
kissed	3.950
kisser	2.700
kisses	3.740
kissimmee	2.470
kissing	3.970
kissinger	3.070
kissy	2.440
kit	4.420
kita	2.840
kitchen	4.650
kitchener	2.910
kitchens	3.390
kite	3.550
kites	2.960
kitkat	2.550
kits	3.780
kitsch	2.690
kitt	2.620
kitted	2.440
kitten	3.640
kittens	3.470
kitties	2.860
kitts	2.740
kitty	3.980
kitty's	2.420
kiva	2.440
kiwi	3.330
kiwis	2.870
kj	2.990
kjv	2.870
kk	3.190
kkk	3.230
kkr	2.790
kl	3.160
klamath	2.690
klan	3.180
klara	2.540
klaus	3.500
klay	2.900
klee	2.510
kleenex	2.690
klein	3.710
klein's	2.450
kleiner	2.450
klimt	2.410
kline	2.960
klinger	2.660
klingon	2.900
klingons	2.610
klitschko	2.500
klm	2.710
klondike	2.540
klopp	3.000
kloss	2.480
kluwer	2.410
klux	2.860
km	4.370
km2	2.750
kmart	2.950
kms	3.070
kmt	2.870
kn	3.010
knack	3.260
knackered	2.640
knapp	2.930
knapsack	2.410
knave	2.500
knead	2.570
kneading	2.480
knee	4.330
kneecap	2.500
kneed	2.440
kneel	3.240
kneeling	3.320
kneels	2.600
knees	4.180
knell	2.590
knelt	2.800
knesset	2.770
knew	5.200
knick	2.690
knickerbocker	2.440
knickers	2.950
knicks	3.640
knife	4.410
knifed	2.440
knight	4.280
knight's	2.880
knighted	2.830
knighthood	2.890
knightley	2.710
knightly	2.420
knights	4.050
knightsbridge	2.520
knit	3.660
knits	2.600
knitted	3.160
knitting	3.450
knitwear	2.560
knives	3.840
kno	2.570
knob	3.490
knobs	3.020
knock	4.350
knockdown	2.780
knocked	4.240
knockers	2.430
knockin	2.450
knocking	3.880
knockoff	2.490
knockout	3.610
knockouts	2.670
knocks	3.600
knoll	2.900
knopf	2.820
knot	3.720
knots	3.630
knott	2.610
knotted	2.870
knotty	2.510
know	6.100
knowing	4.760
knowingly	3.500
knowledgable	2.560
knowledge	4.960
knowledgeable	3.530
knowles	3.240
knowlton	2.500
known	5.390
knows	5.070
knox	3.750
knoxville	3.300
knuckle	3.220
knuckles	3.320
knudsen	2.500
knut	2.510
ko	3.730
koa	2.440
koala	3.040
koalas	2.660
kobayashi	2.910
kobe	3.650
kobo	2.630
koch	3.640
kochi	2.730
kock	2.400
koda	2.470
kodak	3.260
kodi	2.810
kodiak	2.660
koehler	2.590
koeman	2.540
koenig	2.830
kofi	2.960
kogan	2.500
koh	3.170
kohl	2.850
kohl's	2.630
kohler	2.920
kohli	3.040
kohn	2.740
koi	3.070
koichi	2.580
koji	2.620
kojima	2.760
kok	2.960
koko	2.860
kokomo	2.460
kokoro	2.480
kol	2.800
kola	2.540
kolb	2.450
kolkata	3.290
kolo	2.460
kom	2.580
kombat	3.010
kombucha	2.450
komodo	2.640
kompany	2.560
kon	2.720
kona	2.880
konami	2.810
kondo	2.610
kong	4.490
kong's	2.960
kono	2.630
konrad	2.850
konstantin	2.780
kony	2.440
koo	2.970
kook	2.660
kooky	2.580
kool	3.260
kop	2.570
kor	2.780
koran	3.230
korea	4.650
korea's	3.370
korean	4.490
koreans	3.480
korg	2.460
korn	2.740
korra	2.910
kors	2.980
korver	2.430
kos	3.040
koscielny	2.560
kosher	3.260
kosovo	3.430
kostas	2.430
koster	2.410
kot	2.610
kota	2.830
kotaku	2.510
koto	2.460
kotor	2.490
kou	2.430
kourtney	2.750
kovac	2.410
kovacs	2.550
kovalev	2.420
kowalski	2.710
kowloon	2.680
kp	3.110
kpa	2.910
kph	2.600
kpmg	2.810
kpop	3.010
kr	3.270
krabs	2.450
kraft	3.380
kraken	2.850
krakow	2.840
kramer	3.450
kratom	2.530
kraus	2.760
krause	2.810
krauss	2.680
kravitz	2.760
kray	2.450
krazy	2.550
krebs	2.810
kree	2.530
kreme	2.550
kremlin	3.390
krieg	2.470
krieger	2.760
krill	2.630
kris	3.650
krishna	3.480
krishnan	2.480
krispy	2.630
krista	2.840
kristen	3.490
kristi	2.720
kristian	2.790
kristin	3.270
kristina	3.180
kristine	2.680
kristoff	2.490
kristy	2.740
kroger	3.020
kroll	2.590
krone	2.430
kroner	2.670
kronos	2.660
kroos	2.730
krs	2.470
krueger	2.860
krug	2.630
kruger	3.190
krugman	2.780
krupp	2.450
kruse	2.630
krusty	2.770
krypton	2.770
kryptonite	2.890
krystal	2.800
ks	3.520
ksa	2.550
ksi	2.460
kt	3.220
ktm	2.640
ku	3.530
kuala	3.500
kuan	2.770
kubo	2.690
kubota	2.480
kubrick	2.880
kuch	2.410
kuching	2.430
kudo	2.430
kudos	3.450
kuhn	2.950
kui	2.430
kuma	2.450
kumar	3.660
kun	3.270
kunal	2.460
kundalini	2.560
kung	3.580
kunis	2.640
kunming	2.660
kunst	2.520
kuo	2.770
kuomintang	2.530
kurd	2.460
kurdish	3.590
kurdistan	3.250
kurds	3.360
kuro	2.480
kuroda	2.680
kurosawa	2.500
kurt	3.880
kurtis	2.500
kurtz	2.900
kush	3.010
kushner	2.990
kuta	2.410
kutcher	2.840
kuwait	3.660
kuwaiti	2.910
kuznetsov	2.420
kv	3.130
kw	3.430
kwa	2.430
kwai	2.510
kwame	2.720
kwan	2.910
kwang	2.700
kwazulu	2.530
kwh	3.090
kwok	2.610
kwon	3.070
kwong	2.400
kx	2.480
ky	3.770
kya	2.710
kyi	2.680
kyiv	3.080
kyle	4.140
kyle's	2.700
kylie	3.540
kylo	2.520
kym	2.520
kyo	2.600
kyoko	2.620
kyoto	3.410
kyra	2.650
kyrgyz	2.810
kyrgyzstan	3.140
kyrie	3.310
kyu	2.830
kyung	3.080
kyushu	2.700
kz	2.440
l	5.180
l's	2.560
l.a	3.910
l.d	2.410
l.j	2.440
l.l	2.480
l.p	2.740
l00	3.120
l000	2.910
l1	3.140
l2	3.130
l3	2.820
l4	2.650
l5	2.540
l7	2.520
la	5.050
la's	2.650
laa	2.750
lab	4.420
lab's	2.580
laban	2.730
label	4.430
label's	2.520
labeled	3.910
labeling	3.550
labelle	2.450
labelled	3.620
labelling	3.150
labels	4.080
labeouf	2.540
labia	2.700
labial	2.400
labor	4.770
labor's	2.680
laboratories	3.720
laboratory	4.310
labored	2.970
laborer	2.890
laborers	3.290
laboring	2.590
laborious	2.800
labors	2.810
labour	4.700
labour's	3.120
laboured	2.680
labourer	2.940
labourers	3.190
labouring	2.550
labours	2.690
labrador	3.300
labs	3.820
labyrinth	3.310
labyrinthine	2.430
lac	3.310
lace	3.820
laced	3.290
laceration	2.630
lacerations	2.670
laces	3.120
lacey	3.270
lachlan	2.830
lacing	2.610
lack	4.920
lackawanna	2.530
lacked	3.800
lackey	2.870
lackeys	2.460
lacking	4.080
lackluster	2.990
lacklustre	2.450
lacks	3.890
lacoste	2.540
lacquer	2.920
lacquered	2.400
lacroix	2.620
lacrosse	3.400
lacs	2.670
lactate	2.720
lactating	2.500
lactation	2.840
lactic	2.910
lactose	3.130
lacy	3.230
lad	3.900
ladakh	2.590
ladbrokes	2.600
ladd	2.780
ladder	4.030
ladders	3.240
laden	3.740
laden's	2.520
ladies	4.640
ladle	2.660
lads	3.860
lady	4.950
lady's	3.320
ladybird	2.540
ladyboy	2.440
ladybug	2.670
ladylike	2.460
ladyship	2.550
lafayette	3.520
lafferty	2.470
lag	3.670
lagarde	2.400
lager	3.160
lagerfeld	2.470
lagged	2.980
lagging	3.210
lagi	2.640
lago	3.030
lagoon	3.430
lagoons	2.780
lagos	3.640
lagrange	2.770
lagrangian	2.550
lags	3.000
laguardia	2.730
laguna	3.210
lah	2.640
lahey	2.430
lahore	3.490
lai	3.290
laid	4.560
laidlaw	2.610
laila	2.900
lain	2.870
laine	2.740
laing	2.910
lair	3.230
laird	3.160
laissez	2.790
laity	2.760
lak	2.450
lake	4.830
lake's	2.620
lakefront	2.500
lakeland	2.920
laker	2.840
lakers	3.900
lakes	4.140
lakeshore	2.700
lakeside	3.100
lakeview	2.690
lakewood	3.050
lakh	3.240
lakhs	3.080
lakota	2.700
lakshmi	2.820
lal	3.080
lala	2.980
lallana	2.730
lally	2.560
lalo	2.410
lam	3.440
lama	3.480
lamar	3.560
lamas	2.510
lamb	4.020
lamb's	2.480
lambasted	2.430
lambda	3.060
lambeau	2.530
lambert	3.730
lambert's	2.460
lambeth	2.970
lambo	2.610
lamborghini	3.230
lambs	3.230
lame	3.950
lamela	2.460
lament	3.250
lamentable	2.470
lamentation	2.390
lamentations	2.480
lamented	3.120
lamenting	2.890
laments	2.920
lamina	2.440
laminar	2.500
laminate	2.870
laminated	3.090
lamont	3.170
lamp	4.050
lampard	3.030
lampert	2.510
lamps	3.730
lamy	2.500
lan	3.640
lana	3.630
lanark	2.440
lanarkshire	2.910
lancashire	3.600
lancaster	3.780
lance	3.940
lancelot	2.980
lanceolate	2.410
lancer	2.850
lancers	2.640
lances	2.580
lancet	3.070
land	5.220
land's	2.700
landau	2.850
landed	4.240
lander	3.150
landers	2.720
landes	2.440
landfall	3.070
landfill	3.350
landfills	2.800
landing	4.400
landings	3.370
landis	2.870
landlady	2.900
landless	2.530
landline	3.010
landlines	2.510
landlocked	2.760
landlord	3.890
landlord's	2.540
landlords	3.570
landmark	3.890
landmarks	3.470
landmass	2.540
landmine	2.490
landmines	2.570
lando	2.750
landon	3.100
landowner	3.110
landowners	3.380
landry	3.100
lands	4.370
landsat	2.400
landscape	4.360
landscaped	2.880
landscapes	3.720
landscaping	3.220
landslide	3.470
landslides	2.970
landy	2.440
lane	4.570
lane's	2.600
lanes	3.970
laney	2.570
lang	3.850
langdon	2.990
lange	3.200
langer	2.920
langford	2.940
langham	2.530
langley	3.390
langston	2.950
langton	2.620
language	5.100
languages	4.420
languid	2.540
languish	2.550
languished	2.520
languishing	2.620
lanham	2.610
lani	2.460
lanier	2.820
lanka	3.890
lanka's	2.680
lankan	3.340
lanky	2.730
lanning	2.520
lannister	3.040
lannisters	2.590
lanny	2.500
lans	2.500
lansbury	2.580
lansdowne	2.720
lansing	3.260
lantern	3.610
lanterns	3.200
lanyard	2.650
lanza	2.570
lanzarote	2.430
lao	3.270
laos	3.340
lap	4.180
laparoscopic	2.590
lapd	3.150
lapel	2.770
lapels	2.430
lapierre	2.440
lapis	2.780
laplace	2.630
lapland	2.640
lapointe	2.440
laporte	2.560
lapped	2.720
lapping	2.840
laps	3.660
lapse	3.490
lapsed	2.940
lapses	2.920
laptop	4.230
laptops	3.540
lar	2.730
lara	3.540
laramie	2.780
larceny	2.900
larch	2.550
lard	2.980
larder	2.530
laredo	2.830
large	5.390
largely	4.610
larger	4.820
largest	4.900
largo	2.990
larissa	2.750
lark	3.140
larkin	3.170
larks	2.440
laroche	2.480
larry	4.280
larry's	2.570
lars	3.400
larsen	3.150
larson	3.350
larsson	3.030
larue	2.580
larva	2.990
larvae	3.580
larval	2.910
laryngeal	2.430
laryngitis	2.370
larynx	2.710
las	4.280
lasagna	3.120
lasagne	2.530
lasalle	2.940
lascivious	2.470
laser	4.200
lasers	3.540
lash	3.380
lashed	3.010
lashes	3.440
lashing	3.040
lashley	2.410
lasik	2.470
lass	3.080
lasse	2.440
lassen	2.510
lassie	2.710
lassiter	2.420
lassitude	1.710
lasso	2.740
last	5.860
last minute	4.930
last name	5.420
last-minute	4.930
last.fm	2.500
lasted	4.090
lasting	4.110
lastly	3.690
lasts	3.900
laszlo	2.600
lat	3.130
lata	2.480
latakia	2.420
latch	3.340
latched	2.810
latches	2.610
latching	2.560
late	5.340
latecomer	1.860
lately	4.410
latency	3.310
latent	3.270
later	5.490
lateral	3.750
laterally	2.910
latest	4.920
latex	3.400
latham	3.030
lathe	2.910
lather	2.720
lathrop	2.550
latif	2.670
latifah	2.470
latimer	2.810
latin	4.480
latina	3.380
latinas	2.570
latino	3.790
latinos	3.330
latitude	3.570
latitudes	2.940
latour	2.570
latrine	2.510
latrines	2.510
latrobe	2.530
latte	3.300
latter	4.560
latter's	2.800
latterly	2.760
lattes	2.740
lattice	3.360
lattices	2.450
latvia	3.440
latvian	3.110
lau	3.270
laud	2.600
lauda	2.580
laudable	2.680
laudatory	2.110
laude	2.990
lauded	3.170
lauder	2.850
lauderdale	3.320
lauds	2.500
lauer	2.670
laugh	4.660
laughable	3.180
laughed	4.240
laughing	4.610
laughlin	2.830
laughs	4.080
laughter	4.100
launceston	2.750
launch	4.690
launched	4.630
launcher	3.370
launchers	3.200
launches	3.890
launching	3.990
launchpad	2.660
launder	2.740
laundered	2.660
laundering	3.490
laundromat	2.660
laundry	4.060
lauper	2.400
laura	4.240
laura's	2.740
laureate	3.220
laureates	2.580
laurel	3.630
laurels	2.850
lauren	3.980
lauren's	2.640
laurence	3.440
laurens	2.710
laurent	3.510
lauri	2.480
laurie	3.650
laurier	2.590
lauryn	2.620
lausanne	2.990
lav	2.570
lava	3.730
laval	2.800
lavatory	2.900
lavender	3.440
laver	2.560
laverne	2.770
lavery	2.430
lavigne	2.710
lavine	2.510
lavinia	2.660
lavish	3.420
lavished	2.550
lavishly	2.800
lavrov	2.660
law	5.460
law's	3.220
lawes	2.470
lawful	3.620
lawfully	3.100
lawler	2.930
lawless	3.280
lawlessness	2.910
lawley	2.400
lawmaker	3.070
lawmakers	3.620
lawman	2.470
lawn	3.980
lawnmower	2.700
lawns	3.210
lawrence	4.310
lawrence's	2.710
lawrenceville	2.410
lawrie	2.730
laws	4.890
lawson	3.600
lawsuit	4.090
lawsuits	3.630
lawton	3.000
lawyer	4.670
lawyer's	2.860
lawyers	4.390
lax	3.540
laxative	2.660
laxatives	2.660
laxmi	2.430
lay	4.640
layabout	1.690
layed	2.460
layer	4.400
layered	3.450
layering	2.990
layers	4.170
laying	4.160
layla	2.930
layman	2.930
layman's	2.450
laymen	2.620
layne	2.620
layoff	2.790
layoffs	3.070
layout	4.080
layouts	3.150
layover	2.670
lays	3.670
layton	2.930
layup	2.930
lazar	2.800
lazaro	2.490
lazarus	3.260
lazer	2.700
lazier	2.420
laziest	2.480
lazily	2.690
laziness	3.170
lazio	2.820
lazuli	2.400
lazy	4.240
lb	3.930
lbc	2.680
lbj	2.920
lbs	4.060
lbw	2.430
lc	3.520
lca	2.470
lcc	2.520
lcd	3.470
lcs	2.910
ld	3.370
ldl	2.920
ldp	2.680
ldr	2.610
lds	3.220
le	4.500
lea	3.570
leach	3.250
leaching	2.720
lead	5.200
leaded	2.640
leaden	2.400
leader	4.950
leader's	3.060
leaderboard	3.090
leaders	4.810
leadership	4.770
leading	5.000
leadoff	2.690
leads	4.650
leaf	4.220
leaflet	3.120
leaflets	3.330
leafs	3.560
leafy	3.300
league	5.130
league's	3.560
leaguer	2.430
leaguers	2.480
leagues	3.900
leah	3.470
leahy	2.880
leak	4.090
leakage	3.240
leake	2.450
leaked	4.000
leaker	2.580
leaking	3.700
leaks	3.880
leaky	3.060
leamington	2.550
lean	4.140
leander	2.550
leandro	2.620
leaned	3.410
leaner	2.760
leaning	3.890
leanings	2.900
leann	2.540
leanne	3.030
leans	3.270
leant	2.430
leap	3.940
leaped	2.770
leapfrog	2.570
leaping	3.230
leaps	3.360
leapt	3.050
lear	3.220
learn	5.170
learned	4.850
learner	3.350
learners	3.480
learning	4.920
learns	3.740
learnt	3.870
leary	2.860
lease	4.170
leased	3.620
leasehold	2.510
leases	3.410
leash	3.470
leashes	2.410
leasing	3.550
least	5.440
leather	4.350
leathers	2.670
leathery	2.620
leave	5.340
leaved	2.700
leaven	2.320
leavening	2.040
leavenworth	2.900
leaver	2.440
leavers	2.850
leaves	4.790
leavin	2.600
leaving	4.980
leavitt	2.650
lebanese	3.720
lebanon	4.010
lebanon's	2.560
lebedev	2.410
leben	2.460
leblanc	2.980
lebowski	2.690
lebron	3.910
lebron's	2.650
lec	2.470
lech	2.510
leche	2.540
leckie	2.440
leclerc	2.620
lecter	2.520
lectern	2.440
lecture	4.140
lectured	3.040
lecturer	3.720
lecturers	3.140
lectures	3.960
lecturing	3.140
led	5.110
leda	2.500
ledbetter	2.400
ledge	3.410
ledger	3.490
ledgers	2.580
ledges	2.720
leds	3.120
lee	4.730
lee's	3.380
leech	3.170
leeches	2.870
leed	2.720
leeds	4.010
leek	2.870
leeks	2.700
leela	2.910
leer	2.590
leery	2.580
lees	3.040
leesburg	2.650
leeward	2.660
leeway	2.980
lefebvre	2.490
lefevre	2.490
left	5.620
left's	2.650
left-hand	5.200
lefties	2.890
leftist	3.630
leftists	3.280
leftover	3.400
leftovers	3.380
lefts	2.400
leftwing	2.440
lefty	3.250
leg	4.660
legacies	3.020
legacy	4.370
legal	5.080
legalisation	2.500
legalise	2.430
legalised	2.530
legality	3.370
legalization	3.400
legalize	3.260
legalized	3.280
legalizing	3.000
legally	4.210
legate	2.520
legation	2.600
legend	4.440
legendary	4.230
legends	4.070
leger	2.690
legg	2.450
legged	3.500
leggett	2.550
leggings	3.280
leggy	2.480
legia	2.460
legible	2.800
legion	3.860
legionnaires	2.440
legions	3.280
legislate	3.010
legislated	2.740
legislating	2.580
legislation	4.550
legislative	4.320
legislator	3.200
legislators	3.650
legislature	4.160
legislatures	3.250
legit	4.010
legitimacy	3.630
legitimate	4.220
legitimately	3.360
legitimize	2.750
legitimized	2.490
lego	3.830
legoland	2.520
legolas	2.520
legos	2.760
legs	4.670
legume	2.590
legumes	2.860
legwork	2.510
leh	2.600
lehigh	3.060
lehman	3.260
lehmann	2.980
lei	3.170
leia	3.050
leibniz	2.700
leica	2.790
leicester	3.930
leicester's	2.400
leicestershire	3.060
leiden	2.950
leif	2.750
leigh	3.750
leighton	3.210
leila	3.080
leinster	3.030
leipzig	3.270
leisure	3.920
leisurely	3.050
leitch	2.480
leith	3.040
lejeune	2.470
lel	2.560
lela	2.430
leland	3.190
lem	2.830
lemieux	2.550
lemma	2.740
lemme	3.190
lemmings	2.500
lemmon	2.500
lemmy	2.460
lemon	4.100
lemonade	3.440
lemongrass	2.430
lemons	3.290
lemony	2.470
lemuel	2.440
lemur	2.570
lemurs	2.590
len	3.430
lena	3.620
lend	3.920
lender	3.640
lenders	3.670
lending	3.870
lends	3.360
leng	2.510
length	4.770
lengthen	2.810
lengthened	2.890
lengthening	2.860
lengths	3.920
lengthwise	2.610
lengthy	3.850
leni	2.540
leniency	2.820
lenient	3.130
lenin	3.440
lenin's	2.400
leningrad	3.070
leninism	2.560
leninist	2.700
lennie	2.700
lennon	3.560
lennon's	2.610
lennox	3.180
lenny	3.370
leno	2.970
lenoir	2.400
lenore	2.610
lenovo	3.270
lenox	2.860
lens	4.170
lenses	3.770
lent	3.750
lenten	2.500
lenticular	2.490
lentil	2.660
lentils	3.000
lenz	2.470
leo	4.230
leo's	2.900
leon	3.920
leon's	2.480
leona	2.930
leonard	4.010
leonard's	2.630
leonardo	3.680
leone	3.640
leong	2.520
leonid	2.910
leonidas	2.700
leonie	2.530
leonora	2.500
leopard	3.590
leopards	2.910
leopold	3.210
leopoldo	2.610
leos	2.440
leotard	2.540
lepage	2.660
leper	2.790
lepers	2.580
lepidoptera	2.510
leprechaun	2.690
leprosy	3.000
leptin	2.420
ler	2.420
lerman	2.400
lerner	3.070
leroy	3.360
les	4.100
lesbian	4.150
lesbianism	2.450
lesbians	3.600
lesion	3.080
lesions	3.430
lesley	3.220
leslie	3.900
lesnar	2.960
lesotho	2.860
less	5.490
lessee	2.580
lessen	3.370
lessened	2.950
lessening	2.780
lessens	2.680
lesser	4.130
lessing	2.680
lesson	4.470
lessons	4.380
lest	3.540
leste	2.510
lester	3.660
let	5.600
let's	5.160
letdown	2.650
lethal	3.860
lethality	2.520
lethargic	2.780
lethargically	1.150
lethargy	2.690
lethbridge	2.580
leticia	2.440
letitia	2.530
leto	3.060
lets	4.510
lett	2.440
letter	4.950
letterbox	2.530
lettered	2.690
letterhead	2.600
lettering	3.190
letterman	3.160
letterpress	2.450
letters	4.660
letting	4.530
lettres	2.580
letts	2.460
lettuce	3.560
letty	2.470
leu	2.460
leucine	2.430
leukaemia	2.760
leukemia	3.460
leung	3.090
leuven	2.530
lev	3.150
levant	3.210
levee	2.790
levees	2.580
level	5.410
leveled	3.280
leveling	3.220
levelled	3.040
levelling	2.920
levels	4.970
leven	2.490
lever	3.640
leverage	3.880
leveraged	3.110
leverages	2.490
leveraging	3.020
leverkusen	2.880
levers	3.110
leveson	2.670
levi	3.540
levi's	2.890
leviathan	3.090
levied	3.220
levies	3.020
levin	3.410
levine	3.460
levinson	2.860
levis	2.600
levitate	2.520
levitating	2.400
levitation	2.520
leviticus	2.870
levitt	2.870
levity	2.600
levon	2.460
levy	3.850
levying	2.440
lew	3.270
lewandowski	2.810
lewd	3.190
lewes	2.850
lewin	2.790
lewinsky	2.650
lewis	4.480
lewis's	2.710
lewisham	2.660
lewiston	2.710
lewy	2.470
lex	3.500
lexa	2.490
lexi	3.040
lexical	2.980
lexicon	3.100
lexie	2.740
lexington	3.580
lexis	2.450
lexus	3.270
ley	2.980
leyden	2.480
leyla	2.440
leyland	2.840
leyte	2.760
leyton	2.570
león	2.680
lf	3.400
lfc	2.460
lg	3.670
lga	2.780
lgbt	4.040
lgbti	2.480
lgbtq	3.410
lh	3.000
lhasa	2.640
lhc	2.640
li	4.250
li'l	2.550
li's	2.580
lia	2.940
liabilities	3.560
liability	4.160
liable	3.890
liaise	2.510
liaison	3.580
liaisons	2.660
liam	3.930
liam's	2.560
lian	2.740
liana	2.530
liang	3.130
liao	2.770
liaoning	2.510
liar	4.020
liars	3.460
lib	3.750
libby	3.260
libel	3.340
liber	2.820
liberal	4.660
liberalisation	2.680
liberalism	3.500
liberalization	2.840
liberally	2.910
liberals	4.130
liberate	3.240
liberated	3.530
liberating	3.230
liberation	3.910
liberator	2.780
liberators	2.480
liberia	3.500
liberian	3.010
libertarian	3.570
libertarianism	2.620
libertarians	2.990
liberties	3.690
libertine	2.510
liberty	4.340
libido	3.060
libor	2.630
libra	2.930
librarian	3.590
librarians	3.260
libraries	4.140
library	4.860
library's	2.930
libre	2.860
libretto	2.650
libro	2.410
libs	3.170
libtard	2.420
libtards	2.490
libya	3.820
libya's	2.530
libyan	3.420
libyans	2.510
lic	2.690
lice	3.210
licence	3.970
licences	3.330
license	4.520
licensed	4.170
licensee	3.030
licensees	2.830
licenses	3.830
licensing	3.950
licensure	2.760
lich	2.510
lichen	2.770
lichens	2.560
lichfield	2.670
lichtenstein	2.600
lick	3.770
licked	3.260
licking	3.510
licks	3.100
licorice	2.850
lid	3.810
lidar	2.650
liddell	2.690
lidia	2.430
lidl	2.600
lido	2.790
lidocaine	2.540
lids	3.130
lie	4.840
lieberman	3.040
liechtenstein	2.770
lied	4.210
liege	2.950
lien	3.200
liens	2.670
lier	2.410
lies	4.730
lieu	3.450
lieut	2.570
lieutenant	4.440
lieutenants	3.080
lif	2.580
life	5.890
life's	3.890
lifeblood	2.690
lifeboat	3.190
lifeboats	2.820
lifecycle	2.870
lifeguard	3.070
lifeguards	2.660
lifeless	3.230
lifelike	2.750
lifeline	3.230
lifelong	3.750
lifer	2.460
lifers	2.470
lifes	2.930
lifesaver	2.880
lifesaving	2.890
lifespan	3.370
lifestyle	4.290
lifestyles	3.320
lifetime	4.390
lifetimes	3.100
lift	4.500
lifted	4.100
lifter	2.710
lifters	2.520
lifting	4.060
liftoff	2.680
lifts	3.760
liga	3.490
ligament	3.340
ligaments	3.090
ligand	3.050
ligands	2.900
ligation	2.510
ligature	2.780
light	5.330
light's	2.560
lightbulb	2.710
lighted	3.160
lighten	3.350
lightened	2.630
lightening	3.040
lighter	4.090
lighters	2.850
lightest	2.950
lightfoot	2.680
lighthearted	2.860
lighthouse	3.550
lighthouses	2.760
lighting	4.290
lightly	3.960
lightness	2.970
lightning	4.220
lightroom	2.640
lights	4.640
lightsaber	2.950
lightweight	3.780
lightyear	2.510
lignin	2.450
lignite	2.460
ligue	2.960
lik	2.700
likable	2.960
like	6.410
likeable	3.020
liked	4.760
likelihood	3.910
likely	5.200
liken	2.570
likened	3.130
likeness	3.340
likenesses	2.420
likening	2.420
likens	2.550
likes	4.730
likewise	4.040
liking	3.990
likud	2.600
lil	3.880
lila	3.050
lilac	3.110
lilacs	2.400
lili	2.940
lilian	2.750
liliana	2.550
lilies	3.150
lilith	2.940
lillard	2.820
lille	2.980
lilley	2.520
lillian	3.260
lillie	2.740
lilly	3.540
lilo	2.690
lily	3.950
lily's	2.640
lim	3.330
lima	3.580
limb	3.700
limbaugh	2.950
limber	2.450
limbic	2.480
limbo	3.310
limbs	3.740
lime	3.860
limelight	3.110
limerick	3.070
limes	2.850
limestone	3.750
limit	4.700
limitation	3.710
limitations	4.050
limited	5.020
limiter	2.550
limiting	3.950
limitless	3.270
limits	4.470
limo	3.330
limos	2.440
limousine	3.200
limousines	2.550
limp	3.430
limped	2.600
limping	2.960
limpopo	2.510
lin	3.800
lin's	2.490
lina	3.060
linc	2.460
lincoln	4.310
lincoln's	3.030
lincolnshire	3.290
lind	2.820
linda	4.060
linda's	2.440
lindberg	2.470
lindbergh	2.770
linde	2.720
linden	3.200
linder	2.520
lindley	2.690
lindo	2.510
lindsay	3.810
lindsey	3.600
lindy	2.840
line	5.490
line's	2.930
lineage	3.460
lineages	2.810
lineal	2.430
linear	4.120
linearity	2.550
linearly	2.850
linebacker	3.360
linebackers	2.730
lined	4.080
lineker	2.550
lineman	3.220
linemen	2.920
linen	3.610
linens	2.820
liner	3.750
liners	3.390
lines	4.950
linesman	2.590
lineup	4.040
lineups	2.960
linfield	2.410
ling	3.510
lingard	2.640
linger	3.310
lingered	2.900
lingerie	3.530
lingering	3.430
lingers	2.950
lingo	3.010
lingua	2.760
lingual	2.800
linguist	2.870
linguistic	3.710
linguistically	2.690
linguistics	3.430
linguists	2.850
lining	3.880
linings	2.900
link	4.990
link's	2.480
linkage	3.140
linkages	2.850
linked	4.540
linkedin	3.630
linker	2.570
linkin	2.780
linking	3.960
links	4.720
linky	2.460
linn	3.060
linnaeus	2.680
lino	2.770
linoleum	2.610
linseed	2.400
lint	2.990
linton	2.880
linus	3.060
linux	3.990
linwood	2.460
linz	2.530
lion	4.250
lion's	3.180
lionel	3.740
lioness	2.750
lionheart	2.540
lions	4.180
lionsgate	2.660
lip	4.130
lipa	2.590
lipid	3.290
lipids	2.950
lipman	2.430
lipo	2.480
lipoprotein	2.650
liposuction	2.630
lipped	2.780
lippincott	2.490
lips	4.350
lipstick	3.690
lipsticks	2.920
lipton	2.760
liquefaction	2.420
liquefied	2.920
liqueur	2.810
liquid	4.390
liquidate	2.800
liquidated	2.970
liquidating	2.470
liquidation	3.260
liquidator	2.520
liquidators	2.460
liquidity	3.450
liquids	3.480
liquor	4.010
liquorice	2.480
liquors	2.600
lira	2.990
lire	2.890
lis	3.090
lisa	4.290
lisa's	2.850
lisbon	3.640
lisburn	2.420
lise	2.790
lisle	2.620
lismore	2.570
lisp	3.000
lissa	2.510
list	5.280
listed	4.690
listen	5.060
listened	4.210
listener	3.520
listeners	3.710
listening	4.660
listens	3.600
lister	3.110
listeria	2.610
listing	4.320
listings	3.900
listless	2.530
liston	2.660
lists	4.380
liszt	2.680
lit	4.190
lita	2.550
litany	2.880
litchfield	2.850
lite	3.530
litecoin	2.700
liter	3.460
literacy	3.900
literal	3.770
literally	4.910
literary	4.310
literate	3.270
literature	4.620
literatures	2.630
liters	3.190
lithe	2.480
lithgow	2.520
lithium	3.560
lithograph	2.560
lithographs	2.460
lithography	2.710
lithosphere	2.400
lithuania	3.500
lithuanian	3.200
lithuanians	2.420
litigants	2.500
litigate	2.430
litigated	2.470
litigation	3.930
litigious	2.420
litmus	2.770
litre	3.500
litres	3.220
litt	2.690
litter	3.710
littered	3.100
littering	2.780
litters	2.660
little	5.750
littlefield	2.570
littlejohn	2.450
littler	2.410
littlest	2.670
littleton	2.860
littoral	2.690
liturgical	3.050
liturgy	3.190
liu	3.740
liv	3.390
livable	2.800
live	5.540
liveable	2.490
lived	4.880
livelihood	3.420
livelihoods	3.050
lively	3.860
liven	2.630
liver	4.180
livermore	2.940
liverpool	4.430
liverpool's	3.000
livers	2.780
livery	3.100
lives	5.140
livestock	3.830
livestream	2.920
livia	2.700
livid	2.990
livin	3.190
living	5.300
living room	5.040
livingston	3.420
livingstone	3.100
livonia	2.460
livre	2.430
livres	2.480
livy	2.640
liz	3.830
liza	3.280
lizard	3.630
lizards	3.240
lizzie	3.340
lizzy	3.060
lj	3.090
ljubljana	2.590
lk	2.940
ll	4.660
ll.b	2.550
ll.d	2.420
llama	2.950
llamas	2.760
llandudno	2.510
llanelli	2.470
llb	2.450
llc	3.830
llewellyn	2.770
lll	2.620
lloris	2.430
lloyd	4.030
lloyd's	2.830
lloyds	2.960
llp	3.190
lm	3.270
lma	2.660
lmao	4.280
lmaooo	2.420
lmfao	3.350
lms	2.870
ln	3.730
lng	3.180
lnp	2.890
lo	4.070
loa	2.900
loach	2.440
load	4.580
loaded	4.250
loader	3.100
loaders	2.740
loading	4.100
loads	4.220
loaf	3.490
loafer	2.400
loafers	2.830
loam	2.620
loan	4.680
loaned	3.340
loaning	2.640
loans	4.510
loath	2.670
loathe	3.110
loathed	2.720
loathing	3.160
loathsome	2.710
loaves	2.920
lob	2.980
lobbied	3.110
lobbies	2.990
lobby	4.030
lobbying	3.590
lobbyist	3.100
lobbyists	3.230
lobe	3.300
lobed	2.580
lobes	3.140
lobo	2.800
lobos	2.750
lobotomy	2.460
lobster	3.650
lobsters	2.980
loc	3.240
loca	2.660
local	5.430
locale	2.980
locales	2.900
localisation	2.450
localised	2.880
localities	3.530
locality	3.670
localization	3.270
localize	2.530
localized	3.400
locally	4.110
locals	4.000
locate	3.940
located	4.860
locates	2.750
locating	3.430
location	4.860
locations	4.460
locator	3.030
loch	3.450
loci	2.790
lock	4.510
lockdown	3.520
locke	3.530
locke's	2.430
locked	4.430
locker	3.950
lockerbie	2.410
lockers	3.070
locket	2.880
lockett	2.610
lockhart	3.190
lockheed	3.360
locking	3.760
lockout	3.130
lockouts	2.510
lockport	2.430
locks	3.940
locksmith	2.810
lockup	2.560
lockwood	3.080
lockyer	2.550
loco	3.210
locomotion	2.880
locomotive	3.500
locomotives	3.280
locos	2.450
locum	2.590
locus	3.180
locust	3.000
locusts	2.810
lod	2.650
lode	2.710
lodge	4.080
lodged	3.490
lodger	2.580
lodges	3.220
lodging	3.440
lodgings	2.860
lodi	2.620
lodz	2.490
loe	2.420
loeb	3.030
loew	2.580
loft	3.510
lofts	2.640
loftus	2.800
lofty	3.340
log	4.370
logan	4.040
logan's	2.780
logano	2.480
logarithm	2.520
logarithmic	2.680
logbook	2.500
logged	3.650
logger	2.530
loggers	2.710
logging	3.760
logic	4.360
logical	4.140
logically	3.430
logics	2.530
logie	2.590
login	3.490
logins	2.430
logistic	3.110
logistical	3.240
logistically	2.500
logistics	3.860
logitech	2.860
logo	4.280
logos	3.530
logs	3.810
logue	2.400
loh	2.600
lohan	3.010
loi	2.640
loin	2.750
loins	2.710
loire	2.750
lois	3.510
loiter	2.380
loitering	2.730
lok	3.110
loki	3.270
lol	5.050
lola	3.450
loli	2.510
lolita	3.070
lollapalooza	2.490
lollipop	3.150
lollipops	2.620
lolly	2.810
lolo	2.660
lolol	2.580
lols	2.470
lolz	2.500
loma	2.860
lomas	2.420
lomax	2.870
lombard	3.000
lombardi	3.040
lombardo	2.630
lombardy	2.600
lombok	2.510
lomond	2.640
lon	3.150
london	5.270
london's	3.600
londonderry	3.040
londoner	2.450
londoners	2.810
lone	3.910
loneliest	2.500
loneliness	3.650
lonely	4.250
loner	3.070
lonergan	2.450
lonesome	3.090
long	5.810
long's	2.590
long-distance	4.800
long-term	5.130
longchamp	2.430
longed	3.070
longer	5.160
longest	4.220
longevity	3.550
longfellow	2.700
longford	2.500
longhorn	2.670
longhorns	2.780
longing	3.500
longitude	3.260
longitudinal	3.370
longitudinally	2.530
longley	2.490
longman	2.770
longo	2.630
longoria	2.520
longs	3.020
longshot	2.480
longstanding	3.190
longstreet	2.450
longterm	2.750
longtime	3.730
longview	2.610
longwood	2.450
longworth	2.460
lonnie	2.910
lonsdale	2.740
lonzo	2.470
loo	3.300
look	5.810
lookalike	2.730
looked	5.110
looker	2.550
lookin	3.760
looking	5.570
lookout	3.610
lookouts	2.420
looks	5.360
lookup	2.860
loom	3.340
loomed	2.800
looming	3.290
loomis	2.990
looms	3.230
loon	2.990
looney	3.000
loons	2.570
loony	2.780
loop	4.290
looped	2.950
looper	2.500
loophole	3.240
loopholes	3.110
looping	3.010
loops	3.650
loopy	2.670
loos	2.790
loose	4.460
loosely	3.620
loosen	3.370
loosened	2.980
loosening	2.950
loosens	2.420
looser	2.990
looses	2.470
loosing	3.100
loot	3.490
looted	3.210
looters	2.840
looting	3.460
lop	2.700
lope	2.560
lopes	2.650
lopez	3.790
lopsided	2.910
lor	2.870
lora	2.580
lorain	2.560
loras	2.420
lorca	2.530
lord	5.100
lord's	3.620
lorde	3.160
lords	4.080
lordship	3.290
lordy	2.520
lore	3.550
lorelai	2.540
lorelei	2.520
loren	3.040
lorena	2.640
lorentz	2.600
lorenz	2.820
lorenzo	3.490
loretta	3.270
lori	3.400
lorimer	2.460
loring	2.560
lorna	3.060
lorne	2.870
lorraine	3.460
lorries	2.840
lorry	3.210
los	4.780
lose	5.080
loser	4.010
losers	3.820
loses	4.110
losing	4.850
loss	5.070
losses	4.450
lossless	2.640
lost	5.390
lot	5.610
lot's	2.850
lothar	2.460
lothian	3.050
lotion	3.450
lotions	2.650
lotr	2.560
lots	4.880
lott	2.880
lotta	3.200
lotte	2.990
lotteries	2.790
lottery	4.000
lottie	2.840
lotto	3.230
lotus	3.620
lou	3.940
lou's	2.420
louboutin	2.560
loud	4.530
louder	3.820
loudest	3.210
loudly	3.790
loudness	2.680
loudon	2.630
loudoun	2.820
loudspeaker	2.950
loudspeakers	2.790
lough	2.840
loughborough	2.860
louie	3.380
louis	4.820
louis's	2.420
louisa	3.290
louise	4.000
louisiana	4.190
louisiana's	2.540
louisville	3.840
lounge	3.920
lounges	2.860
lounging	2.880
loup	2.470
lourdes	2.900
louse	2.600
lousy	3.310
louth	2.520
louvain	2.480
louvre	3.140
lovable	3.230
lovato	2.830
love	5.820
love's	3.230
loveable	2.750
lovebirds	2.560
lovecraft	2.890
loved	5.000
lovejoy	2.800
lovelace	2.720
loveland	2.580
loveless	2.730
loveliest	2.780
loveliness	2.540
lovell	2.970
lovely	4.740
lovemaking	2.570
lover	4.260
lover's	2.990
lovers	4.150
loves	4.660
lovett	2.790
lovey	2.750
lovin	3.210
loving	4.470
lovingly	3.140
lovren	2.570
low	5.330
lowdown	2.630
lowe	3.560
lowe's	2.950
lowell	3.440
lower	5.110
lowercase	2.800
lowered	3.860
lowering	3.780
lowers	3.360
lowery	2.680
lowes	2.690
lowest	4.410
lowestoft	2.460
lowkey	2.740
lowland	2.990
lowlands	2.910
lowlife	2.490
lowly	3.270
lowndes	2.750
lowry	3.350
lows	3.450
lowther	2.460
lox	2.650
loy	2.630
loyal	4.200
loyalist	3.030
loyalists	3.160
loyally	2.440
loyalties	3.060
loyalty	4.170
loyola	3.070
lozano	2.410
lp	3.850
lpc	2.590
lpg	2.820
lpga	2.800
lpl	2.410
lps	3.090
lr	3.320
lra	2.490
lrt	2.880
ls	3.710
lsa	2.550
lsat	2.600
lsc	2.560
lsd	3.250
lse	2.780
lsi	2.500
lst	2.890
lsu	3.500
lt	4.150
ltc	2.840
ltd	4.470
lte	3.380
ltr	2.630
lts	2.760
ltte	2.680
ltv	2.510
lu	3.640
lua	2.690
luang	2.440
lubbock	3.000
lube	3.130
lubricant	3.050
lubricants	2.840
lubricate	2.430
lubricated	2.630
lubricating	2.580
lubrication	2.970
luc	3.340
luca	3.380
lucan	2.640
lucas	4.090
lucasfilm	2.680
lucca	2.630
luce	2.990
lucent	2.560
lucerne	2.790
lucha	2.600
luci	2.470
lucia	3.450
lucian	3.120
luciana	2.600
luciano	2.930
lucid	3.270
lucidity	2.450
lucie	3.050
lucien	3.040
lucifer	3.430
lucille	3.140
lucinda	2.890
lucio	2.900
lucius	3.180
luck	4.910
lucked	2.600
luckier	2.650
luckiest	2.990
luckily	3.920
lucknow	3.100
lucky	4.770
lucrative	3.560
lucretia	2.480
lucrezia	2.410
lucy	4.070
lucy's	2.760
ludacris	2.560
ludhiana	2.410
ludicrous	3.340
ludicrously	2.470
ludlow	2.980
ludo	2.490
ludwig	3.320
lue	2.430
luffy	2.900
lufthansa	2.850
luftwaffe	2.820
lug	3.090
lugano	2.520
lugar	2.430
luge	2.720
luger	2.620
luggage	3.800
lugging	2.570
lugo	2.600
lugs	2.640
luhansk	2.600
lui	3.000
luigi	3.250
luis	3.990
luisa	2.960
luiz	3.300
luk	2.630
luka	3.230
lukaku	3.070
lukas	3.230
luke	4.450
luke's	3.360
lukewarm	3.090
lul	2.630
lula	2.890
lull	3.080
lullabies	2.500
lullaby	3.080
lulled	2.480
lulu	3.330
lululemon	2.570
lulz	2.440
lum	2.590
lumbar	3.090
lumber	3.590
lumbering	2.690
lumberjack	2.720
lumen	3.090
lumens	2.570
lumia	2.880
lumiere	2.420
luminance	2.540
luminaries	2.760
luminescence	2.510
luminescent	2.430
luminosity	2.900
luminous	3.240
lumley	2.580
lump	3.710
lumped	2.850
lumps	3.190
lumpur	3.430
lumpy	2.840
lumumba	2.500
lun	2.670
luna	3.620
lunacy	2.910
lunar	3.770
lunatic	3.430
lunatics	2.970
lunch	4.660
lunchbox	2.720
luncheon	3.310
lunches	3.410
lunchtime	3.330
lund	3.180
lundberg	2.400
lundgren	2.430
lundqvist	2.540
lundy	2.650
lune	2.510
lung	4.100
lunge	2.850
lunged	2.590
lunges	2.620
lungs	3.970
luo	2.900
luongo	2.400
lupe	2.880
lupin	2.860
lupita	2.700
lupo	2.470
lupus	3.200
lurch	2.790
lurched	2.470
lure	3.670
lured	3.260
lures	2.940
lurid	2.730
luridly	1.400
lurie	2.440
luring	2.870
lurk	3.100
lurked	2.570
lurking	3.530
lurks	2.820
lusaka	2.660
luscious	2.990
lush	3.550
lust	3.720
luster	2.960
lustful	2.660
lusting	2.450
lustre	2.970
lustrous	2.660
lusts	2.490
lusty	2.800
lute	2.870
luther	3.880
luther's	2.430
lutheran	3.450
lutherans	2.610
luthor	2.960
luton	3.130
luttrell	2.440
lutz	2.980
luv	3.090
lux	3.330
luxe	2.990
luxembourg	3.570
luxemburg	2.610
luxor	2.680
luxuries	3.090
luxurious	3.550
luxury	4.350
luz	3.030
luzon	2.730
lv	3.390
lvg	2.460
lviv	2.730
lvl	3.180
lw	2.900
lx	2.870
ly	3.370
lyall	2.440
lyceum	2.640
lycra	2.650
lydia	3.590
lye	2.720
lyell	2.560
lyft	3.140
lyin	2.750
lying	4.670
lyle	3.300
lyles	2.440
lyman	3.090
lyme	3.200
lymph	3.200
lymphatic	2.820
lymphocyte	2.480
lymphocytes	2.830
lymphoid	2.420
lymphoma	3.270
lyn	3.090
lynch	3.940
lynch's	2.700
lynchburg	2.780
lynched	2.830
lynching	3.060
lynchings	2.460
lynda	2.950
lyndhurst	2.420
lyndon	3.230
lyne	2.460
lynette	2.810
lynn	3.860
lynn's	2.450
lynne	3.230
lynx	3.060
lyon	3.800
lyons	3.460
lyra	2.850
lyre	2.610
lyric	3.630
lyrical	3.430
lyrically	2.810
lyricism	2.630
lyricist	2.840
lyrics	4.350
lys	2.620
lysine	2.700
lysis	2.430
lytton	2.620
lz	2.760
là	2.400
léon	2.430
lópez	2.880
m	5.390
m'lady	2.520
m's	3.040
m.a	3.380
m.b.a	2.440
m.c	2.700
m.d	3.430
m.e	2.940
m.i.a	2.610
m.i.t	2.460
m.j	2.760
m.o	2.490
m.p	2.730
m.p.h	2.410
m.s	3.050
m.sc	2.690
m00	3.800
m000	3.360
m0000	2.790
m1	3.360
m2	3.510
m2m	2.450
m3	3.390
m4	3.250
m4a	2.410
m5	3.000
m6	2.870
m7	2.670
m8	3.200
m9	2.700
ma	4.630
ma's	2.740
maa	2.830
maan	2.520
maar	2.430
maarten	2.600
maas	2.610
maasai	2.610
maastricht	2.750
mab	2.600
mabel	3.250
mac	4.450
mac's	2.870
macabre	2.930
macadamia	2.530
macao	2.800
macaque	2.430
macaques	2.450
macarena	2.440
macaroni	3.110
macarthur	3.230
macau	3.280
macaulay	2.930
macbeth	3.320
macbook	3.410
macclesfield	2.650
macdonald	3.690
macdonald's	2.460
macdougall	2.410
mace	3.330
macedon	2.510
macedonia	3.370
macedonian	3.080
macedonians	2.450
macfarlane	2.950
macgregor	2.920
macgyver	2.480
mach	3.250
machado	3.030
mache	2.400
machen	2.450
machete	3.150
machetes	2.490
machi	2.510
machiavelli	2.700
machiavellian	2.520
machida	2.420
machin	2.430
machina	2.650
machinations	2.890
machine	4.900
machine's	2.750
machined	2.840
machinery	4.020
machines	4.460
machining	3.080
machinist	2.750
machinists	2.640
machismo	2.490
macho	3.260
machu	2.620
macintosh	3.100
macintyre	2.660
mack	3.700
mackay	3.410
mackenzie	3.590
mackerel	3.080
mackey	2.940
mackie	2.930
mackinac	2.430
mackinnon	2.850
mackintosh	2.930
macklemore	2.880
macklin	2.530
maclaren	2.440
maclean	3.110
macleod	3.210
macmillan	3.560
macneil	2.450
macomb	2.560
macon	3.130
macos	3.020
macpherson	3.030
macquarie	3.170
macrae	2.640
macro	3.710
macroeconomic	3.050
macroeconomics	2.680
macron	2.950
macrophage	2.440
macrophages	2.870
macros	2.870
macroscopic	2.660
macs	3.040
macular	2.690
macy	3.010
macy's	3.200
mad	4.740
madagascar	3.390
madam	3.590
madame	3.800
madan	2.400
madcap	2.430
madden	3.530
maddening	2.800
madder	2.590
maddie	3.250
maddison	2.530
maddow	2.650
maddox	3.060
maddux	2.420
maddy	2.970
made	5.920
madea	2.410
madeira	2.960
madeleine	3.410
madeline	3.190
mademoiselle	2.980
madera	2.640
madge	2.870
madhouse	2.690
madhu	2.530
madhya	2.920
madi	2.630
madigan	2.690
madison	4.170
madison's	2.550
madly	3.170
madman	3.220
madmen	2.650
madness	3.970
madoff	2.640
madoka	2.420
madonna	3.730
madonna's	2.710
madras	3.380
madre	2.880
madrid	4.300
madrid's	2.790
madrigal	2.470
mads	2.840
madsen	2.720
madurai	2.560
maduro	2.960
mae	3.650
maeda	2.430
maelstrom	2.690
maersk	2.420
maester	2.410
maestro	3.260
maeve	2.670
maf	2.500
mafia	3.830
mag	3.710
maga	3.300
magazine	4.740
magazine's	3.320
magazines	4.070
magda	2.830
magdalen	2.670
magdalena	2.820
magdalene	2.930
mage	3.060
magee	2.870
magellan	2.770
magenta	3.020
mages	2.630
maggi	2.430
maggie	3.800
maggie's	2.620
maggot	2.780
maggots	2.850
maghreb	2.630
magi	2.910
magic	4.760
magic's	2.400
magical	4.220
magically	3.360
magician	3.530
magicians	3.100
magick	2.600
magister	2.410
magisterial	2.460
magistrate	3.710
magistrate's	2.420
magistrates	3.530
magma	3.190
magna	3.260
magnanimity	2.220
magnanimous	2.610
magnanimously	1.730
magnate	3.040
magnates	2.540
magnesium	3.490
magnet	3.730
magnetic	4.170
magnetically	2.570
magnetism	3.030
magnetite	2.570
magnetization	2.440
magnetized	2.580
magneto	3.040
magnets	3.380
magnification	2.930
magnificence	2.790
magnificent	4.040
magnificently	2.770
magnified	2.990
magnify	2.770
magnifying	3.000
magnitude	4.000
magnitudes	2.710
magnolia	3.210
magnum	3.390
magnus	3.460
magnussen	2.440
magpie	2.900
magpies	2.870
magruder	2.500
mags	3.050
maguire	3.300
magus	2.610
magyar	2.550
mah	3.240
maha	2.890
mahabharata	2.490
mahal	3.200
mahama	2.410
mahan	2.690
maharaj	2.860
maharaja	2.710
maharashtra	3.340
mahathir	2.470
mahatma	3.060
mahayana	2.440
mahdi	2.830
mahendra	2.430
maher	3.330
mahesh	2.780
mahi	2.740
mahinda	2.410
mahindra	2.660
mahjong	2.630
mahler	2.820
mahmood	2.720
mahmoud	3.160
mahmud	2.720
mahogany	3.290
mahon	2.650
mahone	2.550
mahoney	3.040
mai	3.530
maia	2.980
maid	3.860
maidan	2.670
maiden	3.820
maidenhead	2.620
maidens	2.920
maids	3.250
maidstone	2.810
maiduguri	2.400
maier	2.700
mail	4.720
mailbox	3.310
mailboxes	2.590
mailed	3.500
mailer	2.940
mailers	2.450
mailing	3.600
mailings	2.460
mailman	2.880
mails	3.620
maim	2.640
maimed	2.810
maimonides	2.520
main	5.240
main course	5.030
maine	4.160
maine's	2.660
mainframe	2.990
mainland	3.950
mainline	3.060
mainly	4.600
mains	3.450
mainstay	3.060
mainstays	2.430
mainstream	4.260
maintain	4.650
maintained	4.380
maintaining	4.250
maintains	3.960
maintenance	4.550
mainwaring	2.430
mainz	2.750
mair	2.670
mais	2.960
maisie	2.810
maison	3.090
maitland	3.050
maitre	2.420
maize	3.340
maj	3.410
maja	2.630
majestic	3.570
majestically	2.450
majesty	4.050
majesty's	3.240
majid	2.790
majlis	2.680
major	5.300
major's	2.500
majorca	2.680
majored	2.790
majoring	2.960
majorities	2.960
majority	4.940
majorly	2.700
majors	3.750
mak	3.130
makati	2.690
make	6.080
make-up	5.910
makeover	3.470
makeovers	2.460
maker	4.230
maker's	2.740
makers	4.160
makes	5.460
makeshift	3.180
maketh	2.440
makeup	4.390
maki	2.930
makin	3.270
making	5.540
makings	2.760
makkah	2.480
mako	2.970
makoto	2.870
maksim	2.410
mal	3.550
mala	2.870
malabar	2.630
malacca	2.840
malachi	2.770
malachite	2.480
maladies	2.520
malady	2.550
malaga	2.850
malagasy	2.620
malaise	2.840
malala	2.630
malaria	3.650
malarkey	2.410
malawi	3.330
malawian	2.450
malay	3.390
malaya	3.000
malayalam	2.850
malayan	2.600
malays	2.730
malaysia	4.280
malaysia's	2.840
malaysian	3.840
malaysians	2.790
malcolm	4.010
malcom	2.570
malden	2.660
maldives	3.350
maldonado	2.760
male	4.890
male's	2.490
maleficent	2.760
malek	2.780
males	4.210
malevolent	2.920
malfeasance	2.600
malformation	2.430
malformations	2.490
malformed	2.400
malfoy	2.620
malfunction	3.290
malfunctioned	2.570
malfunctioning	2.940
malfunctions	2.790
malhotra	2.820
mali	3.530
malia	2.910
malian	2.700
malibu	3.400
malice	3.340
malicious	3.670
maliciously	2.850
malick	2.500
malign	2.590
malignancies	2.530
malignancy	2.650
malignant	3.330
maligned	2.690
malik	3.620
maliki	2.590
malin	2.620
malkin	2.780
malkovich	2.500
mall	4.290
mallard	2.810
malleability	2.190
malleable	2.820
mallet	3.000
mallett	2.420
mallorca	2.810
mallory	3.150
malloy	2.910
malls	3.440
malmo	2.500
malmö	2.660
malnourished	2.800
malnutrition	3.240
malo	2.570
malone	3.560
malone's	2.410
maloney	3.000
malpractice	3.250
malt	3.410
malta	3.540
maltese	3.030
maltreatment	2.590
malvern	2.840
malware	3.490
mam	3.230
mama	4.240
mama's	2.990
mamas	2.790
mamba	2.640
mambo	2.780
mame	2.550
mami	2.800
mamie	2.650
mamma	3.320
mammal	3.310
mammalian	3.190
mammals	3.700
mammary	2.630
mammogram	2.490
mammograms	2.400
mammography	2.640
mammoth	3.400
mammoths	2.610
mammy	2.620
man	5.820
man's	4.340
mana	3.290
manafort	3.030
manage	4.540
manageable	3.380
managed	4.760
management	5.130
management's	2.710
manager	4.970
manager's	3.110
managerial	3.560
managers	4.470
manages	3.940
managing	4.400
managua	2.480
manama	2.400
manassas	2.800
manatee	2.740
manaus	2.490
mance	2.570
manchester	4.530
manchester's	2.520
manchin	2.680
manchu	2.640
manchuria	2.920
manchurian	2.610
mancini	2.910
mancuso	2.450
manda	2.470
mandala	2.780
mandalay	2.970
mandarin	3.520
mandate	3.970
mandated	3.560
mandates	3.390
mandating	2.810
mandatory	4.130
mandel	2.650
mandela	3.410
mandelson	2.460
mandeville	2.600
mandi	2.680
mandible	2.750
mandibles	2.460
mandibular	2.520
mandir	2.540
mandolin	2.780
mandrake	2.590
mandy	3.370
mane	3.330
manes	2.430
manet	2.530
maneuver	3.530
maneuverability	2.640
maneuvered	2.570
maneuvering	3.090
maneuvers	3.260
manfred	2.940
mang	2.670
manga	3.970
mangala	2.480
mangalore	2.410
mangan	2.440
manganese	3.110
mange	2.500
manger	2.990
mangle	2.390
mangled	2.940
mango	3.560
mangoes	2.790
mangos	2.410
mangrove	2.890
mangroves	2.640
manhandled	2.420
manhattan	4.160
manhattan's	2.780
manhole	2.750
manhood	3.160
manhunt	3.030
mani	3.230
mania	3.440
maniac	3.220
maniacal	2.610
maniacs	2.760
manic	3.320
manicure	2.990
manicured	2.700
manifest	3.680
manifestation	3.430
manifestations	3.220
manifested	3.280
manifesting	2.980
manifestly	2.670
manifesto	3.650
manifestos	2.530
manifests	3.140
manifold	3.320
manifolds	2.760
manila	3.880
manilow	2.400
manipulate	3.690
manipulated	3.600
manipulates	2.710
manipulating	3.450
manipulation	3.850
manipulations	2.830
manipulative	3.250
manipulator	2.850
manipulators	2.460
manipur	2.790
manish	2.610
manitoba	3.430
manitowoc	2.530
mankato	2.490
mankind	3.880
mankind's	2.640
manley	2.870
manliness	2.530
manly	3.660
manmade	2.720
manmohan	2.670
mann	3.730
mann's	2.420
manna	2.800
manned	3.470
mannequin	3.060
mannequins	2.840
manner	4.550
mannered	3.040
mannerisms	2.820
manners	3.830
mannheim	2.680
manning	3.860
manning's	2.620
mannix	2.400
manny	3.500
mano	2.920
manoeuvre	3.030
manoeuvres	2.880
manoeuvring	2.540
manoj	2.510
manolo	2.700
manon	2.580
manor	3.810
manors	2.680
manpower	3.460
mans	3.680
manse	2.460
mansell	2.500
mansfield	3.420
mansion	4.020
mansions	3.200
manslaughter	3.380
manson	3.290
mansour	2.740
manta	2.820
mantel	2.910
mantelpiece	2.450
mantis	3.110
mantle	3.620
mantra	3.500
mantras	2.680
mantua	2.550
manu	3.340
manual	4.320
manually	3.700
manuals	3.380
manuel	3.860
manuela	2.620
manufacture	3.980
manufactured	4.130
manufacturer	4.210
manufacturer's	2.800
manufacturers	4.350
manufactures	3.430
manufacturing	4.560
manure	3.200
manus	2.880
manuscript	3.920
manuscripts	3.650
manx	2.520
many	5.910
manziel	2.930
mao	3.600
mao's	2.590
maoist	2.900
maoists	2.520
maori	3.240
map	4.760
maple	3.860
maples	2.640
maplewood	2.400
mapped	3.500
mapping	3.880
mappings	2.570
maps	4.420
maquis	2.430
mar	4.190
mara	3.450
maradona	2.760
marais	2.700
marat	2.510
marathi	2.850
marathon	4.160
marathons	3.090
marauder	2.570
marauders	2.720
marauding	2.540
marbella	2.700
marble	3.960
marbled	2.660
marbles	3.190
marburg	2.590
marc	4.030
marca	2.500
marcel	3.500
marcella	2.580
marcello	2.910
marcellus	2.820
marcelo	3.130
march	5.260
marchand	2.810
marchant	2.480
marche	2.550
marched	3.750
marchers	2.690
marches	3.420
marching	3.820
marcia	3.190
marciano	2.400
marcin	2.460
marco	3.920
marconi	2.730
marcos	3.470
marcus	4.090
marcy	2.960
mardi	3.140
mare	3.600
marek	2.820
maren	2.410
mares	2.990
marg	2.640
margaery	2.410
margaret	4.230
margaret's	2.650
margarine	2.830
margarita	3.300
margaritas	2.790
margate	2.750
marge	3.080
margery	2.660
margherita	2.560
margie	2.780
margin	4.270
marginal	3.710
marginalised	2.750
marginalization	2.650
marginalized	3.340
marginally	3.250
margins	3.840
margo	3.030
margot	3.320
marguerite	3.100
mari	3.230
maria	4.340
maria's	2.800
mariachi	2.810
mariah	3.200
mariam	2.700
marian	3.410
mariana	3.070
marianna	2.690
marianne	3.380
mariano	3.090
maribor	2.570
maricopa	2.840
marie	4.190
marie's	2.610
mariel	2.440
marietta	3.040
marigold	2.750
marijuana	4.200
marika	2.500
mariko	2.400
marilyn	3.720
marin	3.290
marina	3.840
marinade	2.750
marinara	2.530
marinas	2.480
marinate	2.590
marinated	2.780
marine	4.530
mariner	3.030
mariners	3.570
marines	3.920
marino	3.230
mario	4.230
mario's	2.580
marion	3.800
marionette	2.440
mariota	2.690
mariposa	2.500
maris	2.960
marisa	2.950
marisol	2.540
marissa	3.120
marist	2.680
marital	3.590
maritime	3.960
maritimes	2.430
marius	3.100
marjorie	3.250
mark	5.050
mark's	3.250
mark-up	5.030
markdown	2.400
marked	4.500
markedly	3.290
marker	3.870
markers	3.720
market	5.290
market's	2.880
marketability	2.390
marketable	3.060
marketed	3.640
marketer	2.950
marketers	3.360
marketing	4.780
marketplace	3.820
marketplaces	2.870
markets	4.610
markey	2.600
markham	3.040
marking	3.950
markings	3.540
markle	2.600
marko	2.950
markov	3.020
marks	4.490
marksman	2.880
marksmanship	2.570
marksmen	2.500
markup	3.090
markus	3.120
marky	2.490
marl	2.560
marla	2.750
marlboro	3.020
marlborough	3.060
marlene	3.120
marley	3.460
marley's	2.450
marlin	3.010
marlins	3.240
marlo	2.620
marlon	3.210
marlow	2.860
marlowe	3.030
marmaduke	2.470
marmalade	2.890
marmite	2.530
marmot	2.400
marne	2.560
marnie	2.770
maro	2.420
maroon	3.350
marooned	2.640
maroons	2.880
marouane	2.440
marple	2.580
marque	2.590
marquee	3.180
marques	2.770
marquess	2.820
marquette	3.080
marquez	3.030
marquis	3.450
marquise	2.700
marr	3.110
marrakech	2.760
marrakesh	2.520
marred	3.090
marriage	4.910
marriages	3.900
married	5.030
marries	3.280
marriott	3.350
marrow	3.530
marry	4.400
marrying	3.750
mars	4.270
marsden	3.010
marseille	3.240
marseilles	2.890
marsh	3.870
marsha	3.010
marshal	3.870
marshall	4.240
marshall's	2.930
marshalling	2.420
marshalls	2.620
marshals	3.240
marshawn	2.610
marshes	3.150
marshfield	2.460
marshmallow	3.150
marshmallows	3.030
marshy	2.650
marston	2.860
marsupial	2.410
mart	3.690
marta	3.290
marte	2.430
martel	2.610
martell	2.710
marten	2.660
martens	2.790
martha	3.980
martha's	2.980
marti	2.730
martial	4.060
martial art	4.030
martian	3.390
martians	2.640
martin	4.740
martin's	3.380
martina	3.080
martindale	2.540
martine	2.800
martinez	3.690
martini	3.270
martinique	2.780
martinis	2.600
martino	2.850
martins	3.130
martinsville	2.490
marty	3.640
martyn	3.030
martyr	3.460
martyrdom	3.160
martyred	2.920
martyrs	3.400
martín	2.590
martínez	2.800
maru	2.880
maruti	2.470
marv	2.870
marvel	4.160
marvel's	3.140
marveled	2.560
marvellous	3.400
marvelous	3.530
marvels	2.870
marvin	3.660
marwan	2.710
marx	3.680
marx's	2.590
marxism	3.350
marxist	3.600
marxists	2.940
mary	4.780
mary's	3.580
maryam	2.780
maryland	4.270
maryland's	2.710
marylebone	2.690
marys	2.890
marysville	2.680
maryville	2.420
marzipan	2.460
maría	3.050
mas	3.530
masa	2.670
masahiro	2.410
masai	2.650
masaki	2.420
masala	2.890
mascara	3.330
mascot	3.620
mascots	2.950
masculine	3.710
masculinity	3.370
maserati	2.980
mash	3.550
masha	2.770
mashable	2.590
mashed	3.390
mashing	2.500
mashup	2.830
masjid	2.900
mask	4.310
masked	3.650
masking	3.130
masks	3.880
maslow	2.470
masochism	2.420
masochist	2.440
masochistic	2.520
mason	4.140
mason's	2.790
masonic	3.140
masonry	3.350
masons	3.030
masood	2.570
masque	2.620
masquerade	3.050
masquerading	2.870
mass	4.870
massa	3.120
massachusetts	4.310
massacre	3.910
massacred	3.120
massacres	3.120
massage	4.010
massaged	2.600
massager	2.450
massages	3.080
massaging	2.800
masse	3.150
massed	2.830
masses	3.940
masseur	2.350
masseuse	2.620
massey	3.180
massie	2.580
massif	2.600
massimo	2.900
massing	2.650
massive	4.720
massively	3.510
masson	2.620
mast	3.520
mastectomy	2.700
master	4.930
master's	3.790
mastercard	3.130
masterchef	3.010
masterclass	2.920
mastered	3.570
masterful	3.060
masterfully	2.570
mastering	3.430
masterly	2.460
mastermind	3.360
masterminded	2.540
masterminds	2.540
masterpiece	3.810
masterpieces	3.240
masterplan	2.490
masters	4.350
masterson	2.710
masterwork	2.460
mastery	3.570
masthead	2.460
mastiff	2.580
mastodon	2.550
masts	2.890
masturbate	3.180
masturbated	2.440
masturbates	2.510
masturbating	3.300
masturbation	3.460
mat	3.840
mata	3.470
matador	2.770
match	5.130
matcha	2.670
matchbox	2.670
matchday	2.910
matched	4.010
matches	4.590
matching	4.100
matchless	2.450
matchmaker	2.790
matchmaking	3.330
matchup	3.400
matchups	2.920
mate	4.550
mate's	2.510
mated	2.920
mateo	3.230
mater	3.470
materia	2.660
material	4.950
materialisation	1.340
materialise	2.490
materialised	2.450
materialism	3.050
materialist	2.610
materialistic	2.990
materiality	2.460
materialization	1.890
materialize	2.990
materialized	2.900
materially	3.360
materials	4.780
materiel	2.800
maternal	3.770
maternalistic	0.000
maternity	3.660
mates	3.990
matey	2.500
math	4.450
mathematica	2.500
mathematical	4.040
mathematically	3.180
mathematician	3.240
mathematicians	3.130
mathematics	4.150
mather	3.000
mathers	2.680
matheson	2.980
mathew	3.130
mathews	3.250
mathias	3.080
mathieu	3.140
mathilde	2.670
mathis	2.880
maths	3.750
mathur	2.420
matias	2.560
matic	3.060
matilda	3.260
matinee	2.820
mating	3.500
matisse	2.880
matlab	2.790
matlock	2.550
mato	2.500
matriarch	2.710
matric	2.430
matrices	3.180
matriculation	2.650
matrimonial	2.900
matrimony	2.920
matrix	4.070
matron	3.010
mats	3.570
matson	2.510
matsui	2.400
matsumoto	2.610
matt	4.550
matt's	2.990
matte	3.520
matted	2.750
mattel	2.870
matteo	3.150
matter	5.380
mattered	3.530
matterhorn	2.450
matters	4.720
matthew	4.370
matthew's	2.820
matthews	3.770
matthias	3.030
matti	2.620
mattie	2.790
matting	2.460
mattingly	2.600
mattis	2.750
mattress	3.670
mattresses	3.110
matty	3.210
maturation	2.990
mature	4.280
matured	3.370
matures	2.920
maturing	3.120
maturity	3.870
mau	3.070
maud	3.040
maude	3.050
maui	3.350
maul	2.900
maulana	2.620
mauled	2.830
mauna	2.520
maura	2.890
maureen	3.470
maurer	2.590
maurice	3.760
mauricio	2.970
mauritania	2.870
mauritius	3.210
maurizio	2.570
mauro	2.760
maury	2.990
maus	2.450
mauser	2.470
mausoleum	2.940
mauve	2.710
mav	2.550
maven	2.880
maverick	3.330
mavericks	3.220
mavis	2.870
mavs	2.880
maw	2.960
mawr	2.570
mawson	2.510
max	4.660
max's	2.890
maxed	2.770
maxi	3.260
maxie	2.490
maxilla	2.450
maxillary	2.560
maxim	3.390
maxima	2.970
maximal	3.060
maximally	2.400
maxime	2.660
maximilian	2.860
maximise	3.100
maximising	2.570
maximization	2.420
maximize	3.630
maximized	2.630
maximizes	2.610
maximizing	3.130
maximum	4.600
maximus	3.030
maxine	3.250
maxwell	3.770
maxwell's	2.530
maxx	2.820
may	5.980
may's	3.070
maya	3.870
mayall	2.430
mayan	3.110
mayans	2.510
maybach	2.420
maybe	5.450
maybelline	2.700
mayberry	2.420
mayday	2.910
mayer	3.590
mayes	2.620
mayfair	3.010
mayfield	3.080
mayflower	2.830
mayhem	3.450
mayhew	2.790
maynard	3.280
mayne	2.900
mayo	3.720
mayonnaise	3.240
mayor	4.620
mayor's	3.340
mayoral	3.280
mayors	3.410
mays	3.030
mayweather	3.250
maz	2.510
mazda	3.340
maze	3.650
mazes	2.690
mb	3.780
mba	3.550
mbappe	2.440
mbbs	2.460
mbc	2.960
mbe	2.930
mbeki	2.660
mbps	2.880
mbs	2.780
mbt	2.400
mbta	2.470
mc	4.000
mc's	2.420
mca	3.070
mcadams	2.540
mcadoo	2.530
mcafee	2.910
mcalister	2.420
mcallen	2.640
mcallister	3.010
mcalpine	2.510
mcarthur	2.750
mcat	2.460
mcauley	2.400
mcauliffe	2.620
mcavoy	2.690
mcbride	3.300
mcc	3.060
mccabe	3.130
mccaffrey	2.720
mccain	3.770
mccain's	2.770
mccall	3.240
mccallum	2.810
mccann	3.290
mccarron	2.520
mccarthy	3.740
mccarthy's	2.610
mccarthyism	2.480
mccartney	3.520
mccartney's	2.440
mccarty	2.610
mccaskill	2.710
mccauley	2.610
mccaw	2.430
mcclain	2.750
mcclaren	2.410
mcclatchy	2.400
mcclellan	2.970
mcclelland	2.710
mcclintock	2.650
mccloskey	2.490
mccloud	2.520
mcclure	2.960
mccluskey	2.560
mccollum	2.660
mccomb	2.420
mcconaughey	2.660
mcconnell	3.540
mccool	2.400
mccord	2.750
mccormack	3.020
mccormick	3.200
mccourt	2.480
mccown	2.550
mccoy	3.570
mccracken	2.600
mccrae	2.470
mccree	2.470
mccrory	2.490
mcculloch	2.970
mccullough	2.940
mccullum	2.400
mccurdy	2.480
mccutcheon	2.490
mcd	2.810
mcdaniel	2.930
mcdavid	2.710
mcdermott	3.160
mcdonagh	2.510
mcdonald	3.770
mcdonald's	3.900
mcdonalds	3.390
mcdonnell	3.240
mcdonough	2.910
mcdougal	2.420
mcdougall	2.770
mcdowell	3.240
mcelroy	2.640
mcenroe	2.570
mcevoy	2.490
mcewan	2.580
mcewen	2.710
mcf	2.540
mcfadden	2.950
mcfarland	2.880
mcfarlane	2.880
mcfly	2.760
mcg	2.960
mcgarry	2.470
mcgee	3.370
mcghee	2.590
mcgill	3.260
mcginn	2.480
mcginnis	2.510
mcginty	2.470
mcgovern	3.040
mcgowan	3.010
mcgrath	3.260
mcgraw	3.370
mcgregor	3.540
mcguinness	2.780
mcguire	3.310
mch	2.500
mchale	2.680
mchenry	2.800
mchugh	2.870
mci	2.720
mcilroy	2.740
mcinnes	2.450
mcintosh	3.120
mcintyre	3.100
mckay	3.500
mckean	2.420
mckee	2.990
mckellar	2.510
mckellen	2.450
mckenna	3.290
mckenzie	3.420
mckeon	2.440
mckeown	2.470
mckinley	3.180
mckinney	3.120
mckinnon	2.990
mckinsey	2.760
mcknight	2.900
mcl	2.760
mclachlan	2.680
mclaren	3.490
mclaughlin	3.350
mclean	3.480
mclellan	2.490
mclennan	2.650
mcleod	3.150
mcloughlin	2.590
mcm	2.770
mcmahon	3.340
mcmanus	2.990
mcmaster	3.070
mcmillan	3.160
mcmullen	2.560
mcmurdo	2.570
mcmurray	2.660
mcnabb	2.590
mcnair	2.840
mcnally	2.950
mcnamara	3.220
mcnaughton	2.400
mcneil	2.950
mcneill	2.810
mcnulty	2.780
mcp	2.580
mcphee	2.790
mcpherson	3.100
mcqueen	3.290
mcr	2.470
mcrae	2.700
mcs	2.950
mcshane	2.420
mct	2.440
mcu	2.980
mcveigh	2.590
mcvey	2.450
mcwilliams	2.470
md	4.200
mda	2.770
mdc	2.740
mdm	2.510
mdma	2.840
mdr	2.670
mds	2.820
mdt	2.410
me	6.480
mea	3.050
mead	3.430
meade	3.180
meadow	3.600
meadows	3.600
meager	3.050
meagher	2.490
meagre	2.860
meal	4.480
meals	4.190
mealy	2.400
mean	5.530
meander	2.690
meandering	2.900
meanders	2.450
meaner	2.660
meanest	2.870
meanie	2.470
meaning	4.870
meaningful	4.140
meaningfully	2.870
meaningless	3.700
meaninglessly	1.510
meanings	3.660
meanness	2.470
means	5.440
meant	4.940
meantime	4.040
meanwhile	4.480
mears	2.700
measles	3.330
measly	2.790
measurable	3.320
measurably	2.410
measure	4.650
measured	4.250
measurement	4.050
measurements	4.050
measures	4.670
measuring	4.070
meat	4.630
meatball	2.870
meatballs	3.200
meath	2.570
meatless	2.400
meatloaf	2.840
meats	3.480
meaty	3.010
mec	2.680
mecca	3.380
mech	3.100
mecha	2.890
mechanic	3.790
mechanical	4.330
mechanically	3.350
mechanics	4.130
mechanise	1.070
mechanised	2.400
mechanism	4.270
mechanisms	4.030
mechanistic	2.600
mechanization	2.410
mechanize	1.590
mechanized	2.920
mecklenburg	2.650
med	3.880
medal	4.390
medalist	3.220
medalists	2.540
medallion	3.100
medallions	2.650
medallist	3.080
medallists	2.510
medals	3.980
medan	2.430
meddle	2.850
meddling	3.300
medea	2.760
medellin	2.700
medellín	2.400
medford	2.870
medi	2.850
media	5.300
media's	3.240
mediaeval	2.780
medial	3.210
median	4.050
medias	2.640
mediate	3.130
mediated	3.510
mediates	2.580
mediating	2.820
mediation	3.510
mediator	3.290
mediators	2.950
medic	3.420
medica	2.610
medicaid	3.740
medical	5.160
medically	3.440
medicare	3.940
medicate	2.480
medicated	2.930
medication	4.150
medications	3.760
medici	3.000
medicinal	3.530
medicine	4.730
medicines	3.770
medico	2.490
medics	3.140
medieval	4.050
medina	3.320
mediocre	3.520
mediocrity	3.120
meditate	3.260
meditated	2.550
meditating	3.030
meditation	3.950
meditations	2.990
meditative	2.860
mediterranean	3.990
medium	4.610
mediums	3.120
medley	3.280
meds	3.590
medtronic	2.400
medulla	2.490
medusa	3.100
medvedev	2.810
medway	2.660
mee	3.020
meehan	2.740
meek	3.320
meeker	2.610
meekly	2.530
meeks	2.830
meena	2.640
meer	2.630
meera	2.770
meerkat	2.490
meerut	2.450
meet	5.270
meeting	5.150
meetings	4.480
meets	4.360
meetup	3.170
meetups	2.660
meg	3.550
mega	4.020
megabytes	2.450
megadeth	2.580
megan	3.790
megan's	2.480
megaphone	2.780
megapixel	2.790
megatron	2.770
megawatt	2.680
megawatts	2.780
meghan	3.240
megumi	2.530
megyn	2.440
meh	3.400
mehdi	2.860
mehmet	2.770
mehr	2.580
mehta	2.970
mei	3.390
meier	2.910
meijer	2.600
meiji	2.700
mein	3.290
meiosis	2.560
meir	2.710
meister	2.650
mejia	2.480
mek	2.760
mekong	2.830
mel	3.800
mel's	2.420
mela	2.560
melamine	2.400
melancholic	2.750
melancholy	3.390
melania	2.830
melanie	3.530
melanin	2.830
melanogaster	2.410
melanoma	3.180
melatonin	2.960
melba	2.460
melbourne	4.360
melbourne's	2.900
meld	2.720
melding	2.470
meldrum	2.420
melee	3.220
melina	2.540
melinda	3.250
melissa	3.840
mellitus	2.790
mello	2.620
mellon	3.210
mellor	2.710
mellow	3.320
mellowed	2.470
melo	3.220
melodic	3.240
melodies	3.470
melodious	2.580
melodiously	1.400
melodrama	3.050
melodramatic	2.940
melody	3.810
melon	3.320
melons	2.910
melrose	3.090
melt	3.960
meltdown	3.550
meltdowns	2.590
melted	3.780
melting	3.800
melton	2.910
melts	3.410
meltzer	2.620
melville	3.220
melvin	3.340
mem	2.910
member	5.180
member's	3.080
members	5.350
membership	4.470
memberships	3.250
membrane	3.820
membranes	3.310
meme	3.910
memento	2.930
mementos	2.600
memes	3.750
memo	3.810
memoir	3.770
memoirs	3.580
memorabilia	3.310
memorable	3.970
memorably	2.410
memoranda	2.470
memorandum	3.470
memorial	4.410
memorials	3.240
memoriam	2.730
memories	4.500
memorise	2.440
memorization	2.590
memorize	3.220
memorized	3.080
memorizing	2.810
memory	4.810
memos	2.980
memphis	3.890
mems	2.590
men	5.510
men's	4.460
mena	2.980
menace	3.540
menacing	3.180
menacingly	2.410
menagerie	2.850
menard	2.470
mend	3.330
mended	2.720
mendel	2.770
mendelson	2.420
mendelssohn	2.720
mendenhall	2.420
mendes	3.220
mendez	2.900
mending	2.920
mendocino	2.620
mendoza	3.240
menendez	2.630
meng	3.140
menial	2.840
meningitis	3.200
meniscus	2.770
menlo	2.800
mennonite	2.800
mennonites	2.450
menon	2.690
menopausal	2.630
menopause	3.160
menorah	2.400
mens	3.450
mensa	2.660
mensah	2.410
mensch	2.560
menstrual	3.220
menstruation	2.900
menswear	2.980
ment	3.140
mental	4.830
mentalist	2.430
mentality	3.760
mentally	4.200
menthol	2.770
mention	4.730
mentioned	4.830
mentioning	3.750
mentions	4.090
mentor	3.930
mentored	2.860
mentoring	3.330
mentors	3.290
mentorship	2.840
menu	4.260
menus	3.440
menzel	2.560
menzies	2.990
meo	2.420
meow	3.290
meowing	2.540
mep	3.080
meps	3.140
mer	3.290
mera	2.710
merc	2.810
mercado	2.600
mercantile	3.210
merced	2.860
mercedes	3.980
mercenaries	3.280
mercenary	3.260
mercer	3.470
merch	3.220
merchandise	3.930
merchandising	3.150
merchant	4.080
merchant's	2.470
merchants	3.850
merci	2.780
mercia	2.670
mercier	2.690
mercies	2.670
merciful	3.270
mercifully	2.650
merciless	3.040
mercilessly	2.920
merck	3.030
mercurial	2.820
mercury	4.020
mercy	4.250
mere	4.130
meredith	3.670
merely	4.370
merge	3.750
merged	3.670
merger	3.970
mergers	3.430
merges	2.910
merging	3.450
meri	2.680
merida	2.590
meriden	2.410
meridian	3.380
meridians	2.420
meringue	2.790
merino	2.870
merit	4.080
merited	2.730
meritocracy	2.550
meritorious	2.980
merits	3.670
merkel	3.400
merkel's	2.560
merle	3.040
merlin	3.420
merlot	2.750
mermaid	3.470
mermaids	2.870
merman	2.410
merrell	2.440
merriam	2.840
merrick	3.110
merrier	2.640
merrill	3.510
merrily	2.840
merrimack	2.500
merriman	2.550
merriment	2.510
merritt	3.140
merry	3.830
mers	2.630
mersey	2.650
merseyside	3.100
mertens	2.510
merthyr	2.590
merton	3.020
merv	2.570
mervyn	2.670
meryl	3.160
mes	3.000
mesa	3.500
mesenchymal	2.490
mesh	3.750
meshed	2.440
meshes	2.690
mesmeric	2.130
mesmerising	2.640
mesmerized	2.760
mesmerizing	2.960
meso	2.430
mesopotamia	2.940
mesopotamian	2.490
mesothelioma	2.740
mesozoic	2.680
mesquite	2.730
mess	4.570
message	5.000
message board	4.800
messaged	2.940
messages	4.540
messaging	3.800
messed	4.010
messenger	3.950
messengers	3.140
messer	2.620
messes	3.230
messi	3.770
messi's	2.710
messiah	3.550
messianic	2.900
messier	2.800
messin	2.560
messina	2.830
messing	3.820
messrs	2.880
messy	3.870
mesut	2.850
met	5.090
meta	3.740
metabolic	3.620
metabolism	3.780
metabolite	2.810
metabolites	3.080
metabolize	2.460
metabolized	2.610
metacritic	2.560
metadata	3.360
metal	4.820
metalcore	2.570
metalled	1.540
metallic	3.820
metallica	3.220
metallurgical	2.850
metallurgy	2.940
metals	3.950
metalwork	2.450
metalworking	2.540
metamorphic	2.670
metamorphoses	2.420
metamorphosis	3.030
metaphor	3.730
metaphorical	3.100
metaphorically	2.960
metaphors	3.230
metaphysical	3.220
metaphysics	3.080
metastases	2.570
metastasis	2.870
metastatic	3.000
metatarsal	2.490
metcalf	2.890
metcalfe	2.730
mete	2.410
meted	2.560
meteor	3.550
meteoric	2.700
meteorite	3.200
meteorites	3.000
meteorological	3.390
meteorologist	2.920
meteorologists	2.620
meteorology	3.220
meteors	2.910
meter	4.090
metered	2.630
metering	2.900
meters	4.210
metformin	2.550
meth	3.620
methadone	2.980
methamphetamine	2.970
methane	3.540
methanol	2.980
methinks	2.840
methionine	2.530
method	4.800
methodical	3.020
methodically	2.770
methodism	2.500
methodist	3.650
methodists	2.750
methodological	3.030
methodologically	2.030
methodologies	3.130
methodology	3.820
methods	4.680
methotrexate	2.480
methuen	2.670
methyl	3.220
methylated	2.400
methylation	2.910
meticulous	3.240
meticulously	3.080
metlife	2.810
metoo	2.750
metre	3.760
metres	4.170
metric	3.880
metrical	2.430
metrics	3.510
metro	4.180
metro's	2.430
metroid	2.680
metrology	2.500
metronome	2.620
metropolis	3.570
metropolitan	4.180
metros	2.530
mets	3.680
mettle	2.720
metz	2.860
metzger	2.620
meu	2.570
meuse	2.410
mev	2.650
mew	3.000
mews	2.670
mewtwo	2.610
mex	2.970
mexican	4.410
mexicana	2.410
mexicans	3.540
mexico	4.750
mexico's	3.260
meyer	3.690
meyer's	2.440
meyers	3.280
mezzanine	2.810
mezzo	2.600
mf	3.620
mfa	3.130
mfc	2.610
mfg	2.630
mfs	2.640
mfw	2.630
mg	4.120
mga	2.850
mgm	3.270
mgmt	2.810
mgr	2.800
mgs	2.560
mh	3.280
mh00	2.590
mh000	2.620
mha	2.620
mhc	2.690
mhm	2.490
mhs	2.460
mhz	3.430
mi	4.300
mi5	2.890
mi6	2.980
mia	3.870
mia's	2.410
miami	4.470
miami's	2.790
mian	2.480
miao	2.540
miata	2.410
mib	2.740
mic	3.810
mica	2.990
micah	3.130
mice	4.090
mich	3.330
michael	5.080
michael's	3.470
michaela	2.900
michaels	3.410
michal	2.750
michaud	2.470
micheal	2.820
michel	3.720
michelangelo	3.160
michele	3.480
michelin	3.240
michelle	4.160
michelle's	2.650
michigan	4.540
michigan's	3.020
michonne	2.630
mick	3.830
mickelson	2.610
mickey	3.860
mickey's	2.630
mickie	2.460
micky	2.910
micro	4.080
microbe	2.630
microbes	3.180
microbial	3.330
microbiological	2.450
microbiologist	2.400
microbiology	3.250
microbiome	2.650
microbiota	2.530
microchip	2.870
microcomputer	2.300
microcontroller	2.440
microcosm	2.800
microelectronics	2.480
microfiber	2.440
microfilm	2.710
microfinance	2.580
micrograms	2.610
microgravity	2.480
micrometer	2.320
micrometers	2.430
micrometre	1.350
micron	2.850
micronesia	2.610
microns	2.730
microorganism	2.320
microorganisms	3.130
microphone	3.720
microphones	3.150
microprocessor	2.920
microprocessors	2.540
microscope	3.500
microscopes	2.690
microscopic	3.370
microscopy	3.260
microsd	2.540
microsoft	4.360
microsoft's	3.330
microstructure	2.490
microsystems	2.480
microtubules	2.410
microwave	3.800
microwaves	2.820
mics	2.860
mid	4.820
midair	2.700
midas	2.970
midcentury	2.420
midday	3.370
middle	5.180
middle-aged	4.420
middlebury	2.590
middleman	2.860
middlemen	2.750
middlesbrough	3.340
middlesex	3.360
middleton	3.520
middletown	3.020
middleware	2.580
middleweight	3.030
middling	2.820
mideast	2.690
midfield	3.620
midfielder	3.860
midfielders	3.200
midge	2.760
midget	3.270
midgets	2.650
midi	3.380
midland	3.420
midlands	3.690
midler	2.550
midlife	2.810
midline	2.630
midlothian	2.680
midnight	4.310
midori	2.580
midpoint	2.850
midrange	2.620
mids	2.530
midseason	2.690
midsection	2.520
midshipman	2.580
midshipmen	2.550
midsize	2.550
midst	3.890
midstream	2.470
midsummer	3.110
midterm	3.310
midterms	3.180
midtown	3.310
midway	3.690
midweek	2.920
midwest	3.800
midwestern	3.120
midwife	3.270
midwifery	2.930
midwinter	2.530
midwives	3.090
mie	2.610
mien	2.310
miffed	2.580
mifflin	3.010
mig	3.110
might	5.660
might've	3.280
mightier	2.520
mightiest	2.600
mightily	2.770
mighty	4.100
mignolet	2.510
mignon	2.660
migos	2.430
migraine	3.330
migraines	3.080
migrant	3.750
migrants	3.900
migrate	3.430
migrated	3.310
migrates	2.410
migrating	3.250
migration	4.140
migrations	3.030
migratory	3.210
migs	2.420
miguel	3.770
miho	2.580
mii	2.600
mika	3.150
mikado	2.490
mikael	2.880
mikasa	2.450
mike	4.800
mike's	3.110
mikel	2.870
mikes	2.610
mikey	3.350
mikhail	3.380
miki	2.800
miko	2.530
miku	2.690
mil	3.740
mila	3.030
milan	4.050
milan's	2.530
milanese	2.540
milano	3.170
milburn	2.540
mild	4.110
milder	3.040
mildew	2.860
mildly	3.430
mildred	3.200
mile	4.590
mileage	3.640
miler	2.540
miles	5.000
milestone	3.710
milestones	3.340
miley	3.560
milf	3.390
milford	3.340
milfs	2.780
mili	2.430
miliband	3.230
milieu	2.930
militancy	2.720
militant	3.620
militants	3.560
militaries	2.700
militarily	3.000
militarism	2.780
militaristic	2.620
militarization	2.570
militarized	2.680
military	5.200
military's	2.890
militia	3.880
militiamen	2.700
militias	3.200
milk	4.660
milked	2.760
milking	3.190
milkman	2.530
milks	2.550
milkshake	3.030
milkshakes	2.690
milkweed	2.450
milky	3.500
mill	4.380
milla	2.420
millar	2.990
millard	2.830
mille	2.800
milled	2.890
millen	2.490
millenials	2.450
millenium	2.600
millennia	3.190
millennial	3.330
millennials	3.510
millennium	3.700
miller	4.500
miller's	3.310
millers	3.060
millet	2.980
milli	2.700
millicent	2.660
millie	3.200
milligan	2.910
milligram	2.450
milligrams	3.110
milliken	2.640
millimeter	3.130
millimeters	3.040
millimetre	2.600
millimetres	2.780
milling	3.340
million	5.330
millionaire	3.730
millionaires	3.350
millions	4.640
millionth	2.820
millisecond	2.590
milliseconds	2.880
mills	4.220
millstone	2.630
millwall	2.960
milly	3.050
milne	3.200
milner	3.190
milo	3.560
milos	2.800
milosevic	2.440
mils	2.480
milt	2.660
milton	3.840
milwaukee	4.010
mim	2.780
mime	3.060
mimi	3.310
mimic	3.490
mimicked	2.620
mimicking	3.070
mimicry	2.630
mimics	3.110
mimo	2.440
mimosa	2.690
mimosas	2.410
min	4.420
mina	3.350
minaj	3.130
minami	2.410
minas	2.840
minato	2.530
mince	3.020
minced	3.000
mind	5.410
mind's	2.880
mindanao	2.960
mindblowing	2.410
minded	4.150
mindedness	2.860
minder	2.430
mindful	3.490
mindfulness	3.410
minding	3.120
mindless	3.220
mindlessly	2.490
minds	4.450
mindset	3.860
mindsets	2.650
mindy	3.100
mine	5.040
mine's	2.970
minecraft	3.760
mined	3.410
minefield	2.920
miner	3.580
miner's	2.520
mineral	4.030
mineral water	4.020
mineralization	2.490
mineralogy	2.750
minerals	3.930
miners	3.930
minerva	2.990
mines	4.180
ming	3.540
mingle	3.210
mingled	2.870
mingling	2.860
mingo	2.480
minh	3.130
mini	4.440
miniature	3.720
miniatures	3.020
minibar	2.400
minibus	2.750
minigames	2.510
minima	2.550
minimal	4.110
minimalism	2.900
minimalist	3.280
minimalistic	2.540
minimally	3.070
minimise	3.170
minimised	2.450
minimising	2.620
minimization	2.570
minimize	3.800
minimized	3.050
minimizes	2.880
minimizing	3.270
minimum	4.690
minimums	2.670
mining	4.560
minion	3.050
minions	3.290
minis	2.830
miniscule	2.610
miniseries	3.090
minister	5.040
minister's	3.360
ministered	2.450
ministerial	3.550
ministering	2.610
ministers	4.340
ministries	3.600
ministry	4.630
ministry's	2.650
minivan	3.060
minivans	2.410
mink	3.150
minn	3.040
minna	2.580
minneapolis	3.870
minnelli	2.400
minnesota	4.310
minnesota's	2.740
minnie	3.340
minnow	2.620
minnows	2.600
mino	2.600
minoan	2.450
minogue	2.920
minor	4.620
minorities	3.970
minority	4.410
minors	3.690
minot	2.580
minotaur	2.760
mins	3.900
minsk	3.110
minster	2.950
minstrel	2.790
minstrels	2.450
mint	3.920
minted	2.990
minto	2.470
minton	2.530
mints	3.020
minty	2.690
mintz	2.400
minus	4.000
minuscule	2.990
minute	4.980
minute's	2.410
minuteman	2.490
minutemen	2.530
minutes	5.310
minutiae	2.650
minx	2.490
mio	3.030
miocene	2.890
mip	2.430
mips	2.490
mir	3.380
mira	3.270
miracle	4.130
miracles	3.760
miraculous	3.430
miraculously	3.190
mirage	3.290
mirai	2.540
miramar	2.610
miranda	3.840
miranda's	2.430
mire	2.740
mired	2.810
miri	2.610
miriam	3.470
mirna	2.500
miro	2.610
miroslav	2.560
mirren	2.890
mirror	4.470
mirrored	3.320
mirroring	3.010
mirrorless	2.530
mirrors	3.810
mirth	2.620
mirza	2.890
mis	3.590
misa	2.510
misadventures	2.560
misaki	2.400
misaligned	2.410
misalignment	2.420
misappropriation	2.600
misbah	2.480
misbehave	2.510
misbehaving	2.690
misbehavior	2.530
misc	2.940
miscalculated	2.500
miscalculation	2.610
miscarriage	3.320
miscarriages	2.800
miscarried	2.530
miscellaneous	3.420
miscellany	2.550
mischa	2.510
mischief	3.360
mischievous	3.150
miscommunication	2.700
misconception	3.220
misconceptions	3.160
misconduct	3.660
misconstrued	2.560
miscreants	2.400
misdeeds	2.800
misdemanour	0.000
misdemeanor	3.380
misdemeanors	2.750
misdiagnosed	2.550
misdirected	2.590
misdirection	2.610
mise	2.540
miser	2.560
miserable	4.070
miserables	2.440
miserably	3.170
miseries	2.500
misery	3.890
mises	2.560
misfire	2.470
misfit	2.760
misfits	3.040
misfortune	3.380
misfortunes	2.780
misgivings	2.900
misguided	3.420
mish	2.550
misha	2.920
mishandled	2.510
mishandling	2.600
mishap	3.000
mishaps	2.860
misheard	2.420
mishnah	2.470
mishra	2.800
misinformation	3.270
misinformed	2.910
misinterpret	2.600
misinterpretation	2.680
misinterpreted	3.030
misjudged	2.770
mislead	3.220
misleading	3.900
misled	3.280
mismanaged	2.580
mismanagement	3.090
mismatch	3.100
mismatched	2.780
mismatches	2.440
misnomer	2.730
miso	2.770
misogynist	2.900
misogynistic	2.980
misogyny	3.200
misplace	2.280
misplaced	3.390
misquoted	2.430
misread	2.960
misreading	2.560
misrepresent	2.650
misrepresentation	2.980
misrepresentations	2.490
misrepresented	2.960
misrepresenting	2.650
miss	5.220
missa	2.570
missal	2.400
missed	4.830
misses	3.850
misshapen	2.510
missile	4.140
missiles	3.950
missing	5.050
mission	4.870
mission's	2.630
missionaries	3.620
missionary	3.830
missions	4.200
mississauga	2.890
mississippi	4.190
mississippian	2.510
missoula	2.810
missouri	4.260
missouri's	2.530
misspelled	2.990
misspelling	2.540
misstep	2.600
missteps	2.590
missus	2.780
missy	3.260
mist	3.670
mistake	4.670
mistaken	3.980
mistakenly	3.450
mistakes	4.450
mistaking	3.010
mister	3.560
mistletoe	2.810
mistook	3.070
mistral	2.580
mistreat	2.490
mistreated	3.050
mistreating	2.420
mistreatment	2.980
mistress	3.860
mistresses	2.930
mistrial	2.640
mistrust	3.060
mistrustful	2.050
mists	2.830
misty	3.390
misunderstand	3.150
misunderstanding	3.700
misunderstandings	3.110
misunderstood	3.610
misuse	3.540
misused	3.050
misusing	2.690
mit	3.740
mit's	2.460
mita	2.410
mitch	3.910
mitcham	2.500
mitchel	2.570
mitchell	4.240
mitchell's	2.910
mite	3.080
mites	3.060
mitigate	3.540
mitigated	2.980
mitigating	3.140
mitigation	3.460
mitochondria	3.090
mitochondrial	3.270
mitosis	2.620
mitotic	2.470
mitra	2.650
mitral	2.570
mitre	2.630
mitsubishi	3.340
mitsui	2.600
mitt	3.330
mittal	2.510
mitten	2.480
mittens	2.880
mitterrand	2.440
mitts	2.710
mitzi	2.410
mitzvah	2.870
miu	2.760
miura	2.530
mix	4.710
mixed	4.640
mixer	3.500
mixers	3.030
mixes	3.520
mixing	4.110
mixing bowl	4.000
mixtape	3.340
mixtapes	2.800
mixture	4.180
mixtures	3.090
miyagi	2.650
miyamoto	2.640
miyazaki	2.780
miyuki	2.460
miz	2.930
mizuno	2.540
mizzou	2.560
mj	3.410
mk	3.580
mk2	2.520
mkt	2.530
ml	3.840
mla	3.320
mlas	2.820
mlb	3.850
mlc	2.610
mlg	2.660
mlk	2.940
mlle	2.400
mlm	3.100
mln	2.560
mlp	2.740
mls	3.790
mm	4.650
mma	3.590
mmc	2.600
mme	2.960
mmf	2.410
mmhg	2.430
mmm	3.550
mmmm	3.050
mmmmm	2.650
mmo	2.810
mmol	2.520
mmorpg	2.730
mmp	2.560
mmr	2.810
mms	2.930
mn	3.730
mna	2.400
mnemonic	2.620
mnet	2.480
mnf	2.420
mo	4.380
mo's	2.420
moa	2.980
moab	2.780
moan	3.370
moana	2.760
moaned	2.800
moaning	3.430
moans	3.130
moat	3.120
mob	4.030
mobbed	2.680
mobil	2.990
mobile	4.850
mobile phone	4.720
mobile's	2.450
mobiles	3.060
mobilisation	2.730
mobilise	2.620
mobilised	2.680
mobility	4.050
mobilization	3.270
mobilize	3.180
mobilized	3.150
mobilizing	2.970
mobius	2.450
mobley	2.430
mobo	2.500
mobs	3.160
mobster	2.830
mobsters	2.730
moby	3.000
moc	2.610
moca	2.440
moccasins	2.510
mocha	2.980
mochi	2.420
mock	3.850
mocked	3.430
mockery	3.290
mocking	3.550
mockingbird	2.980
mockingjay	2.590
mockingly	2.580
mocks	3.040
mockup	2.560
mod	3.910
moda	2.660
modal	3.130
modal verb	3.030
modalities	2.900
modality	2.810
modded	2.670
modding	2.500
mode	4.630
model	5.130
model's	2.850
modeled	3.500
modeling	3.940
modelled	3.250
modelling	3.700
models	4.740
modem	3.400
modems	2.710
modena	2.560
moderate	4.270
moderated	3.140
moderately	3.560
moderates	3.130
moderating	2.890
moderation	3.470
moderator	3.410
moderators	3.010
modern	5.070
moderne	2.550
modernisation	2.970
modernise	2.520
modernised	2.610
modernism	3.130
modernist	3.210
modernity	3.250
modernization	3.360
modernize	3.030
modernized	2.970
modernizing	2.780
modes	3.960
modest	4.030
modestly	3.060
modesto	2.790
modesty	3.240
modi	3.800
modi's	2.970
modicum	2.710
modification	3.770
modifications	3.820
modified	4.240
modifier	2.890
modifiers	2.810
modifies	2.750
modify	3.790
modifying	3.390
modo	2.540
modric	2.660
mods	3.340
modular	3.510
modulate	2.740
modulated	2.960
modulating	2.610
modulation	3.290
modulator	2.730
modulators	2.440
module	3.890
modules	3.700
modulus	2.750
modus	2.930
moe	3.500
moe's	2.490
moen	2.450
moffat	3.090
moffett	2.640
mofo	2.620
mogadishu	2.920
mogg	2.510
mogul	3.070
moguls	2.600
moh	2.640
mohair	2.420
mohamad	2.600
mohamed	3.570
mohammad	3.620
mohammed	3.750
mohan	2.940
mohawk	3.140
mohd	2.470
mohr	2.700
moi	3.260
moiety	2.590
moines	3.390
moir	2.530
moira	3.130
moist	3.690
moisture	3.900
moisturiser	2.510
moisturize	2.510
moisturizer	2.990
moisturizing	2.740
mojave	3.000
mojito	2.530
mojo	3.320
mok	2.480
mol	3.160
mola	2.400
molar	2.990
molars	2.720
molasses	3.000
mold	3.770
molded	3.230
molding	3.190
moldings	2.430
moldova	3.170
moldovan	2.460
molds	3.120
moldy	2.690
mole	3.670
molecular	4.110
molecule	3.670
molecules	3.920
moles	3.070
molest	2.730
molestation	2.990
molested	3.150
molester	2.700
molesters	2.440
molesting	2.890
molina	3.040
molinari	2.460
moline	2.590
moll	2.690
moller	2.500
mollie	2.820
molloy	2.690
molluscs	2.500
mollusks	2.540
molly	3.870
molly's	2.590
moloch	2.420
moloney	2.460
molotov	3.020
molson	2.410
molten	3.330
moly	2.810
molybdenum	2.740
molyneux	2.530
mom	5.120
mom's	3.810
moma	2.860
mombasa	2.920
moment	5.240
moment's	2.890
momentarily	3.220
momentary	3.080
momento	2.440
momentous	3.110
moments	4.620
momentum	4.070
momma	3.410
momma's	2.480
mommie	2.020
mommies	2.540
mommy	3.890
mommy's	2.690
momo	3.010
moms	3.860
mon	3.860
mona	3.540
monaco	3.650
monaghan	2.790
monahan	2.690
monarch	3.690
monarchies	2.750
monarchist	2.420
monarchs	3.140
monarchy	3.670
monash	2.920
monasteries	3.130
monastery	3.650
monastic	3.100
moncton	2.740
mond	2.500
mondale	2.510
monday	4.800
monday's	3.230
mondays	3.380
monde	3.040
mondo	2.790
mondrian	2.410
mone	2.470
monet	3.070
monetary	4.100
monetization	2.730
monetize	2.810
money	5.640
money's	3.100
moneyed	2.410
moneys	2.680
mong	2.990
monger	2.610
mongering	2.950
mongers	2.490
mongo	2.520
mongol	2.970
mongolia	3.340
mongolian	3.090
mongols	3.040
mongoose	2.670
mongrel	2.650
moni	2.420
monica	3.960
monica's	2.640
monies	3.150
monika	2.920
moniker	3.060
monique	3.130
monitor	4.370
monitored	3.750
monitoring	4.340
monitors	3.820
monk	3.930
monk's	2.570
monkey	4.070
monkey's	2.580
monkeys	3.860
monks	3.720
monmouth	3.090
monmouthshire	2.540
mono	3.530
monochromatic	2.720
monochrome	3.040
monocle	2.470
monoclonal	2.850
monogamous	2.840
monogamy	2.750
monogatari	2.560
monogram	3.020
monogrammed	2.400
monograph	3.150
monographs	3.000
monolith	2.810
monolithic	3.000
monologue	3.270
monologues	2.860
monomer	2.700
monomers	2.520
monongahela	2.410
monopolies	3.100
monopolistic	2.500
monopolize	2.470
monopoly	3.840
monorail	2.690
monotheism	2.500
monotheistic	2.510
monotone	2.770
monotonous	2.950
monotonously	1.770
monotony	2.750
monoxide	3.270
monroe	3.890
monroe's	2.490
monrovia	2.800
mons	3.050
monsanto	3.180
monsieur	3.390
monsignor	2.930
monson	2.550
monsoon	3.330
monster	4.490
monster's	2.710
monsters	4.170
monstrosity	2.770
monstrous	3.410
mont	3.460
montage	3.330
montagu	2.710
montague	3.080
montaigne	2.560
montana	4.050
montana's	2.560
montauk	2.600
montclair	2.710
monte	3.690
montego	2.400
monteith	2.530
montenegro	3.150
monterey	3.330
montero	2.640
monterrey	2.880
montes	2.520
montessori	2.840
montevideo	2.830
montezuma	2.510
montfort	2.480
montgomerie	2.420
montgomery	3.920
montgomery's	2.410
month	5.250
month's	3.540
monthly	4.500
months	5.350
monti	2.500
monticello	2.810
montmartre	2.570
montoya	2.880
montpelier	2.610
montpellier	2.840
montreal	4.070
montreal's	2.610
montreux	2.590
montrose	2.990
montréal	2.710
montserrat	2.590
monty	3.550
monument	3.900
monumental	3.500
monuments	3.690
monza	2.670
moo	3.150
mooc	2.410
mooch	2.430
moocs	2.420
mood	4.440
moods	3.370
moody	3.700
moody's	2.810
moog	2.560
mook	2.580
mookie	2.610
moon	4.700
moon's	3.070
mooney	3.100
moonlight	3.610
moonlighting	2.500
moonlit	2.630
moons	3.380
moonscape	1.590
moonshine	2.930
moonstone	2.620
moor	3.350
moore	4.280
moore's	3.140
moored	2.890
moores	2.660
moorhead	2.600
mooring	2.840
moorings	2.640
moorish	2.760
moorland	2.680
moors	3.180
moos	2.420
moose	3.610
moot	3.230
mooted	2.540
mop	3.390
moped	2.780
mopped	2.460
mopping	2.750
mops	2.510
mor	3.170
mora	3.110
moraine	2.690
moral	4.460
morale	3.660
morales	3.330
moralistic	2.400
morality	3.860
morally	3.630
morals	3.650
moran	3.410
morata	2.570
moratorium	3.080
moravia	2.500
moravian	2.550
moray	3.020
morbid	3.260
morbidity	2.950
morbidly	2.580
mordecai	2.770
mordor	2.870
mordred	2.400
more	6.360
moreau	2.840
morecambe	2.740
morehead	2.490
morehouse	2.690
moreira	2.400
morel	2.620
moreland	2.700
morell	2.550
morelli	2.500
morello	2.600
moreno	3.350
moreover	4.160
mores	2.820
moresby	2.580
moreton	2.710
moretti	2.640
morey	2.620
morgan	4.420
morgan's	3.080
morgana	2.760
morgantown	2.730
morgen	2.400
morgenstern	2.450
morgue	3.080
mori	3.120
moria	2.620
moriarty	2.980
moribund	2.570
morin	2.650
morison	2.560
morissette	2.430
moritz	2.860
morley	3.180
mormon	3.670
mormonism	2.750
mormons	3.100
morn	3.050
mornin	3.070
morning	5.330
morning's	3.070
mornings	3.660
morningside	2.620
morningstar	2.630
mornington	2.590
moro	2.800
moroccan	3.470
moroccans	2.420
morocco	3.800
moron	3.750
moronic	2.790
morons	3.520
morose	2.440
morph	3.070
morphed	2.910
morpheus	2.690
morphine	3.370
morphing	2.690
morphological	3.150
morphologically	2.500
morphology	3.410
morphs	2.630
morrell	2.610
morrill	2.430
morris	4.150
morrison	3.870
morrison's	2.780
morrisons	2.550
morrissey	3.060
morristown	2.680
morro	2.460
morrow	3.420
morse	3.520
morsel	2.590
morsi	2.660
mort	3.070
mortal	3.860
mortality	3.900
mortally	2.750
mortals	3.190
mortar	3.750
mortars	3.140
morte	2.440
mortem	3.160
morten	2.660
mortensen	2.570
mortgage	4.390
mortgaged	2.640
mortgages	3.690
mortified	2.970
mortify	1.810
mortifying	2.450
mortimer	3.230
mortis	2.630
morton	3.640
morton's	2.450
mortuary	3.040
morty	3.120
mos	3.430
mosaic	3.580
mosaics	2.870
mosby	2.660
moscow	4.420
moscow's	2.650
mose	2.570
moseley	2.770
moser	2.780
moses	3.980
mosfet	2.490
mosh	2.660
moshe	2.970
moshi	2.500
moslem	2.560
mosley	2.990
mosque	3.890
mosques	3.400
mosquito	3.610
mosquitoes	3.430
mosquitos	2.760
moss	3.890
mossad	2.880
mosses	2.660
mossy	2.640
most	6.000
mostly	4.830
mosul	3.270
mot	3.100
mota	2.550
mote	2.630
motel	3.610
motels	2.900
moth	3.500
mother	5.240
mother's	4.370
mother-in-law	5.030
motherboard	3.160
motherboards	2.540
motherfucker	3.610
motherfuckers	3.250
motherfuckin	2.600
motherfucking	3.240
motherhood	3.370
mothering	2.620
motherland	3.050
motherly	2.720
mothers	4.320
mothership	2.690
motherwell	2.950
moths	3.210
moti	2.470
motif	3.400
motifs	3.260
motility	2.670
motion	4.590
motioned	2.450
motionless	2.970
motions	3.550
motivate	3.600
motivated	4.140
motivates	3.170
motivating	3.340
motivation	4.220
motivational	3.480
motivations	3.420
motivator	2.900
motivators	2.410
motive	3.940
motives	3.730
motley	3.090
moto	3.420
motocross	2.740
motogp	3.050
motor	4.530
motorbike	3.190
motorbikes	2.710
motorboat	2.500
motorcade	2.740
motorcycle	4.070
motorcycles	3.490
motorcycling	2.450
motorcyclist	2.740
motorcyclists	2.620
motorhome	2.410
motoring	3.000
motorised	2.530
motorist	3.070
motorists	3.290
motorized	3.120
motorola	3.370
motors	4.030
motorsport	3.170
motorsports	2.990
motorway	3.460
motorways	2.850
motown	2.980
mott	3.000
motta	2.540
motte	2.500
mottled	2.760
motto	3.720
mou	3.110
mould	3.450
moulded	3.000
moulding	2.860
mouldings	2.450
moulds	2.830
mouldy	2.430
moulin	2.720
moulton	2.760
mound	3.600
mounds	3.220
mount	4.470
mountain	4.730
mountain's	2.490
mountaineer	2.760
mountaineering	2.840
mountaineers	2.780
mountainous	3.380
mountains	4.500
mountainside	2.760
mountaintop	2.730
mountbatten	2.520
mounted	4.260
mounties	2.490
mounting	3.860
mounts	3.520
mourinho	3.680
mourinho's	2.680
mourn	3.430
mourned	2.880
mourners	2.880
mournful	2.730
mourning	3.690
mourns	2.770
mouse	4.310
moussa	2.860
mousse	2.960
moustache	3.240
moustaches	2.420
mouth	4.830
mouthed	3.090
mouthful	3.010
mouthing	2.790
mouthpiece	3.120
mouths	3.720
mouthwash	2.710
mouthwatering	2.400
mouton	2.530
mov	2.760
movable	3.150
move	5.350
moveable	2.750
moved	5.010
movement	4.970
movement's	2.790
movements	4.350
mover	3.210
movers	3.210
moves	4.590
movie	5.160
movie's	3.100
movies	4.790
movin	3.080
moving	5.020
mow	3.100
mowbray	2.710
mowed	2.770
mower	3.100
mowers	2.600
mowgli	2.470
mowing	3.090
moxie	2.550
moya	2.740
moyer	2.630
moyes	3.160
moynihan	2.700
moz	2.670
mozambique	3.290
mozart	3.420
mozart's	2.660
mozilla	3.030
mozzarella	3.100
mp	4.290
mp's	2.760
mp3	3.630
mp3 player	3.620
mp3s	2.440
mp4	3.080
mpa	2.970
mpaa	2.560
mpc	2.880
mpd	2.480
mpeg	2.820
mpg	3.060
mph	4.030
mpi	2.560
mpls	2.460
mpn	2.550
mpp	2.490
mps	4.160
mq	2.590
mr	5.690
mr.	5.690
mra	2.550
mrc	2.710
mri	3.560
mrna	3.200
mro	2.410
mrp	2.650
mrs	4.890
mrs.	4.890
mrsa	2.710
mrt	2.730
ms	4.670
ms.	4.670
msa	2.930
msc	3.230
msd	2.470
mse	2.420
msf	2.780
msg	3.160
msi	2.930
msl	2.470
msm	3.280
msn	2.970
msnbc	3.320
msp	3.090
msps	2.540
msr	2.420
msrp	2.880
mss	2.710
mst	2.770
msu	3.180
msw	2.480
mt	4.130
mta	2.920
mtb	2.810
mtc	2.510
mtdna	2.470
mtf	2.450
mtg	3.040
mtl	2.500
mtn	2.840
mtr	2.540
mts	2.900
mtv	3.870
mtv's	2.650
mu	3.690
mua	2.610
muammar	2.490
muay	2.850
mubarak	3.240
much	6.000
mucho	2.590
muck	3.120
mucking	2.580
mucosa	2.670
mucosal	2.520
mucous	2.760
mucus	3.150
mud	4.130
muda	2.570
mudd	2.580
muddle	2.790
muddled	2.870
muddy	3.600
mueller	3.610
mueller's	2.660
muff	2.700
muffin	3.350
muffins	3.240
muffled	3.040
muffler	2.700
mufti	2.860
mug	3.710
mugabe	3.040
mugged	2.940
mugger	2.470
mugging	2.780
muggle	2.540
muggles	2.510
muggy	2.530
mughal	2.860
mugs	3.240
mugshot	2.590
muh	2.730
muhammad	3.870
muhammad's	2.520
muhammadu	2.510
muhammed	2.800
mui	2.470
muir	3.310
muirhead	2.420
mujahideen	2.710
mujeres	2.440
mukesh	2.590
mukherjee	2.860
mukhtar	2.440
mulan	2.810
mulatto	2.570
mulberry	3.150
mulcahy	2.460
mulch	2.900
mulder	3.040
muldoon	2.470
mule	3.440
mules	3.110
mulholland	2.760
mull	2.940
mull over	2.940
mullah	2.730
mullahs	2.490
mulled	2.530
mullen	3.080
muller	3.290
mullet	2.970
mulligan	3.080
mullin	2.490
mulling	2.650
mullins	3.040
mulroney	2.400
multi	4.540
multibillion	2.450
multicast	2.570
multicellular	2.450
multichannel	2.600
multicolor	2.420
multicolored	2.610
multicultural	3.390
multiculturalism	3.090
multidimensional	2.790
multidisciplinary	3.060
multifaceted	2.800
multifamily	2.610
multifunctional	2.470
multilateral	3.100
multilayer	2.440
multilevel	2.540
multilingual	3.030
multimedia	3.560
multimillion	2.820
multimillionaire	2.400
multimodal	2.540
multinational	3.560
multinationals	2.750
multiplayer	3.640
multiple	4.920
multiples	3.140
multiplex	2.780
multiplexing	2.440
multiplication	3.260
multiplicative	2.530
multiplicity	2.800
multiplied	3.280
multiplier	3.200
multipliers	2.710
multiplies	2.550
multiply	3.500
multiplying	3.080
multipurpose	2.950
multiracial	2.630
multitask	2.500
multitasking	2.930
multitude	3.590
multitudes	2.700
multivariate	2.860
multiverse	2.850
multivitamin	2.460
multnomah	2.440
mum	4.410
mum's	3.190
mumbai	3.960
mumble	2.910
mumbled	2.730
mumbles	2.660
mumbling	2.870
mumbo	2.570
mumford	3.020
mummies	2.910
mummified	2.600
mummy	3.570
mummy's	2.500
mumps	2.810
mums	3.360
mun	3.010
munch	3.080
munchies	2.720
munching	2.880
munchkin	2.690
muncie	2.590
mundane	3.430
mundanity	1.570
mundi	2.590
mundo	3.050
mundy	2.650
munger	2.430
mungo	2.440
muni	2.720
munich	3.950
municipal	4.240
municipalities	3.640
municipality	3.710
munificence	1.750
munir	2.420
munition	2.440
munitions	3.340
munk	2.430
munn	2.650
munoz	2.630
munro	3.150
munroe	2.670
munson	2.720
munster	3.100
muppet	3.080
muppets	3.040
mur	2.550
murad	2.640
murakami	2.740
mural	3.490
murals	3.140
murano	2.580
murat	2.710
murata	2.460
murchison	2.630
murcia	2.410
murder	4.860
murdered	4.320
murderer	3.820
murderers	3.530
murdering	3.720
murderous	3.370
murders	4.050
murdoch	3.490
murdoch's	2.520
murdock	3.010
murfreesboro	2.500
muriel	3.070
murillo	2.590
murine	2.550
murkowski	2.470
murky	3.120
murmansk	2.410
murmur	2.920
murmured	2.540
murmuring	2.760
murmurs	2.830
murph	2.430
murphy	4.130
murphy's	3.070
murray	4.270
murray's	2.920
murrow	2.420
murs	2.500
murthy	2.590
mus	3.020
musa	3.070
musashi	2.630
muscat	2.950
muscle	4.440
muscle-bound	4.150
muscled	2.730
muscles	4.140
muscovite	2.410
muscular	3.670
musculature	2.540
musculoskeletal	2.750
muse	3.590
mused	2.670
museo	2.690
muses	3.040
museum	4.710
museum's	3.240
museums	3.890
museveni	2.430
musgrave	2.650
mush	2.990
musharraf	2.690
mushroom	3.630
mushrooms	3.710
mushy	2.940
music	5.520
music's	3.090
musica	2.780
musical	4.510
musicality	2.430
musically	3.270
musicals	3.230
musician	4.010
musician's	2.460
musicians	4.090
musicianship	2.570
musics	2.400
musik	2.600
musing	2.610
musings	2.920
musique	2.430
musk	3.490
musk's	2.520
muskegon	2.580
musket	2.900
musketeers	2.910
muskets	2.770
muskoka	2.400
muskrat	2.410
musky	2.430
muslim	4.670
muslims	4.440
muslin	2.640
muss	2.430
mussel	2.740
mussels	3.090
mussolini	3.160
must	5.680
must've	3.490
mustache	3.410
mustaches	2.520
mustafa	3.190
mustang	3.580
mustangs	3.010
mustapha	2.540
mustard	3.690
muster	3.420
mustered	3.170
mustering	2.400
mustn't	2.860
musty	2.830
musée	2.540
mut	2.750
mutability	1.930
mutable	2.410
mutant	3.640
mutants	3.420
mutate	2.630
mutated	3.100
mutating	2.410
mutation	3.640
mutations	3.650
mute	3.660
muted	3.420
mutes	2.450
mutilate	2.450
mutilated	3.160
mutilation	3.170
mutineers	2.420
muting	2.530
mutinous	2.250
mutinously	0.000
mutiny	3.270
mutt	2.930
mutter	2.770
muttered	2.830
muttering	2.950
mutters	2.530
mutton	3.010
mutts	2.420
mutual	4.260
mutually	3.680
muy	2.460
muzzle	3.310
muñoz	2.430
mv	3.500
mva	2.510
mvc	2.760
mvp	3.890
mvps	2.580
mvs	2.550
mw	3.580
mw2	2.540
mwah	2.540
mwc	2.450
mwh	2.430
mx	3.340
my	6.570
mya	2.810
myanmar	3.810
myanmar's	2.520
myc	2.510
mycelium	2.450
mycobacterium	2.490
myelin	2.510
myeloid	2.630
myeloma	2.750
myer	2.760
myers	3.730
myfitnesspal	2.450
mykola	2.420
mykonos	2.520
myles	3.230
myocardial	2.930
myopia	2.560
myopic	2.640
myra	3.010
myriad	3.490
myrna	2.420
myron	2.880
myrrh	2.560
myrtle	3.340
myself	5.310
mysore	2.930
myspace	3.310
mysql	2.830
mysteries	3.730
mysterio	2.530
mysterious	4.170
mysteriously	3.260
mystery	4.450
mystic	3.600
mystical	3.550
mysticism	3.070
mystics	2.810
mystified	2.610
mystify	1.920
mystique	3.000
myth	4.080
mythbusters	2.590
mythic	3.020
mythical	3.440
mythological	3.060
mythologies	2.490
mythology	3.640
mythos	2.760
myths	3.750
myung	2.820
mz	2.520
márquez	2.420
más	2.780
méxico	2.810
müller	3.050
münchen	2.430
māori	2.540
n	5.150
n't	3.580
n.a	2.470
n.b	2.590
n.c	3.370
n.d	2.930
n.h	2.800
n.j	3.420
n.m	2.650
n.s	2.480
n.v	2.480
n.w	2.450
n.y	3.550
n00	3.510
n000	3.040
n1	2.950
n2	2.980
n3	2.650
n4	2.440
na	4.420
naa	2.760
naacp	3.100
naan	2.580
nab	3.120
nabbed	2.790
nabi	2.640
nabil	2.660
nablus	2.430
nabokov	2.590
nac	2.800
nach	2.690
nacho	3.020
nachos	2.930
nacional	3.040
nacl	2.600
nad	2.910
nada	3.140
nadal	3.350
nader	2.900
nadezhda	2.480
nadia	3.300
nadine	3.260
nadir	2.860
nadu	3.220
nae	2.820
naf	2.430
nafta	3.140
nag	3.180
naga	2.970
nagaland	2.430
nagano	2.600
nagar	3.070
nagasaki	2.980
nagel	2.640
nagging	3.270
nagle	2.410
nagorno	2.450
nagoya	2.880
nagpur	2.800
nags	2.410
nagy	2.730
nah	4.400
nai	2.960
naia	2.590
naidu	2.560
naik	2.630
nail	4.210
nailed	3.770
nailing	3.020
nails	4.040
nair	2.920
naira	2.630
nairn	2.650
nairobi	3.540
naismith	2.770
naito	2.400
naive	3.750
naively	2.680
naivety	2.580
najaf	2.400
najib	2.760
nak	2.650
naka	2.640
nakamura	3.050
naked	4.430
nakedness	2.560
nal	2.540
nala	2.550
naloxone	2.520
nam	3.700
nama	2.580
namaste	2.740
namco	2.470
name	5.610
name's	2.980
named	4.950
nameless	3.150
namely	4.020
nameplate	2.520
names	4.910
namesake	3.100
namespace	2.530
nami	2.840
namibia	3.250
namibian	2.480
naming	3.880
nan	3.490
nana	3.540
nanaimo	2.520
nance	2.900
nancy	4.140
nancy's	2.650
nand	2.630
nanda	2.580
nandi	2.460
nando	2.430
nanette	2.460
nang	2.780
nani	2.930
nanjing	3.000
nanking	2.690
nanna	2.500
nannies	2.720
nanny	3.590
nano	3.470
nanomaterials	2.430
nanometers	2.480
nanoparticle	2.500
nanoparticles	3.110
nanoscale	2.650
nanotechnology	3.020
nanotube	2.400
nanotubes	2.740
nantes	2.790
nantucket	2.840
nao	2.930
naomi	3.650
nap	3.820
napa	3.320
napalm	2.840
nape	2.640
naperville	2.590
napier	3.130
napkin	3.160
napkins	3.050
naples	3.630
napoleon	3.770
napoleon's	2.670
napoleonic	2.920
napoli	3.330
napolitano	2.650
nappies	2.680
napping	3.020
nappy	2.880
naps	3.080
napster	2.570
nar	2.780
nara	2.860
narayan	2.720
narayana	2.470
narc	2.610
narcissism	3.050
narcissist	2.990
narcissistic	3.220
narcissists	2.600
narcissus	2.680
narco	2.570
narcolepsy	2.500
narcotic	3.000
narcotics	3.500
narendra	3.280
narita	2.420
narnia	2.930
narragansett	2.470
narrate	2.790
narrated	3.290
narrates	2.820
narrating	2.920
narration	3.320
narrative	4.390
narratives	3.610
narrator	3.810
narrators	2.600
narrow	4.390
narrowed	3.430
narrower	3.290
narrowest	2.700
narrowing	3.250
narrowly	3.650
narrows	3.130
nars	2.490
naruto	3.480
nary	2.590
nas	3.530
nasa	4.210
nasa's	3.320
nasal	3.490
nascar	3.760
nascar's	2.440
nascent	3.080
nasdaq	3.410
nash	3.840
nash's	2.560
nashua	2.670
nashville	3.980
nasi	2.590
nasir	2.800
nasl	2.500
nasr	2.590
nasri	2.520
nass	2.460
nassar	2.430
nassau	3.320
nasser	3.110
nast	2.750
nastier	2.430
nastiest	2.590
nastiness	2.580
nasty	4.220
nat	3.750
nat'l	2.610
nata	2.430
natal	3.410
natale	2.450
natalia	3.150
natalie	3.800
natalya	2.670
natasha	3.480
natchez	2.610
nate	3.810
nate's	2.430
nath	2.840
nathalie	2.790
nathan	4.130
nathan's	2.710
nathaniel	3.440
nation	4.880
nation's	3.990
national	5.510
nationale	2.770
nationalisation	2.660
nationalised	2.690
nationalism	3.830
nationalist	3.910
nationalistic	3.040
nationalists	3.560
nationalities	3.310
nationality	3.720
nationalization	2.710
nationalized	2.760
nationally	3.840
nationals	3.910
nationhood	2.460
nations	4.800
nationwide	4.070
native	4.690
native speaker	4.280
natively	2.640
natives	3.720
nativity	3.180
natl	2.550
nato	4.010
nato's	2.640
nats	3.030
natsu	2.620
natty	2.750
natura	2.600
natural	5.110
naturalism	2.790
naturalist	3.150
naturalistic	2.930
naturalists	2.810
naturalization	2.890
naturalized	2.950
naturally	4.480
naturalness	2.210
naturals	2.640
nature	4.980
nature's	3.290
natured	3.030
natures	2.970
natwest	2.610
nau	2.680
naught	2.960
naughton	2.440
naughty	3.830
nauru	2.940
nausea	3.540
nauseated	2.420
nauseating	2.710
nauseous	3.070
nautical	3.490
nautilus	2.870
nav	3.260
nava	2.470
navajo	3.250
naval	4.240
navarre	2.720
navarro	3.050
navas	2.690
nave	3.060
naveen	2.400
navel	2.950
naver	2.470
navi	2.900
navies	2.750
navigable	2.970
navigate	3.680
navigated	2.790
navigating	3.290
navigation	4.030
navigational	2.990
navigator	3.290
navigators	2.770
navratilova	2.410
navy	4.570
navy blue	4.460
navy's	3.160
naw	3.240
nawab	2.600
nawaz	3.130
nay	3.430
naya	2.610
naylor	2.800
naysayers	2.670
naz	2.620
nazarene	2.580
nazareth	3.100
nazi	4.280
nazi's	2.420
nazir	2.560
nazis	3.940
nazism	3.100
naïve	3.070
nb	3.370
nba	4.390
nba's	2.800
nbc	4.020
nbc's	3.130
nbcuniversal	2.550
nbd	2.470
nbl	2.880
nbn	2.830
nbs	2.830
nbsp	3.090
nc	4.050
nca	2.760
ncaa	3.880
ncc	2.740
nci	2.570
ncis	3.060
nco	2.640
ncp	2.550
ncr	2.960
ncs	2.660
nct	2.600
nd	3.710
nda	3.000
ndc	2.620
ndp	3.380
nds	2.540
ndtv	2.660
ne	4.050
nea	2.980
neal	3.640
neale	2.860
neanderthal	2.950
neanderthals	2.880
neapolitan	2.750
near	5.290
nearby	4.550
neared	2.840
nearer	3.380
nearest	4.110
nearing	3.390
nearly	5.000
nears	2.880
neat	3.990
neath	2.840
neatly	3.490
neb	2.770
nebraska	3.980
nebuchadnezzar	2.490
nebula	3.230
nebulae	2.490
nebulous	2.750
nec	3.310
necessarily	4.480
necessary	4.910
necessitate	2.840
necessitated	2.960
necessitates	2.740
necessitating	2.700
necessities	3.360
necessity	3.910
neck	4.630
necked	2.870
necklace	3.850
necklaces	3.150
neckline	2.700
necks	3.400
necktie	2.550
necromancer	2.610
necropolis	2.450
necrosis	2.920
necrotic	2.550
nectar	3.250
ned	3.710
ned's	2.620
nederland	2.600
nee	3.210
need	5.970
needed	5.180
needful	2.540
needham	2.810
needing	4.020
needle	3.980
needles	3.700
needless	3.660
needlessly	3.060
needlework	2.570
needn't	2.900
needs	5.370
needy	3.580
neel	2.640
neely	2.650
neem	2.430
neeson	2.730
neet	2.620
nefarious	3.000
neff	2.710
neg	2.820
negan	2.710
negate	2.980
negated	2.750
negates	2.560
negating	2.550
negation	2.840
negative	4.790
negatively	3.690
negatives	3.390
negativity	3.490
negev	2.550
neglect	3.790
neglected	3.780
neglectful	2.460
neglecting	3.180
neglects	2.630
negligence	3.650
negligent	3.330
negligently	2.450
negligible	3.390
negotiable	3.220
negotiate	3.990
negotiated	3.780
negotiates	2.620
negotiating	3.780
negotiation	3.780
negotiations	4.210
negotiator	3.130
negotiators	2.970
negra	2.440
negro	3.730
negroes	3.020
negros	2.560
neh	2.610
neha	2.650
nehemiah	2.640
nehru	3.200
nei	2.590
neigh	2.490
neighbor	4.110
neighbor's	3.220
neighborhood	4.500
neighborhood's	2.550
neighborhoods	3.930
neighboring	3.870
neighbors	4.240
neighbour	3.690
neighbour's	2.680
neighbourhood	3.940
neighbourhoods	3.250
neighbouring	3.770
neighbours	3.870
neil	4.160
neil's	2.510
neill	3.010
neilson	2.830
neiman	2.650
nein	2.400
neither	4.770
neko	2.550
nel	3.060
nell	3.140
nella	2.520
nelle	2.410
nellie	3.100
nelly	3.160
nelson	4.240
nelson's	2.820
nem	2.580
nema	2.420
nemanja	2.450
nematode	2.570
nematodes	2.640
nemesis	3.340
nemo	3.170
nen	2.520
nene	2.890
neo	3.990
neoclassical	2.790
neocon	2.510
neocons	2.510
neoliberal	3.010
neoliberalism	2.790
neolithic	2.990
neon	3.640
neonatal	3.120
neophyte	2.320
neoplasms	2.520
neoprene	2.550
nep	2.630
nepa	2.510
nepal	3.830
nepal's	2.450
nepalese	2.940
nepali	3.000
nephew	4.010
nephew's	2.510
nephews	3.270
nepotism	2.930
neptune	3.360
ner	2.650
nerd	3.660
nerds	3.360
nerdy	3.170
nerf	2.890
neri	2.420
nero	3.360
neruda	2.440
nerve	4.190
nerves	4.020
nervosa	2.630
nervous	4.420
nervously	3.270
nervousness	3.040
nes	3.290
nesbitt	2.810
ness	3.600
nessa	2.490
nest	4.070
nested	3.030
nesting	3.390
nestle	2.990
nestled	3.010
nestling	2.420
nestlé	2.720
nestor	2.900
nests	3.430
net	4.760
net surfer	3.290
netanyahu	3.330
netanyahu's	2.410
netball	3.090
netflix	4.190
netflix's	2.770
nether	2.900
netherland	2.500
netherlands	4.280
netizens	2.670
neto	2.530
nets	3.810
netscape	2.640
netsurfer	0.000
nett	2.410
netted	3.080
nettie	2.480
netting	3.240
nettle	2.710
nettles	2.730
network	5.020
network's	3.270
networked	2.980
networking	3.940
networks	4.450
neu	2.600
neue	2.740
neuer	2.900
neuman	2.430
neumann	3.040
neural	3.760
neuro	3.060
neurobiology	2.610
neurodegenerative	2.680
neuroimaging	2.490
neurologic	2.560
neurological	3.540
neurologist	3.040
neurologists	2.490
neurology	3.230
neuromuscular	2.670
neuron	3.160
neuronal	3.120
neurons	3.710
neuropathy	2.830
neuropsychological	2.420
neuroscience	3.450
neuroscientist	2.700
neuroscientists	2.550
neurosis	2.570
neurosurgeon	2.800
neurosurgery	2.840
neurotic	3.080
neurotransmitter	2.830
neurotransmitters	2.750
neuter	2.880
neutered	2.790
neutral	4.240
neutralisation	1.690
neutralise	2.430
neutrality	3.670
neutralization	2.380
neutralize	3.120
neutralized	2.860
neutralizing	2.700
neutrals	2.830
neutrino	2.840
neutrinos	2.760
neutron	3.440
neutrons	3.010
neutrophils	2.480
nev	3.160
neva	2.680
nevada	4.040
nevada's	2.460
neve	2.790
never	5.910
neverending	2.500
neverland	2.790
nevermind	3.240
nevertheless	4.250
neves	2.550
nevill	2.420
neville	3.570
nevin	2.520
nevins	2.570
nevis	2.830
new	6.250
newark	3.740
newberry	2.750
newbie	3.200
newbies	2.950
newborn	3.780
newborns	3.080
newburgh	2.590
newbury	3.010
newcastle	4.070
newcomb	2.580
newcombe	2.420
newcomer	3.400
newcomers	3.440
newell	3.010
newer	3.940
newest	4.040
newfound	3.140
newfoundland	3.380
newgate	2.450
newham	2.550
newhouse	2.570
newington	2.600
newland	2.430
newlands	2.550
newly	4.420
newlywed	2.570
newlyweds	2.880
newman	3.830
newman's	2.610
newmarket	2.910
newness	2.600
newport	3.780
newquay	2.440
newry	2.710
news	5.440
newscast	2.660
newscaster	2.520
newsday	2.560
newsfeed	2.530
newsflash	2.590
newsletter	3.760
newsletters	2.940
newsnight	2.830
newsom	2.630
newsome	2.550
newspaper	4.600
newspaper's	2.750
newspapers	4.250
newsprint	2.520
newsreader	2.600
newsreel	2.560
newsroom	3.150
newsstand	2.580
newsstands	2.510
newsweek	3.140
newswire	2.540
newsworthy	2.790
newt	3.230
newton	3.940
newton's	2.900
newtonian	2.710
newtown	3.200
newyork	2.520
nex	2.660
next	5.700
next door	4.990
next to	5.690
next-door	4.990
nextgen	2.470
nexus	3.650
ney	2.700
neymar	3.470
nez	2.630
nf	3.240
nfa	2.500
nfc	3.520
nfl	4.540
nfl's	3.010
nfpa	2.470
nfs	2.660
ng	3.900
nga	2.840
ngc	2.900
ngl	2.930
ngo	3.430
ngos	3.470
ngs	2.500
nguyen	3.230
nh	3.560
nha	2.520
nhc	2.550
nhk	2.720
nhl	4.020
nhl's	2.580
nhs	4.000
nhtsa	2.720
ni	3.930
nia	3.100
niacin	2.510
niagara	3.520
niall	3.160
niamh	2.500
niantic	2.500
nib	3.060
nibble	2.850
nibbles	2.580
nibbling	2.650
nibs	2.470
nic	3.400
nicaragua	3.440
nicaraguan	2.820
nice	5.370
nicely	4.070
nicene	2.410
nicer	3.650
nicest	3.520
niceties	2.530
niche	3.850
niches	3.050
nichol	2.480
nicholas	4.030
nicholls	3.120
nichols	3.580
nicholson	3.440
nicht	2.870
nick	4.590
nick's	3.030
nicked	2.730
nickel	3.820
nickelback	2.630
nickelodeon	3.120
nickels	2.780
nickerson	2.510
nicki	3.320
nicklaus	2.690
nickname	3.910
nicknamed	3.440
nicknames	3.220
nicks	3.070
nicky	3.500
nico	3.510
nicodemus	2.490
nicol	2.780
nicola	3.540
nicolai	2.520
nicolas	3.620
nicole	3.990
nicole's	2.530
nicolson	2.570
nicolás	2.420
nicosia	2.570
nicotine	3.520
nics	2.610
nicu	2.660
nid	2.530
nida	2.640
nie	2.910
niece	3.820
nieces	3.090
niel	2.420
niels	2.700
nielsen	3.430
nier	2.530
nieto	2.870
nietzsche	3.230
nifty	3.170
nig	2.450
nigel	3.770
niger	3.450
nigeria	4.330
nigeria's	3.240
nigerian	4.060
nigerians	3.160
nigga	3.630
niggas	3.130
nigger	3.350
niggers	2.970
nigh	3.240
night	5.610
night's	3.880
nightcap	2.400
nightclub	3.650
nightclubs	3.110
nightcrawler	2.550
nighter	2.660
nightfall	3.110
nightgown	2.550
nighthawk	2.530
nightingale	3.290
nightlife	3.150
nightly	3.480
nightmare	4.190
nightmares	3.730
nightmarish	2.700
nights	4.470
nightshade	2.550
nightstand	2.720
nighttime	3.270
nightwing	2.680
nighty	2.400
nigra	2.510
nih	3.350
nihilism	2.740
nihilistic	2.500
nihon	2.540
nii	2.470
nik	3.040
nike	3.880
nike's	2.540
nikhil	2.520
niki	3.030
nikita	3.170
nikkei	2.640
nikki	3.670
nikko	2.490
niklas	2.480
niko	3.020
nikola	2.970
nikolai	3.110
nikolas	2.430
nikolay	2.540
nikon	3.330
nikos	2.560
nil	3.330
nile	3.640
niles	3.140
nilly	2.590
nils	2.810
nilsson	2.750
nim	2.820
nimble	3.070
nimbus	2.620
nimh	2.490
nimitz	2.410
nimmo	2.490
nimoy	2.430
nimrod	2.630
nin	2.860
nina	3.850
nina's	2.460
nine	4.870
niners	2.830
nines	2.840
nineteen	3.590
nineteenth	3.760
nineties	3.140
ninety	3.710
nineveh	2.770
ning	2.920
ninja	3.870
ninjas	3.050
nino	3.260
nintendo	4.080
nintendo's	2.900
ninth	4.070
nio	2.470
nip	3.320
nipped	2.640
nipping	2.600
nipple	3.450
nipples	3.590
nippon	2.950
nips	2.760
niqab	2.510
nir	2.660
niro	2.920
nirvana	3.370
nis	2.880
nisa	2.410
nisbet	2.410
nisha	2.650
nishikori	2.420
nisi	2.410
nissan	3.690
nissen	2.430
nist	2.800
nit	3.090
nita	2.650
nite	3.000
nitin	2.480
nitrate	3.250
nitrates	2.680
nitric	2.950
nitride	2.610
nitrite	2.560
nitro	3.230
nitrogen	3.760
nitroglycerin	2.420
nitrous	2.960
nitty	2.700
niu	2.530
niv	2.840
nivea	2.470
niven	2.500
nix	3.000
nixon	3.910
nixon's	2.940
nizam	2.550
niño	2.800
nj	3.970
njpw	2.630
nk	3.460
nkrumah	2.450
nl	3.520
nlp	2.590
nlrb	2.680
nm	3.820
nmc	2.530
nmda	2.410
nme	2.670
nmr	3.030
nms	2.510
nn	2.980
no	6.350
no one	6.100
no1	2.750
no2	2.650
noa	2.610
noaa	3.230
noah	3.930
noah's	3.060
noam	2.830
nob	2.650
nobel	3.840
nobility	3.470
noble	4.240
nobleman	3.020
noblemen	2.670
nobles	3.400
noblest	2.520
nobodies	2.610
nobody	4.950
nobody's	3.610
nobu	2.670
noc	2.700
noche	2.450
nocturnal	3.240
nocturne	2.590
nod	3.740
nodal	2.550
nodded	3.410
nodding	3.190
node	3.880
nodes	3.780
nods	3.300
nodules	2.730
noe	2.800
noel	3.630
noelle	2.780
noes	2.440
nog	2.620
nogales	2.530
noggin	2.540
noh	2.720
noi	2.820
noida	2.690
noir	3.480
noire	2.700
noise	4.550
noises	3.750
noisily	2.490
noisy	3.670
nok	2.750
nokia	3.660
nokia's	2.450
nola	3.000
nolan	3.640
nolan's	2.670
noll	2.500
nollywood	2.500
nom	3.220
noma	2.510
nomad	3.070
nomadic	3.130
nomads	2.980
nome	2.670
nomenclature	3.210
nominal	3.600
nominally	3.100
nominate	3.570
nominated	4.180
nominates	2.560
nominating	3.200
nomination	4.070
nominations	3.820
nominative	2.570
nominee	3.960
nominees	3.660
noms	2.470
nomura	2.790
non	5.290
non-smoking	4.450
nona	2.600
nonce	2.440
nonchalant	2.740
nonchalantly	2.580
noncommercial	2.640
noncompliance	2.450
nondescript	2.640
none	4.930
nonetheless	4.040
nonexistent	3.190
nonfiction	3.260
nong	2.480
nongovernmental	2.590
nonhuman	2.510
noni	2.460
noninvasive	2.480
nonlinear	3.270
nono	2.570
nonpartisan	2.910
nonprofessional	1.720
nonprofit	3.860
nonprofits	3.020
nonproliferation	2.480
nonsense	4.210
nonsensical	2.980
nonstop	3.370
nontraditional	2.600
nonverbal	2.660
nonviolence	2.690
nonviolent	3.060
nonzero	2.550
noo	2.690
noob	2.740
noobs	2.420
noodle	3.420
noodles	3.700
nook	3.180
nooks	2.590
noon	4.110
noona	2.430
noonan	2.850
noone	3.080
nooo	2.840
noooo	2.820
nooooo	2.630
noooooo	2.420
noor	2.980
noosa	2.430
noose	2.980
nope	4.260
nor	4.780
nora	3.520
norad	2.640
norah	2.800
norbert	2.800
norcross	2.540
nord	3.100
nordic	3.520
nordstrom	2.980
norepinephrine	2.610
norfolk	3.840
nori	2.600
noriega	2.550
norm	3.930
norma	3.330
normal	5.010
normalcy	2.830
normalised	2.550
normality	2.930
normalization	2.990
normalize	3.000
normalized	3.270
normalizing	2.790
normally	4.570
normals	2.580
norman	4.140
norman's	2.550
normandy	3.480
normans	2.710
normative	3.100
norms	3.760
norrie	2.470
norris	3.600
norse	3.230
norte	2.840
north	5.340
north's	2.670
northam	2.430
northampton	3.490
northamptonshire	2.960
northbound	3.200
northcote	2.450
northeast	4.060
northeastern	3.640
northerly	2.950
northern	4.850
northerners	2.790
northernmost	2.720
northfield	2.700
northgate	2.400
northland	2.570
northridge	2.670
northrop	2.980
northside	2.760
northstar	2.500
northumberland	3.270
northumbria	2.680
northward	3.220
northwards	2.700
northwest	4.140
northwestern	3.790
northwood	2.580
norton	3.750
norwalk	2.910
norway	4.150
norway's	2.890
norwegian	3.950
norwegians	2.880
norwich	3.690
norwood	3.220
nos	3.520
nose	4.510
nosebleed	2.510
nosebleeds	2.400
nosed	3.140
noses	3.450
nosey	2.550
nosferatu	2.410
nostalgia	3.620
nostalgic	3.450
nostalgically	2.110
nostra	2.590
nostradamus	2.500
nostril	2.770
nostrils	3.100
nosy	2.850
not	6.690
nota	2.530
notable	4.070
notables	2.640
notably	4.010
notaries	2.400
notarized	2.470
notary	3.110
notation	3.470
notations	2.620
notch	3.780
notched	3.040
notches	2.920
notching	2.410
note	5.040
notebook	3.740
notebooks	3.230
noted	4.690
notepad	2.860
notes	4.840
noteworthy	3.490
noth	2.410
nother	2.650
nothin	3.690
nothing	5.550
nothing's	3.300
nothingness	2.970
nothings	2.770
notice	4.900
noticeable	3.750
noticeably	3.360
noticeboard	1.780
noticed	4.630
notices	3.900
noticing	3.640
notification	3.920
notifications	3.660
notified	3.830
notifies	2.720
notify	3.730
notifying	3.030
noting	4.000
notion	4.170
notional	2.610
notions	3.520
notoriety	3.190
notorious	3.830
notoriously	3.370
notre	3.670
nots	2.750
nott	2.550
notting	2.770
nottingham	3.720
nottinghamshire	3.090
notts	2.830
notwithstanding	3.480
nou	2.920
nougat	2.570
nought	2.510
noun	3.610
nouns	3.260
nour	2.430
nourish	2.900
nourished	2.830
nourishing	2.830
nourishment	3.030
nous	2.990
nouveau	3.070
nouvelle	2.680
nov	4.370
nova	3.920
novak	3.350
novartis	2.580
novel	4.630
novel's	2.570
novelist	3.610
novelists	3.010
novella	3.080
novellas	2.530
novels	4.100
novelties	2.630
novelty	3.660
november	5.100
novgorod	2.580
novi	2.630
novice	3.410
novices	2.940
novo	3.180
novosibirsk	2.460
novus	2.450
now	6.180
now's	2.940
nowadays	4.110
nowak	2.470
nowell	2.450
nowhere	4.400
nowitzki	2.500
nowt	2.400
nox	2.870
noxious	2.910
noyes	2.620
nozzle	3.240
nozzles	2.750
np	3.570
npa	2.680
npc	3.130
npcs	2.680
npd	2.690
npl	2.560
npm	2.410
npp	2.720
npr	3.460
npr's	2.490
nps	3.060
npt	2.570
nr	3.430
nra	3.450
nrc	3.070
nrg	2.750
nri	2.510
nrl	3.370
nrs	2.560
ns	3.480
nsa	3.860
nsa's	2.520
nsaids	2.610
nsc	2.940
nse	2.480
nsf	3.050
nsfw	3.610
nss	2.570
nsw	3.810
nsx	2.420
nt	3.750
nta	2.670
ntc	2.520
nth	2.920
ntr	2.500
nts	2.790
ntsb	2.740
ntsc	2.720
ntt	2.530
ntv	2.430
nu	3.550
nuance	3.090
nuanced	3.260
nuances	3.160
nub	2.550
nubia	2.450
nubian	2.630
nuclear	4.730
nucleation	2.420
nuclei	3.190
nucleic	2.910
nucleotide	3.000
nucleotides	2.750
nucleus	3.590
nude	4.000
nudes	3.240
nudge	3.220
nudged	2.700
nudges	2.440
nudging	2.590
nudist	2.810
nudity	3.390
nuer	2.550
nueva	2.690
nuevo	2.760
nuff	2.610
nuffield	2.610
nugent	3.020
nugget	3.160
nuggets	3.500
nuh	2.900
nui	2.660
nuisance	3.500
nuit	2.450
nuke	3.290
nukes	3.140
null	3.730
nullification	2.570
nullified	2.800
nullify	2.850
num	3.100
numan	2.410
numb	3.530
numbed	2.450
number	5.620
numbered	3.820
numbering	3.270
numbers	4.980
numbing	2.900
numbness	2.890
numeracy	2.570
numeral	2.770
numerals	3.030
numeric	3.010
numerical	3.650
numerically	2.860
numero	2.500
numerology	2.440
numerous	4.650
numismatic	2.500
nun	3.640
nunavut	2.720
nunes	3.010
nunez	2.670
nunn	2.890
nunnery	2.500
nuns	3.490
nuptial	2.570
nuptials	2.540
nur	2.840
nuremberg	3.060
nuri	2.520
nurse	4.400
nurse's	2.730
nursed	2.940
nurseries	3.000
nursery	3.890
nurses	4.140
nursing	4.320
nurture	3.310
nurtured	3.100
nurturing	3.220
nus	2.760
nusa	2.420
nusra	2.760
nussbaum	2.510
nut	4.040
nutcase	2.460
nutcracker	2.860
nutella	2.840
nutmeg	3.040
nutrient	3.510
nutrients	3.710
nutrition	4.100
nutritional	3.640
nutritionally	2.550
nutritionist	2.900
nutritionists	2.540
nutritious	3.180
nuts	4.300
nutshell	3.430
nutt	2.630
nuttall	2.730
nutter	2.800
nutting	2.490
nutty	3.190
nuys	2.650
nv	3.450
nva	2.470
nvidia	3.250
nvm	2.880
nw	3.720
nwa	2.750
nwo	2.690
nws	2.730
nx	2.880
nxt	3.320
ny	4.430
nya	2.580
nyc	4.050
nyc's	2.430
nye	3.320
nylon	3.420
nylons	2.450
nymph	2.870
nymphs	2.810
nypd	3.460
nyquist	2.450
nys	2.850
nyse	3.220
nyssa	2.480
nyt	3.230
nyu	3.150
nyx	2.740
nz	3.790
não	2.450
née	2.480
o	5.120
o'bannon	2.440
o'brian	2.430
o'brien	3.850
o'brien's	2.600
o'callaghan	2.550
o'clock	4.040
o'connell	3.290
o'connor	3.600
o'dell	2.550
o'donnell	3.350
o'dwyer	2.440
o'farrell	2.420
o'grady	2.780
o'keefe	3.010
o'keeffe	2.510
o'leary	3.070
o'malley	3.250
o'mara	2.410
o'meara	2.430
o'neal	3.070
o'neil	3.020
o'neill	3.680
o'neill's	2.490
o'reilly	3.340
o'rourke	2.950
o's	2.950
o'shea	2.920
o'sullivan	3.070
o'toole	2.890
o.c	2.650
o.d	2.410
o.j	2.850
o.k	2.980
o.o	2.970
o.p	2.400
o.s	2.470
o000	2.440
o2	3.480
o_o	2.820
oa	3.190
oahu	2.990
oak	4.180
oakdale	2.400
oakes	2.710
oakland	3.920
oakley	3.270
oaks	3.610
oakville	2.660
oakwood	2.630
oan	2.420
oar	2.890
oars	3.010
oas	2.650
oasis	3.560
oat	2.900
oates	3.010
oath	3.960
oaths	2.910
oatmeal	3.370
oats	3.400
oaxaca	2.790
ob	3.430
oba	2.730
obama	4.860
obama's	4.020
obamacare	3.890
obamas	2.760
oban	2.570
obasanjo	2.520
obe	2.970
obedience	3.500
obedient	3.190
obelisk	2.760
oberlin	2.750
oberon	2.650
oberyn	2.410
obese	3.680
obesity	3.810
obey	3.830
obeyed	3.020
obeying	3.030
obeys	2.670
obfuscation	2.560
obi	3.350
obispo	2.740
obit	2.410
obituaries	2.830
obituary	3.410
obj	2.880
object	4.560
object's	2.410
objected	3.500
objectification	2.640
objectified	2.460
objecting	2.890
objection	3.770
objectionable	3.070
objections	3.690
objective	4.360
objectively	3.280
objectives	4.080
objectivity	3.100
objector	2.530
objectors	2.650
objects	4.510
oblast	2.630
obligate	2.570
obligated	3.500
obligation	4.070
obligations	3.990
obligatory	3.390
oblige	3.100
obliged	3.770
obliges	2.490
obliging	2.610
oblique	3.200
obliquely	2.700
obliterate	2.790
obliterated	3.070
obliterating	2.400
oblivion	3.320
oblivious	3.310
oblong	2.930
obnoxious	3.380
oboe	2.690
obs	2.860
obscene	3.460
obscenities	2.530
obscenity	2.900
obscure	3.850
obscured	3.220
obscurely	1.970
obscures	2.620
obscuring	2.750
obscurity	3.200
observable	3.110
observance	3.130
observances	2.610
observant	3.050
observation	4.130
observational	3.140
observations	4.020
observatories	2.660
observatory	3.710
observe	4.060
observed	4.390
observer	3.910
observers	3.770
observes	3.320
observing	3.750
obsess	2.900
obsessed	4.080
obsessing	2.990
obsession	3.900
obsessions	2.840
obsessive	3.430
obsessively	2.800
obsidian	2.950
obsolescence	2.670
obsolete	3.650
obstacle	3.720
obstacles	3.880
obstetric	2.570
obstetrician	2.670
obstetricians	2.550
obstetrics	3.040
obstinate	2.730
obstruct	3.090
obstructed	2.980
obstructing	3.080
obstruction	3.550
obstructions	2.780
obstructive	2.960
obtain	4.400
obtainable	3.070
obtained	4.490
obtaining	3.930
obtains	3.040
obtuse	3.040
obv	2.680
obverse	2.610
obvious	4.630
obviously	4.800
oc	3.590
oca	2.430
ocala	2.610
ocarina	2.450
ocasio	2.440
occ	2.670
occasion	4.380
occasional	4.120
occasionally	4.390
occasioned	2.580
occasions	4.260
occidental	2.890
occipital	2.680
occlusion	2.750
occult	3.290
occupancy	3.360
occupant	3.110
occupants	3.460
occupation	4.200
occupational	3.720
occupations	3.440
occupied	4.320
occupier	2.580
occupiers	2.960
occupies	3.510
occupy	3.930
occupying	3.630
occur	4.470
occured	2.800
occuring	2.470
occurred	4.570
occurrence	3.770
occurrences	3.260
occurring	3.970
occurs	4.340
ocd	3.290
ocean	4.700
ocean's	2.950
oceana	2.470
oceanfront	2.400
oceania	2.990
oceanic	3.390
oceanographic	2.830
oceanography	2.870
oceans	3.760
oceanside	2.670
och	2.880
ocho	2.550
ochoa	2.810
ochre	2.690
oclc	2.840
ocp	2.400
ocr	2.790
ocs	2.910
oct	4.350
octagon	2.910
octagonal	2.650
octane	3.080
octave	3.080
octaves	2.570
octavia	3.030
octavian	2.600
octavio	2.450
octavius	2.530
october	5.110
octogenarian	2.160
octopus	3.460
octopuses	2.430
ocular	2.940
oculus	3.190
od	3.390
oda	3.080
odd	4.420
oddball	2.760
oddest	2.600
oddities	2.730
oddity	2.770
oddly	3.560
odds	4.280
ode	3.310
odell	2.960
oden	2.530
odeon	2.570
oder	2.810
odes	2.540
odessa	3.200
odette	2.580
odi	3.270
odile	2.490
odin	3.230
odious	2.770
odis	2.620
odisha	2.860
odo	2.770
odom	2.780
odometer	2.450
odor	3.490
odorless	2.480
odors	2.970
odour	2.960
odours	2.490
ods	2.460
odysseus	2.880
odyssey	3.550
oe	2.950
oecd	3.440
oed	2.470
oedipus	2.870
oem	3.310
oems	2.590
oestrogen	2.400
oeuvre	2.790
oeuvres	2.630
of	7.400
ofa	2.880
ofc	3.300
ofcom	2.650
ofcourse	3.040
off	5.930
offal	2.510
offbeat	2.770
offence	3.960
offences	3.650
offend	3.570
offended	3.930
offender	3.700
offenders	3.790
offending	3.430
offends	2.990
offense	4.260
offenses	3.580
offensive	4.460
offensively	2.970
offensives	2.530
offer	5.050
offered	4.860
offering	4.600
offerings	3.820
offers	4.740
offhand	2.630
office	5.400
office's	2.730
officer	5.030
officer's	3.240
officers	4.870
offices	4.480
official	5.140
officially	4.530
officials	4.680
officiate	2.640
officiated	2.720
officiating	3.150
officio	2.770
offing	2.610
offline	3.740
offload	2.760
offloading	2.450
offroad	2.500
offs	3.740
offseason	3.430
offset	3.990
offsets	2.910
offsetting	2.870
offshoot	2.980
offshoots	2.470
offshore	3.910
offside	3.240
offsite	2.510
offspring	3.770
offstage	2.610
ofsted	2.850
oft	3.250
often	5.410
oftentimes	3.090
ofthe	3.330
og	3.720
ogden	3.190
ogg	2.470
ogilvie	2.620
ogilvy	2.670
ogle	2.690
ogre	3.100
ogres	2.490
ogun	2.490
oh	5.430
ohh	3.600
ohhh	3.320
ohhhh	2.900
ohhhhh	2.490
ohio	4.610
ohio's	2.760
ohl	2.450
ohm	3.010
ohms	2.640
ohno	2.410
oi	3.710
oic	2.520
oig	2.420
oil	5.100
oiled	3.100
oilers	3.320
oilfield	2.740
oils	3.860
oily	3.350
ointment	2.980
oj	3.230
ojai	2.530
ojo	2.420
ok	5.140
oka	2.610
okada	2.830
okafor	2.550
okanagan	2.570
okay	5.060
okc	3.100
okcupid	2.880
oke	2.490
okey	2.720
oki	2.580
okie	2.470
okinawa	3.200
okla	2.860
oklahoma	4.270
oklahoma's	2.580
okra	2.630
oktoberfest	2.780
ol	3.980
ola	2.990
olaf	3.140
old	5.750
old's	2.940
old-fashioned	3.930
olde	2.800
olden	2.840
oldenburg	2.420
older	4.920
oldest	4.240
oldfield	2.570
oldham	3.140
oldie	2.650
oldies	3.080
oldman	2.710
olds	3.980
oldsmobile	2.510
ole	3.730
oled	2.860
oleg	3.140
oleksandr	2.550
olfactory	3.030
olga	3.310
oli	2.710
oligarch	2.690
oligarchs	2.910
oligarchy	2.850
oligocene	2.460
olin	2.710
oliphant	2.520
olive	4.090
olive oil	4.050
oliveira	2.750
oliver	4.220
oliver's	2.960
olives	3.350
olivia	3.830
olivia's	2.520
olivier	3.410
olivine	2.400
olli	2.440
ollie	3.300
olly	2.930
olmsted	2.600
olney	2.630
olsen	3.380
olson	3.310
olsson	2.570
olympia	3.260
olympiad	2.600
olympian	3.290
olympians	3.000
olympic	4.490
olympics	4.450
olympus	3.250
om	3.550
oma	2.590
omagh	2.400
omaha	3.610
oman	3.360
omani	2.410
omar	3.750
omb	2.770
ombre	2.590
ombudsman	3.140
ome	2.560
omega	3.780
omelet	2.630
omelette	2.850
omen	3.120
omens	2.770
omer	2.870
omfg	2.840
omg	4.050
omi	2.560
ominous	3.400
ominously	2.520
omission	3.300
omissions	3.110
omit	3.070
omits	2.710
omitted	3.530
omitting	2.880
omni	3.080
omnia	2.500
omnibus	3.150
omnipotence	2.470
omnipotent	2.850
omnipresent	2.790
omniscient	2.710
omnium	2.510
omo	2.580
oms	2.430
on	6.910
on to	6.800
ona	2.710
onassis	2.410
onboard	3.550
once	5.530
oncologist	2.780
oncologists	2.440
oncology	3.360
oncoming	3.070
ondo	2.440
one	6.470
one's	4.390
onedrive	2.420
oneida	2.790
oneness	2.840
oneplus	3.010
onerous	2.920
ones	5.070
oneself	3.550
onesie	2.690
onesies	2.430
onetime	2.580
ong	3.080
ongoing	4.320
oni	2.820
onion	3.890
onions	3.780
online	5.190
onlookers	2.900
only	6.120
onn	2.540
onna	2.410
ono	3.160
onondaga	2.580
ons	3.560
onscreen	2.980
onset	3.720
onshore	2.980
onside	2.780
onsite	2.920
onslaught	3.200
onslow	2.520
onstage	3.470
ont	3.130
ontario	4.210
ontario's	2.790
onto	4.770
ontological	2.730
ontology	2.940
onus	2.990
onward	3.460
onwards	3.610
onyx	2.990
oo	3.570
ooc	2.660
ood	2.490
oodles	2.430
oof	3.150
ooh	3.760
oom	2.400
oomph	2.620
ooo	3.440
oooh	3.390
oooo	2.610
ooooh	2.930
oooooh	2.510
oop	3.010
oops	3.730
oot	2.690
ooze	2.800
oozes	2.630
oozing	2.890
op	4.420
op's	2.550
opa	2.750
opacity	2.840
opal	3.200
opaque	3.370
opc	2.470
ope	2.640
opec	3.150
opel	2.780
open	5.480
opened	4.850
opener	3.880
openers	2.970
opengl	2.710
opening	4.940
openings	3.710
openly	4.110
openness	3.400
opens	4.430
oper	2.550
opera	4.270
opera's	2.530
operable	2.650
operandi	2.770
operas	3.200
operate	4.500
operated	4.350
operates	4.130
operatic	2.930
operating	4.750
operation	4.920
operational	4.210
operationally	2.700
operations	4.870
operative	3.860
operatives	3.460
operator	4.320
operator's	2.590
operators	4.190
ophelia	2.880
ophthalmic	2.680
ophthalmologist	2.700
ophthalmology	2.930
opi	2.630
opiate	2.890
opiates	2.780
opie	2.770
opined	2.730
opines	2.490
opinion	4.940
opinionated	2.880
opinions	4.410
opioid	3.330
opioids	3.050
opium	3.460
opm	2.940
opossum	2.470
opp	2.840
oppa	2.990
oppenheim	2.410
oppenheimer	2.930
oppo	2.690
opponent	4.200
opponent's	3.210
opponents	4.230
opportune	2.740
opportunism	2.540
opportunist	2.770
opportunistic	3.070
opportunists	2.470
opportunities	4.610
opportunity	4.950
oppose	3.940
opposed	4.510
opposes	3.360
opposing	4.040
opposite	4.620
opposites	3.150
opposition	4.570
opposition's	2.410
oppositional	2.480
oppositions	2.480
oppress	2.880
oppressed	3.560
oppressing	2.570
oppression	3.790
oppressive	3.450
oppressor	2.740
oppressors	2.850
oprah	3.490
oprah's	2.440
opry	2.540
ops	3.800
opt	3.900
opted	3.750
optic	3.650
optical	4.070
optically	2.720
optician	2.410
optics	3.580
optima	2.470
optimal	3.940
optimally	2.780
optimisation	2.730
optimise	2.600
optimised	2.640
optimism	3.660
optimist	3.020
optimistic	3.870
optimistically	2.440
optimists	2.410
optimization	3.660
optimizations	2.590
optimize	3.330
optimized	3.400
optimizing	3.010
optimum	3.540
optimus	3.000
opting	3.290
option	4.800
optional	3.910
optionally	2.780
optioned	2.520
options	4.710
optometrist	2.530
optometry	2.630
opts	2.730
optus	2.450
opulence	2.690
opulent	2.910
opulently	1.310
opus	3.160
or	6.540
ora	3.120
oracle	3.700
oracle's	2.420
oracles	2.640
oral	4.260
orally	3.120
oran	2.590
orang	2.690
orange	4.620
oranges	3.520
orangutan	2.800
orangutans	2.530
oration	2.600
orator	2.900
oratorio	2.510
oratory	2.940
orb	3.260
orban	2.400
orbis	2.420
orbit	4.030
orbital	3.590
orbitals	2.640
orbiter	2.940
orbiting	3.280
orbits	3.300
orbs	2.800
orc	3.010
orca	2.930
orcas	2.740
orchard	3.570
orchards	3.160
orchestra	4.010
orchestra's	2.500
orchestral	3.260
orchestras	2.970
orchestrate	2.660
orchestrated	3.280
orchestrating	2.630
orchestration	2.740
orchid	3.300
orchids	3.120
orcs	3.000
ord	2.960
ordain	2.480
ordained	3.480
ordeal	3.470
order	5.490
order's	2.570
ordered	4.740
ordering	4.020
orderly	3.440
orders	4.730
ordinal	2.670
ordinance	3.600
ordinances	3.140
ordinarily	3.260
ordinary	4.420
ordinate	2.910
ordinated	2.890
ordinates	2.600
ordinating	2.680
ordination	3.410
ordinator	2.790
ordnance	3.370
ordovician	2.660
ore	4.100
oreal	2.710
oregano	2.800
oregon	4.300
oregon's	2.860
oregonian	2.500
oren	2.710
oreo	2.960
oreos	2.730
ores	2.970
orestes	2.530
org	3.550
organ	4.140
organelles	2.480
organic	4.400
organically	3.030
organics	2.800
organisation	4.360
organisation's	2.790
organisational	3.200
organisations	4.160
organise	3.500
organised	4.080
organiser	3.110
organisers	3.210
organises	2.650
organising	3.490
organism	3.590
organisms	3.800
organist	2.910
organization	4.920
organization's	3.410
organizational	3.830
organizations	4.670
organize	3.980
organized	4.510
organizer	3.570
organizers	3.630
organizes	3.080
organizing	3.970
organs	4.000
orgasm	3.670
orgasmic	2.650
orgasms	3.190
orgies	2.810
orgs	2.720
orgy	3.240
ori	2.980
oriel	2.490
orient	3.440
oriental	3.730
orientated	2.960
orientation	4.050
orientations	2.920
oriented	4.120
orifice	2.770
orifices	2.430
orig	2.800
origami	2.940
origen	2.640
origi	2.470
origin	4.550
original	5.160
originality	3.340
originally	4.690
originals	3.530
originate	3.370
originated	3.800
originates	3.190
originating	3.480
origination	2.710
originator	2.880
originators	2.500
origins	4.040
orin	2.420
orioles	3.340
orion	3.440
orisa	2.410
orissa	2.830
ork	2.490
orkney	3.000
orla	2.410
orlando	4.040
orleans	4.210
orlov	2.440
orly	2.440
orm	2.540
orme	2.440
ormond	2.830
ormsby	2.470
ornament	3.320
ornamental	3.340
ornamentation	2.770
ornamented	2.640
ornaments	3.390
ornate	3.190
ornithology	2.520
oro	2.910
oroville	2.440
orphan	3.580
orphanage	3.380
orphanages	2.730
orphaned	3.170
orphans	3.480
orpheus	2.870
orr	3.270
orrin	2.600
ors	2.590
orsay	2.460
orson	3.070
ortega	3.030
ortho	2.810
orthodontic	2.450
orthodontist	2.520
orthodox	3.930
orthodoxy	3.260
orthogonal	2.980
orthography	2.580
orthopaedic	2.940
orthopedic	3.090
orthopedics	2.470
ortiz	3.310
orton	3.240
orville	2.850
orwell	3.150
orwell's	2.550
orwellian	2.630
oryx	2.510
oréal	2.460
os	4.100
osa	2.760
osage	2.930
osaka	3.560
osama	3.290
osb	2.400
osborn	3.090
osborne	3.600
osbourne	3.030
osc	2.590
oscar	4.310
oscar's	2.670
oscars	3.600
osce	2.860
osceola	2.560
oscillate	2.420
oscillating	2.780
oscillation	2.960
oscillations	2.900
oscillator	2.960
oscillators	2.630
oscilloscope	2.400
osgood	2.750
osh	2.470
osha	3.090
oshawa	2.420
oshkosh	2.690
osi	2.740
osiris	3.020
oskar	2.970
oslo	3.510
osman	2.930
osmond	2.800
osmosis	2.790
osmotic	2.490
oso	2.640
osorio	2.520
ospina	2.400
osprey	2.890
ospreys	2.730
oss	2.980
ossetia	2.710
ost	3.230
ostensible	2.500
ostensibly	3.350
ostentatious	2.680
osteoarthritis	2.760
osteopathic	2.680
osteoporosis	2.990
oster	2.420
ostracized	2.620
ostrich	3.050
ostriches	2.430
osu	3.220
osvaldo	2.410
oswald	3.430
oswalt	2.420
oswego	2.870
osx	2.680
ot	3.850
ota	2.970
otago	2.760
otaku	2.660
otc	3.160
otf	2.450
oth	2.740
othello	2.990
other	6.160
other's	3.940
otherness	2.400
others	5.420
otherwise	4.880
otherworldly	2.840
otis	3.410
otl	2.460
oto	2.430
otp	2.630
otr	2.510
ots	2.640
ott	3.110
ottawa	3.980
ottawa's	2.440
otter	3.370
otters	3.070
otto	3.670
ottoman	3.620
ottomans	2.980
ou	3.770
ouch	3.560
oud	2.440
ought	4.350
ought to	4.350
oughta	2.550
oui	2.650
ouija	2.740
ould	2.580
ounce	3.800
ounces	3.540
our	6.140
ours	4.160
ourself	2.540
ourselves	4.620
ouse	2.490
oust	2.940
ousted	3.190
ouster	2.720
ousting	2.600
out	6.380
out of	6.340
out-of-date	5.190
outa	2.420
outage	3.260
outages	3.090
outback	3.210
outbid	2.640
outboard	2.860
outbound	3.000
outbreak	3.990
outbreaks	3.350
outbuildings	2.730
outburst	3.150
outbursts	3.000
outcast	3.090
outcasts	2.830
outclassed	2.650
outcome	4.350
outcomes	4.100
outcrop	2.760
outcrops	2.790
outcry	3.210
outdated	3.660
outdid	2.410
outdistance	1.240
outdo	2.720
outdone	2.800
outdoor	4.230
outdoors	3.710
outed	2.910
outer	4.250
outermost	2.700
outerwear	2.570
outfield	3.110
outfielder	3.010
outfit	4.220
outfits	3.830
outfitted	2.990
outfitters	2.880
outfitting	2.450
outflow	3.010
outflows	2.570
outgoing	3.590
outgrew	2.460
outgrow	2.670
outgrown	2.820
outgrowth	2.640
outgunned	2.490
outhouse	2.640
outing	3.500
outings	3.090
outkast	2.610
outlander	2.760
outlandish	3.070
outlast	2.810
outlaw	3.510
outlawed	3.220
outlawing	2.640
outlaws	3.160
outlay	2.830
outlays	2.490
outlet	4.000
outlets	4.000
outlier	2.860
outliers	2.830
outline	3.920
outlined	3.870
outlines	3.600
outlining	3.310
outlive	2.720
outlived	2.750
outlook	4.070
outlooks	2.550
outlying	3.070
outmoded	2.550
outnumber	2.980
outnumbered	3.350
outpace	2.420
outpaced	2.440
outpatient	3.320
outperform	3.010
outperformed	2.780
outperforming	2.470
outperforms	2.450
outplayed	2.800
outpost	3.390
outposts	2.980
outpouring	2.820
output	4.430
outputs	3.390
outrage	3.840
outraged	3.570
outrageous	3.770
outrageously	2.800
outrages	2.450
outreach	3.680
outright	3.830
outro	2.800
outrun	2.960
outs	3.860
outscored	2.890
outset	3.440
outshine	2.510
outside	5.250
outsider	3.550
outsiders	3.560
outsized	2.400
outskirts	3.560
outsmart	2.670
outsold	2.410
outsource	2.920
outsourced	3.000
outsourcing	3.360
outspoken	3.350
outstanding	4.500
outstretched	2.910
outstripped	2.400
outta	4.100
outtakes	2.630
outward	3.520
outwardly	3.020
outwards	2.990
outweigh	3.270
outweighed	2.900
outweighs	2.860
outwit	2.480
ov	2.960
ova	3.170
oval	3.980
ovals	2.470
ovarian	3.460
ovaries	3.160
ovary	2.940
ovate	2.580
ovation	3.290
ove	2.900
ovechkin	2.660
oven	4.050
ovens	3.220
over	6.080
overactive	2.500
overall	4.900
overalls	3.000
overarching	3.150
overbearing	2.910
overblown	2.830
overboard	3.430
overbook	1.440
overburdened	2.490
overcame	3.260
overcast	3.050
overcharge	2.490
overcharged	2.520
overcharging	2.410
overcoat	2.770
overcome	4.270
overcomes	2.930
overcoming	3.550
overconfident	2.460
overcooked	2.670
overcrowded	3.090
overcrowding	3.050
overdo	2.840
overdoing	2.570
overdone	2.820
overdose	3.570
overdosed	2.710
overdoses	2.750
overdosing	2.440
overdraft	2.840
overdrive	3.180
overdue	3.500
overeating	2.690
overemphasise	0.000
overemphasize	1.730
overestimate	2.830
overestimated	2.760
overexpression	2.410
overextended	2.400
overfishing	2.550
overflow	3.390
overflowed	2.580
overflowing	3.230
overflows	2.650
overgrown	3.120
overgrowth	2.520
overhang	2.790
overhanging	2.640
overhaul	3.590
overhauled	2.900
overhauling	2.570
overhauls	2.490
overhead	3.930
overheads	2.690
overhear	2.650
overheard	3.400
overhearing	2.420
overheat	2.700
overheated	2.890
overheating	3.100
overjoyed	2.970
overkill	2.980
overlaid	2.780
overland	3.230
overlap	3.700
overlapped	2.780
overlapping	3.560
overlaps	2.950
overlay	3.240
overlays	2.690
overload	3.500
overloaded	3.130
overloading	2.760
overlook	3.530
overlooked	3.820
overlooking	3.680
overlooks	3.120
overlord	3.020
overlords	2.700
overly	3.830
overlying	2.610
overnight	4.190
overpaid	2.900
overpass	2.960
overplayed	2.470
overpopulation	2.710
overpower	2.850
overpowered	3.000
overpowering	2.980
overpriced	3.120
overprotective	2.660
overran	2.710
overrated	3.520
overreach	2.640
overreaching	2.400
overreact	2.820
overreacted	2.690
overreacting	3.100
overreaction	2.770
overridden	2.610
override	3.420
overrides	2.670
overriding	3.090
overrule	2.730
overruled	3.120
overrun	3.360
overruns	2.610
overs	3.560
oversaw	3.250
overseas	4.290
oversee	3.510
overseeing	3.380
overseen	3.150
overseer	2.930
overseers	2.600
oversees	3.290
overshadow	2.710
overshadowed	3.230
overshoot	2.520
overshot	2.410
oversight	3.830
oversize	2.680
oversized	3.400
overslept	2.430
oversold	2.470
overspending	2.400
overstate	2.670
overstated	2.930
overstatement	2.490
overstating	2.450
overstep	2.380
overstepped	2.530
overstepping	2.440
oversupply	2.430
overt	3.310
overtake	3.300
overtaken	3.140
overtakes	2.580
overtaking	3.010
overthink	2.700
overthinking	2.850
overthrew	2.880
overthrow	3.610
overthrowing	2.760
overthrown	3.100
overtime	3.940
overtly	3.160
overton	2.880
overtones	2.920
overtook	3.010
overture	3.010
overtures	2.850
overturn	3.220
overturned	3.490
overturning	2.840
overturns	2.480
overuse	3.020
overused	2.770
overvalued	2.620
overview	4.110
overwatch	3.490
overweight	3.740
overwhelm	3.150
overwhelmed	3.880
overwhelming	4.080
overwhelmingly	3.540
overwhelms	2.570
overwork	2.620
overworked	3.000
overwrite	2.430
overwrought	2.470
overzealous	2.700
ovid	2.700
oviedo	2.540
ovo	2.490
ovoid	2.420
ovulation	2.980
ow	3.640
owe	4.130
owed	3.860
owen	4.050
owen's	2.750
owens	3.630
owes	3.720
owing	3.730
owing to	3.730
owl	3.870
owls	3.410
own	5.740
owned	4.760
owner	4.830
owner's	3.340
owners	4.650
ownership	4.400
owning	3.840
owns	4.210
owo	2.520
ows	2.570
ox	3.470
oxbridge	2.400
oxen	2.900
oxfam	2.760
oxford	4.380
oxfordshire	3.200
oxidant	2.480
oxidase	2.690
oxidation	3.390
oxidative	3.070
oxide	3.660
oxides	2.940
oxidized	2.880
oxidizing	2.600
oxley	2.790
oxnard	2.670
oxo	2.550
oxon	2.570
oxy	2.830
oxycodone	2.590
oxycontin	2.490
oxygen	4.250
oxygenated	2.550
oxygenation	2.480
oxymoron	2.720
oxytocin	2.830
oy	3.110
oye	2.530
oyo	2.650
oyster	3.540
oysters	3.340
oz	4.010
ozark	2.730
ozarks	2.530
ozawa	2.560
ozil	3.090
ozone	3.420
ozzie	2.810
ozzy	3.060
p	5.130
p's	2.710
p.a	3.210
p.c	2.920
p.d	2.660
p.e	2.790
p.i	2.580
p.j	2.840
p.k	2.490
p.l	2.490
p.m	4.440
p.m.	4.440
p.o	2.920
p.r	2.640
p.s	3.560
p.t	2.530
p00	3.640
p000	3.480
p0000	2.800
p1	3.230
p2	3.260
p2p	3.020
p3	3.130
p4	2.860
p5	3.040
p6	2.550
pa	4.460
paa	2.530
pablo	3.800
pabst	2.450
pac	3.930
pace	4.380
paced	3.560
pacemaker	2.970
pacemakers	2.470
pacer	2.710
pacers	3.310
paces	3.170
pacey	2.410
pacha	2.410
pacheco	2.590
pacific	4.590
pacifica	2.630
pacification	2.570
pacified	2.490
pacifier	2.640
pacifism	2.650
pacifist	3.070
pacifists	2.440
pacify	2.730
pacing	3.350
pacino	2.800
pack	4.660
package	4.460
packaged	3.520
packages	4.010
packaging	3.960
packard	3.280
packed	4.310
packer	3.260
packers	3.780
packet	3.770
packets	3.520
packing	4.060
packs	3.940
pacman	2.620
paco	2.990
pacquiao	3.070
pacs	2.860
pact	3.730
pacts	2.610
pad	4.010
padang	2.480
padded	3.220
paddies	2.440
padding	3.180
paddington	3.110
paddle	3.490
paddled	2.550
paddles	2.890
paddling	2.930
paddock	3.110
paddocks	2.510
paddy	3.620
paddy's	2.400
padi	2.420
padilla	3.000
padlock	2.680
padma	2.650
padre	3.110
padres	3.220
pads	3.770
padua	2.760
paducah	2.530
paean	2.410
paediatric	2.840
paediatrics	2.440
paedophile	2.850
paedophiles	2.520
paella	2.630
paf	2.420
pag	2.770
pagan	3.560
paganism	2.790
pagano	2.490
pagans	2.970
page	5.120
page's	2.590
pageant	3.510
pageantry	2.580
pageants	2.760
paged	2.450
pager	2.630
pages	4.620
paget	2.690
paging	2.950
pagoda	2.850
pah	2.770
pai	3.090
paid	5.120
paige	3.520
pail	2.790
pain	5.030
paine	3.170
pained	2.920
painful	4.320
painfully	3.470
painkiller	2.770
painkillers	3.120
painless	3.160
pains	3.840
painstaking	2.930
painstakingly	2.840
paint	4.520
paintball	3.030
paintbrush	2.620
painted	4.350
painter	3.930
painter's	2.470
painterly	2.430
painters	3.560
painting	4.600
paintings	4.200
paints	3.660
pair	4.720
paired	3.780
pairing	3.600
pairings	2.980
pairs	4.110
pairwise	2.440
pais	2.540
paisley	3.310
pajama	2.810
pajamas	3.310
pak	3.400
paki	2.490
pakistan	4.550
pakistan's	3.330
pakistani	4.010
pakistanis	3.080
pal	3.990
pala	2.700
palace	4.450
palaces	3.290
palacio	2.490
palacios	2.470
paladin	2.980
paladins	2.530
palais	2.900
palatable	3.060
palate	3.350
palatial	2.610
palatine	2.790
palau	2.680
palawan	2.430
palazzo	2.990
pale	4.080
paleo	3.240
paleolithic	2.590
paleontologist	2.520
paleontologists	2.480
paleontology	2.790
paleozoic	2.690
paler	2.870
palermo	3.100
pales	2.730
palestine	3.990
palestinian	4.110
palestinians	3.750
palette	3.740
palettes	2.950
paley	2.760
palgrave	2.700
pali	2.690
palin	3.290
palisade	2.510
palisades	2.800
pall	2.930
palladium	3.170
pallas	2.560
pallet	3.120
pallets	2.970
palliative	3.100
pally	2.440
palm	4.230
palma	2.940
palmas	2.460
palmdale	2.510
palme	2.570
palmer	4.020
palmer's	2.800
palmerston	2.900
palmetto	2.720
palms	3.550
palmyra	2.740
palo	3.310
paloma	2.800
palos	2.570
palpable	3.190
palpatine	2.480
palpitations	2.690
pals	3.560
palsy	3.200
paltrow	2.680
paltry	2.860
pam	3.600
pamela	3.570
pamper	2.780
pampered	2.960
pampering	2.650
pamphlet	3.320
pamphlets	3.210
pamplona	2.540
pan	4.390
pan's	2.500
pana	2.430
panacea	2.780
panache	2.660
panama	3.860
panamanian	2.740
panasonic	3.180
pancake	3.350
pancakes	3.590
panchayat	2.770
pancho	2.690
pancras	2.710
pancreas	3.140
pancreatic	3.340
pancreatitis	2.690
panda	3.650
pandas	3.140
pandemic	3.680
pandemonium	2.690
pander	2.640
pandering	2.970
pandey	2.800
pandit	2.830
pandora	3.400
pandora's	2.830
pane	3.090
panel	4.550
panel's	2.430
paneled	2.550
paneling	2.600
panelist	2.660
panelists	2.930
panelled	2.600
panelling	2.520
panels	4.060
panera	2.520
panes	2.890
panetta	2.420
pang	3.110
pangs	2.600
panhandle	2.880
pani	2.400
panic	4.260
panicked	3.400
panicking	3.220
panicky	2.630
panics	2.810
panini	2.680
panna	2.430
panned	3.020
panning	2.760
panorama	3.390
panoramas	2.420
panoramic	3.210
pans	3.480
pansies	2.430
pansy	2.770
pant	3.180
pantera	2.550
pantheon	3.220
panther	3.650
panthers	3.830
panties	3.670
panting	2.990
panto	2.400
pantomime	3.000
pantry	3.230
pants	4.480
panty	2.970
pantyhose	2.840
panzer	2.930
pao	3.100
paola	2.700
paolo	3.400
pap	3.280
papa	3.910
papa's	2.450
papacy	3.020
papadopoulos	2.490
papal	3.400
paparazzi	3.210
papas	2.450
papaya	2.870
pape	2.600
paper	5.070
paper's	2.970
paperback	3.620
paperbacks	2.700
paperless	2.430
papers	4.610
paperwork	3.840
papi	3.040
papier	2.630
papillon	2.520
pappas	2.610
pappu	2.450
pappy	2.560
paprika	2.960
papua	3.420
papyrus	2.900
par	4.150
para	3.850
parable	3.100
parables	2.670
parabolic	2.790
paracetamol	2.660
parachute	3.510
parachuted	2.460
parachutes	2.860
parachuting	2.470
parade	4.160
paraded	2.850
parades	3.290
paradigm	3.610
paradigms	2.920
parading	2.770
paradis	2.570
paradise	4.160
paradiso	2.470
paradox	3.630
paradoxes	2.790
paradoxical	2.880
paradoxically	2.940
paraffin	2.730
paragliding	2.490
paragon	3.050
paragraph	4.030
paragraphs	3.570
paraguay	3.230
paraguayan	2.470
parakeet	2.480
paralegal	2.750
parallax	2.850
parallel	4.270
paralleled	2.640
paralleling	2.460
parallelism	2.580
parallels	3.570
paralympic	3.240
paralympics	3.200
paralyse	2.090
paralysed	2.880
paralysingly	0.000
paralysis	3.480
paralytic	2.480
paralyze	2.650
paralyzed	3.440
paralyzing	2.660
paralyzingly	0.000
param	2.440
paramedic	3.190
paramedics	3.300
parameter	3.570
parameters	4.000
parametric	2.840
paramilitaries	2.460
paramilitary	3.200
paramore	2.490
paramount	3.730
paranoia	3.420
paranoid	3.730
paranormal	3.470
parapet	2.740
paraphernalia	2.970
paraphrase	3.070
paraphrased	2.590
paraphrasing	2.800
paraplegic	2.550
paras	2.680
parasite	3.510
parasites	3.500
parasitic	3.270
parasol	2.630
paratrooper	2.510
paratroopers	2.810
parc	2.780
parcel	3.670
parcels	3.360
parched	2.880
parchment	3.230
pardew	2.510
pardo	2.510
pardon	3.820
pardoned	3.110
pardoning	2.420
pardons	2.920
pare	2.790
pared	2.750
paredes	2.520
parent	4.570
parent's	3.270
parentage	2.840
parental	3.780
parentheses	3.130
parenthesis	2.630
parenthood	3.510
parenting	3.870
parents	5.210
pareto	2.500
parfait	2.480
pari	2.760
pariah	2.760
paribas	2.600
parietal	2.780
paring	2.540
paris	4.820
parish	4.110
parishes	3.320
parishioners	3.060
parisian	3.280
parisians	2.590
parity	3.410
park	5.160
park's	3.290
parka	2.760
parke	2.760
parked	3.910
parker	4.230
parker's	3.000
parkes	2.780
parkin	2.660
parking	4.470
parkinson	3.210
parkinson's	3.340
parkland	3.060
parklands	2.460
parkman	2.440
parkour	2.790
parks	4.330
parkway	3.350
parlance	2.790
parlay	2.570
parley	2.610
parliament	4.740
parliament's	2.810
parliamentarian	2.800
parliamentarians	2.950
parliamentary	4.180
parliaments	3.110
parlor	3.340
parlors	2.690
parlour	3.140
parma	3.010
parmesan	3.170
parnell	2.950
parochial	3.050
parodied	2.530
parodies	2.930
parody	3.780
parodying	2.410
parole	3.780
paroled	2.710
parque	2.520
parquet	2.460
parr	3.010
parra	2.650
parramatta	3.120
parris	2.610
parrish	3.030
parrot	3.490
parrots	3.010
parrott	2.450
parry	3.440
pars	2.860
parse	2.980
parser	2.630
parsing	2.860
parsley	3.270
parsnip	2.410
parsnips	2.420
parson	2.820
parsonage	2.560
parsons	3.600
part	5.780
part-time	5.660
partake	3.230
partaking	2.710
parte	2.770
parted	3.440
parthenon	2.660
parti	2.770
partial	4.170
partially	4.190
participant	3.780
participants	4.400
participate	4.420
participated	4.010
participates	3.280
participating	4.190
participation	4.330
participatory	3.110
participle	2.660
partick	2.630
particle	3.900
particles	4.080
particular	5.000
particularly	4.960
particulars	3.170
particulate	3.040
particulates	2.670
partied	2.800
parties	4.890
parting	3.370
partisan	3.810
partisans	3.110
partisanship	2.870
partition	3.670
partitioned	2.830
partitioning	2.810
partitions	3.120
partly	4.300
partner	4.840
partner's	3.280
partnered	3.530
partnering	3.340
partners	4.560
partnership	4.480
partnerships	3.820
parton	3.030
partridge	3.200
parts	5.070
partum	2.400
partway	2.400
party	5.490
party's	3.930
partying	3.490
parvati	2.710
pas	3.590
pasadena	3.450
pascal	3.390
paschal	2.600
pasco	2.680
pascoe	2.650
pascual	2.400
paseo	2.400
pasha	3.140
pashto	2.450
pashtun	2.670
paso	3.470
pasquale	2.650
pass	5.050
passable	2.800
passage	4.270
passages	3.680
passageway	2.880
passageways	2.590
passaic	2.620
passat	2.460
passcode	2.700
passe	2.530
passed	4.920
passenger	4.380
passenger's	2.440
passengers	4.340
passer	3.170
passerby	2.550
passers	2.850
passersby	2.590
passes	4.450
passing	4.630
passion	4.440
passionate	4.090
passionately	3.330
passions	3.580
passive	4.030
passively	3.010
passivity	2.600
passover	3.180
passport	4.050
passports	3.520
password	4.060
passwords	3.570
past	5.360
pasta	3.920
paste	3.910
pasted	3.020
pastel	3.250
pastels	2.720
pasternak	2.420
pastes	2.490
pasteur	2.800
pasteurized	2.490
pastiche	2.520
pasties	2.490
pastime	3.100
pastimes	2.660
pasting	2.800
pastor	4.080
pastor's	2.550
pastoral	3.540
pastors	3.330
pastrami	2.420
pastries	3.050
pastry	3.530
pasts	2.640
pasture	3.360
pastures	3.240
pasty	2.880
pat	4.240
pat's	2.670
pata	2.450
patagonia	2.960
patch	4.200
patched	3.190
patches	3.860
patchily	1.450
patching	2.920
patchouli	2.430
patchwork	3.100
patchy	2.930
pate	2.880
patel	3.490
patella	2.480
patent	4.180
patented	3.540
patenting	2.400
patently	2.880
patents	3.770
pater	2.520
paternal	3.260
paternalistic	2.460
paternity	3.240
paterno	2.600
paterson	3.410
path	4.710
pathetic	4.110
pathetically	2.660
pathfinder	3.070
pathogen	3.170
pathogenesis	2.810
pathogenic	2.960
pathogens	3.330
pathologic	2.400
pathological	3.360
pathologies	2.500
pathologist	3.150
pathologists	2.770
pathology	3.570
pathophysiology	2.660
pathos	2.830
paths	4.020
pathway	3.770
pathways	3.640
patience	4.200
patient	4.770
patient's	3.580
patiently	3.480
patients	4.910
patil	2.620
patina	2.680
patio	3.440
patios	2.420
patna	2.840
paton	2.760
patreon	3.020
patria	2.410
patriarch	3.310
patriarchal	3.240
patriarchate	2.450
patriarchs	2.710
patriarchy	3.120
patric	2.410
patrice	3.100
patricia	3.760
patrician	2.640
patrick	4.370
patrick's	3.350
patrik	2.480
patrimony	2.510
patriot	3.730
patriotic	3.790
patriotism	3.590
patriots	3.960
patrol	4.140
patrolled	2.900
patrolling	3.200
patrolman	2.590
patrols	3.480
patron	3.730
patronage	3.450
patronise	2.170
patronising	2.690
patronisingly	1.240
patronize	2.720
patronized	2.460
patronizing	2.780
patronizingly	1.360
patrons	3.700
pats	3.320
patsy	3.120
pattaya	2.690
patted	2.800
patten	2.890
patter	2.770
pattern	4.560
patterned	3.250
patterning	2.740
patterns	4.410
patterson	3.690
patti	3.200
pattie	2.480
patties	2.900
patting	2.910
pattinson	2.890
pattison	2.630
patton	3.400
patty	3.580
pau	3.060
paucity	2.610
paul	5.030
paul's	3.650
paula	3.750
paulette	2.550
pauley	2.420
pauli	2.660
paulie	3.100
paulina	2.720
pauline	3.480
paulinho	2.490
paulo	3.760
pauls	2.610
paulsen	2.710
paulson	3.010
paulus	2.550
pauly	2.680
pauper	2.780
pause	4.000
paused	3.380
pauses	3.210
pausing	3.040
pav	2.450
pave	3.210
paved	3.620
pavel	3.110
pavement	3.610
pavements	2.810
paves	2.500
pavilion	3.620
pavilions	2.710
paving	3.420
pavlov	2.610
paw	3.480
pawan	2.530
pawn	3.530
pawnbroker	2.290
pawned	2.410
pawnee	2.810
pawns	2.990
pawnshop	2.200
paws	3.430
pawtucket	2.520
pax	3.300
paxton	3.160
pay	5.400
payable	3.500
payback	3.290
paycheck	3.500
paychecks	2.930
payday	3.610
payed	2.950
payer	3.220
payers	3.200
payin	2.400
paying	4.750
payload	3.360
payloads	2.810
paymaster	2.480
payment	4.660
payments	4.480
payne	3.740
payoff	3.250
payoffs	2.690
payout	3.360
payouts	3.060
paypal	3.750
payroll	3.760
payrolls	2.750
pays	4.260
payson	2.480
payton	3.100
paywall	2.350
paz	3.120
país	2.400
pb	3.520
pba	2.580
pbl	2.500
pbr	2.700
pbs	3.520
pbuh	2.420
pc	4.530
pc's	2.630
pca	2.880
pcb	3.150
pcbs	2.670
pcc	2.920
pcd	2.410
pce	2.480
pci	3.170
pcie	2.620
pcl	2.600
pcm	2.710
pcos	2.680
pcp	2.940
pcr	3.150
pcs	3.710
pct	3.150
pd	3.700
pda	2.950
pdc	2.530
pde	2.500
pdf	3.840
pdfs	2.660
pdp	3.120
pdr	2.460
pds	2.730
pdt	3.020
pdx	2.480
pe	3.720
pea	3.540
peabody	3.300
peace	5.020
peaceable	2.400
peacebuilding	2.400
peaceful	4.280
peacefully	3.630
peacekeeper	2.590
peacekeepers	2.830
peacekeeping	3.150
peacemaker	2.690
peacemakers	2.420
peacetime	3.000
peach	3.770
peaches	3.500
peachtree	2.630
peachy	2.870
peacock	3.440
peacocks	2.710
peak	4.530
peake	2.590
peaked	3.500
peaking	3.120
peaks	3.870
peaky	2.470
peal	2.410
peale	2.470
peanut	3.900
peanuts	3.520
pear	3.470
pearce	3.450
pearl	4.140
pearls	3.540
pearly	2.870
pears	3.160
pearse	2.430
pearson	3.730
pearson's	2.470
peas	3.650
peasant	3.620
peasantry	2.700
peasants	3.660
pease	2.800
peasy	2.580
peat	3.300
pebble	3.340
pebbles	3.170
pec	2.600
pecan	2.930
pecans	2.580
peck	3.460
pecker	2.520
peckham	2.750
pecking	2.880
pecos	2.550
pecs	2.560
pectin	2.420
pectoral	2.910
peculiar	3.670
peculiarities	2.730
peculiarity	2.500
peculiarly	2.610
pecuniary	2.480
ped	2.830
pedagogical	3.070
pedagogy	3.120
pedal	3.640
pedaling	2.500
pedals	3.230
pedantic	2.660
peddle	2.760
peddled	2.480
peddler	2.610
peddlers	2.440
peddling	3.010
pedersen	2.780
pederson	2.640
pedestal	3.350
pedestals	2.440
pedestrian	3.710
pedestrians	3.440
pediatric	3.530
pediatrician	3.070
pediatricians	2.640
pediatrics	3.290
pedicure	2.710
pedigree	3.350
pedo	2.840
pedophile	3.300
pedophiles	3.030
pedophilia	3.100
pedro	3.750
peds	2.550
peduncle	2.410
pee	3.960
peebles	2.560
peed	3.100
peeing	3.240
peek	3.700
peeked	2.640
peeking	2.960
peeks	2.600
peel	3.800
peele	2.630
peeled	3.340
peeler	2.480
peeling	3.240
peels	2.800
peep	3.390
peeped	2.410
peeping	2.920
peeps	3.100
peer	4.140
peerage	2.770
peered	2.660
peering	2.990
peerless	2.760
peers	4.020
pees	2.560
peet	2.470
peeta	2.560
peeve	2.800
peeved	2.400
peeves	2.530
peewee	2.400
peg	3.490
pegasus	3.150
pegg	2.540
pegged	3.070
pegging	2.660
peggy	3.570
pegs	2.980
pei	3.000
peirce	2.770
pejorative	2.740
peking	3.180
pekka	2.490
pelagic	2.610
pele	2.820
pelham	2.820
pelican	3.070
pelicans	3.170
pell	3.100
pelle	2.560
pellegrini	2.830
pellet	3.100
pelletier	2.480
pellets	3.260
pelosi	3.360
peloton	2.770
pelt	2.890
pelted	2.530
pelting	2.430
pelts	2.650
pelvic	3.370
pelvis	3.260
pelé	2.480
pemberton	2.900
pembroke	3.070
pembrokeshire	2.920
pen	4.380
pen friend	4.340
pena	2.940
penal	3.460
penalise	2.110
penalised	2.570
penalize	2.740
penalized	3.080
penalties	4.080
penalty	4.450
penance	3.130
penang	2.950
pence	3.660
penchant	3.070
pencil	3.950
pencils	3.390
pendant	3.430
pendants	2.800
pender	2.480
pending	4.020
pendleton	3.100
pendragon	2.440
pendulous	2.100
pendulum	3.270
penelope	3.320
penetrate	3.550
penetrated	3.260
penetrates	2.830
penetrating	3.330
penetration	3.710
penfriend	0.000
peng	3.210
penguin	3.780
penguins	3.670
penh	2.930
penicillin	3.040
penile	2.670
peninsula	4.030
peninsular	2.830
penis	4.050
penises	2.980
penitent	2.580
penitentiary	3.180
penmanship	2.450
penn	3.900
penn's	2.400
pennant	2.890
penne	2.470
penned	3.380
penner	2.520
penney	2.810
pennies	3.350
penniless	2.850
penning	2.740
pennington	2.900
pennsylvania	4.400
pennsylvania's	2.640
penny	4.070
penny's	2.480
penobscot	2.400
penrith	2.950
penrose	2.740
pens	3.750
pensacola	3.060
pension	4.220
pensioner	2.870
pensioners	3.170
pensions	3.800
pensive	2.630
penske	2.690
pent	2.950
penta	2.470
pentagon	3.700
pentagon's	2.440
pentagram	2.580
pentax	2.560
pentecost	2.840
pentecostal	2.860
penthouse	3.310
pentium	2.760
penultimate	3.090
penzance	2.590
peo	2.660
peony	2.570
people	6.250
people's	4.680
peoples	4.260
peoria	3.140
pep	3.520
pepe	3.400
peppa	2.610
pepper	4.140
pepper's	2.420
peppered	2.780
peppermint	3.090
pepperoni	3.010
peppers	3.660
peppy	2.530
pepsi	3.440
pepsico	2.610
peptide	3.300
peptides	3.150
pepys	2.530
per	5.450
per cent	4.740
pera	2.460
perak	2.410
peralta	2.920
perc	2.450
perce	2.450
perceive	3.720
perceived	4.160
perceives	2.940
perceiving	2.820
percent	5.040
percentage	4.480
percentages	3.410
percentile	3.090
perceptible	2.570
perception	4.180
perceptions	3.680
perceptive	2.990
perceptively	1.740
perceptual	2.930
perch	3.290
perchance	2.510
perched	3.240
perches	2.570
percival	2.910
percussion	3.370
percussionist	2.450
percussive	2.600
percutaneous	2.470
percy	3.660
perdition	2.460
perdue	2.600
pere	2.730
peregrine	2.820
pereira	2.930
perennial	3.510
perennially	2.430
perennials	2.650
perera	2.480
peres	2.820
perez	3.660
perf	2.680
perfect	5.200
perfected	3.300
perfecting	3.040
perfection	3.990
perfectionism	2.560
perfectionist	2.890
perfectly	4.610
perfecto	2.400
perforated	3.010
perforation	2.560
perforations	2.430
perform	4.660
performance	5.160
performances	4.290
performative	2.630
performed	4.680
performer	3.800
performers	3.880
performing	4.560
performs	3.970
perfume	3.750
perfumed	2.640
perfumes	3.020
perfunctory	2.450
perfusion	2.670
perhaps	5.090
peri	2.990
pericles	2.430
peridot	2.500
peril	3.400
perilous	3.180
perils	3.110
perimeter	3.680
perinatal	2.570
period	5.210
periodic	3.630
periodical	3.140
periodically	3.590
periodicals	3.180
periodicity	2.560
periodontal	2.730
periods	4.330
peripheral	3.660
peripherals	2.860
periphery	3.300
periscope	2.870
perish	3.320
perishable	2.800
perished	3.300
peritoneal	2.520
perjury	3.310
perk	3.190
perkins	3.650
perks	3.620
perky	2.950
perl	2.970
perla	2.420
perlman	2.590
perm	3.120
perma	2.400
permaculture	2.440
permafrost	2.790
permanence	2.760
permanent	4.570
permanente	2.570
permanently	4.080
permeability	2.920
permeable	2.760
permeate	2.630
permeated	2.680
permeates	2.690
permian	3.000
permissible	3.200
permission	4.500
permissions	3.110
permissive	2.770
permit	4.220
permits	3.940
permitted	4.130
permitting	3.460
permutation	2.640
permutations	2.790
pernambuco	2.420
pernicious	2.870
pero	2.810
perot	2.590
peroxide	3.130
perp	2.650
perpendicular	3.290
perpetrate	2.480
perpetrated	3.250
perpetrating	2.400
perpetrator	3.320
perpetrators	3.380
perpetual	3.610
perpetually	3.160
perpetuate	3.190
perpetuated	2.980
perpetuates	2.690
perpetuating	2.990
perpetuity	2.900
perplexed	3.050
perplexing	2.910
perrier	2.490
perrin	2.830
perron	2.400
perry	4.220
perry's	3.060
pers	2.820
persecute	2.790
persecuted	3.420
persecuting	2.610
persecution	3.720
persecutions	2.620
persephone	2.610
perseus	2.740
perseverance	3.340
persevere	2.960
persevered	2.630
persevering	2.520
pershing	2.920
persia	3.360
persian	3.830
persians	3.070
persie	2.800
persimmon	2.540
persist	3.530
persisted	3.340
persistence	3.510
persistent	3.900
persistently	3.050
persisting	2.700
persists	3.310
person	5.550
person's	4.040
persona	3.690
personable	2.690
personal	5.200
personalisation	2.180
personalise	2.160
personalised	3.170
personalities	3.900
personality	4.550
personalization	2.570
personalize	2.690
personalized	3.530
personally	4.570
personals	2.560
personas	2.800
personhood	2.760
personification	2.820
personified	2.910
personify	2.210
personnel	4.560
persons	4.430
perspective	4.560
perspectives	3.890
perspiration	2.680
persson	2.570
persuade	3.820
persuaded	3.770
persuades	2.540
persuading	3.090
persuasion	3.330
persuasive	3.410
persuasively	2.360
pert	2.590
pertain	2.880
pertain to	2.880
pertaining	3.600
pertains	3.030
perth	3.930
perthshire	2.660
pertinent	3.360
perturbation	2.660
perturbations	2.490
perturbed	2.690
pertussis	2.550
peru	3.890
peru's	2.460
perugia	2.650
peruse	2.730
perusing	2.570
peruvian	3.420
perv	2.800
pervades	2.530
pervasive	3.390
pervasiveness	2.140
perverse	3.190
perversion	2.870
perversity	2.230
pervert	3.320
perverted	3.190
perverts	2.840
pervez	2.470
pes	3.010
peshawar	3.100
peshmerga	2.510
pesky	3.100
peso	3.000
pesos	3.230
pessimism	2.970
pessimist	2.670
pessimistic	3.250
pest	3.640
pester	2.570
pestering	2.620
pesticide	3.250
pesticides	3.490
pestilence	2.780
pestle	2.540
pesto	2.880
pests	3.410
pet	4.450
pet's	2.450
peta	3.190
petal	3.040
petals	3.460
petaluma	2.470
petco	2.590
pete	4.120
pete's	2.970
peter	4.880
peter's	3.480
peterborough	3.230
peters	3.700
petersburg	3.700
petersen	3.150
peterson	3.850
peterson's	2.750
petey	2.570
petiole	2.470
petit	3.270
petite	3.430
petition	4.300
petitioned	3.040
petitioner	2.860
petitioners	2.820
petitioning	2.740
petitions	3.430
petr	2.910
petra	3.270
petraeus	2.590
petri	2.980
petrie	2.970
petrified	3.030
petro	2.940
petrobras	2.410
petrochemical	2.970
petrochemicals	2.540
petrograd	2.510
petrol	3.720
petrol station	3.700
petroleum	3.900
petronas	2.440
petrov	2.750
petrovich	2.410
petrus	2.500
pets	4.080
petsmart	2.450
petted	2.430
petticoat	2.630
pettigrew	2.580
pettiness	2.550
petting	3.050
pettis	2.560
pettit	2.520
petty	4.070
petulant	2.730
petunia	2.480
peugeot	3.130
pew	3.410
pewdiepie	2.940
pews	2.780
pewter	2.780
peyote	2.550
peyton	3.580
pez	2.460
peña	3.050
pf	3.440
pfa	2.720
pfc	2.800
pfeiffer	2.960
pff	2.550
pfft	2.960
pfi	2.450
pfizer	3.110
pfs	2.410
pg	3.880
pga	3.610
pgp	2.550
pgs	2.740
ph	3.970
ph.d	3.910
pha	2.660
phaedra	2.460
phage	2.660
phalanx	2.850
phallic	2.660
phallus	2.520
pham	2.650
phan	2.640
phantom	3.780
phantoms	2.890
pharaoh	3.320
pharaoh's	2.440
pharaohs	2.740
pharisees	2.860
pharm	2.430
pharma	3.430
pharmaceutical	3.900
pharmaceuticals	3.480
pharmacies	3.180
pharmacist	3.340
pharmacists	3.160
pharmacokinetics	2.460
pharmacological	2.920
pharmacology	3.150
pharmacy	3.870
pharrell	3.090
phase	4.640
phased	3.330
phaser	2.500
phases	3.830
phasing	2.980
phat	2.790
phd	4.070
phds	2.610
phe	2.580
pheasant	3.030
pheasants	2.630
phelan	2.720
phelps	3.550
phenol	2.640
phenolic	2.560
phenom	2.630
phenomena	3.740
phenomenal	3.760
phenomenally	2.610
phenomenological	2.520
phenomenology	2.730
phenomenon	4.130
phenotype	3.050
phenotypes	2.690
phenotypic	2.680
phenyl	2.450
pheromone	2.710
pheromones	2.820
phew	3.140
phi	3.550
phil	4.370
phil's	2.860
philadelphia	4.420
philadelphia's	2.640
philanthropic	3.210
philanthropically	1.290
philanthropist	3.120
philanthropists	2.690
philanthropy	3.320
philbin	2.440
philharmonic	3.190
philip	4.280
philip's	2.520
philipp	2.900
philippa	2.780
philippe	3.550
philippi	2.420
philippians	2.680
philippine	3.760
philippines	4.290
philips	3.410
philistine	2.580
philistines	2.710
phillies	3.340
phillip	3.790
phillips	4.030
philly	3.630
philo	2.900
philological	2.450
philology	2.730
philosopher	3.720
philosopher's	2.610
philosophers	3.620
philosophic	2.440
philosophical	3.950
philosophically	2.780
philosophies	3.230
philosophy	4.490
phineas	2.900
phipps	2.940
phish	2.710
phishing	2.950
phlegm	2.580
phnom	2.980
pho	2.900
phobia	3.100
phobias	2.660
phobic	2.530
phoebe	3.380
phoenician	2.690
phoenicians	2.490
phoenix	4.210
phone	5.300
phone's	3.200
phoned	3.280
phoneme	2.440
phonemes	2.520
phonemic	2.440
phones	4.450
phonetic	3.020
phonetically	2.510
phonetics	2.570
phoney	2.690
phonics	2.610
phoning	2.810
phonograph	2.740
phonological	2.720
phonology	2.660
phony	3.350
phosphatase	2.600
phosphate	3.420
phosphates	2.520
phosphor	2.560
phosphoric	2.480
phosphorous	2.510
phosphorus	3.250
phosphorylated	2.480
phosphorylation	2.990
photo	4.970
photo's	2.530
photocopies	2.460
photocopy	2.700
photogenic	2.850
photograph	4.230
photographed	3.720
photographer	4.280
photographer's	2.730
photographers	3.830
photographic	3.760
photographing	3.190
photographs	4.340
photography	4.450
photojournalism	2.450
photojournalist	2.800
photometric	2.540
photon	3.320
photonic	2.580
photonics	2.560
photons	3.190
photos	4.830
photoshoot	2.930
photoshop	3.780
photoshopped	3.160
photosynthesis	3.030
photosynthetic	2.630
photovoltaic	3.020
php	3.420
phrasal verb	2.020
phrase	4.300
phrased	2.770
phrases	3.890
phrasing	2.980
phs	2.610
phu	2.650
phuket	2.990
phy	2.540
phyllis	3.330
phylogenetic	2.870
phylogeny	2.500
phys	2.880
physic	2.500
physical	4.940
physicality	2.830
physically	4.300
physicals	2.430
physician	4.180
physician's	2.470
physicians	4.040
physicist	3.420
physicists	3.300
physics	4.390
physio	2.840
physiologic	2.440
physiological	3.540
physiologically	2.610
physiologist	2.550
physiology	3.610
physiotherapist	2.670
physiotherapy	2.870
physique	3.290
phytoplankton	2.640
pi	3.920
pia	3.110
pianist	3.480
pianists	2.580
piano	4.310
pianos	2.990
piazza	3.170
pic	4.200
pic.twitter.com	3.060
pica	2.500
picard	3.180
picasso	3.460
picasso's	2.440
picayune	2.410
piccadilly	3.020
picchu	2.590
piccolo	3.030
pick	5.080
picked	4.720
pickens	2.690
picker	2.990
pickering	3.140
pickers	2.830
picket	3.270
picketing	2.580
pickets	2.600
pickett	2.890
pickford	2.510
pickin	2.500
picking	4.440
pickings	2.660
pickle	3.390
pickled	3.170
pickles	3.480
pickling	2.470
pickpocket	2.500
picks	4.240
pickup	3.860
pickups	3.140
pickwick	2.450
picky	3.340
picnic	3.800
picnics	2.840
pico	3.050
pics	4.160
pictorial	3.220
picture	5.130
pictured	3.790
pictures	4.920
picturesque	3.500
picturing	2.940
pid	2.830
pidgin	2.540
pie	4.190
piece	5.040
pieced	2.770
piecemeal	2.820
pieces	4.720
piecing	2.670
pied	3.020
piedmont	3.120
pier	3.820
pierce	3.930
pierced	3.460
pierces	2.530
piercing	3.570
piercings	3.080
piero	3.010
pierre	3.950
pierrot	2.560
piers	3.510
pierson	3.000
pies	3.580
piet	2.570
pieter	2.750
pietro	3.030
piety	3.090
piezoelectric	2.600
pig	4.140
pig's	2.700
pigeon	3.610
pigeons	3.360
piggies	2.410
piggy	3.300
piggyback	2.740
piglet	2.820
piglets	2.600
pigment	3.370
pigmentation	2.870
pigmented	2.840
pigments	3.130
pigs	3.990
pigtails	2.560
pika	2.570
pikachu	3.180
pike	3.680
pikes	2.750
pil	2.760
pilar	2.820
pilate	2.850
pilates	3.000
pilbara	2.450
pile	4.140
piled	3.410
piles	3.590
pilgrim	3.380
pilgrim's	2.400
pilgrimage	3.500
pilgrimages	2.610
pilgrims	3.480
piling	3.300
pilipinas	2.410
pilkington	2.620
pill	4.030
pillage	2.760
pillaged	2.530
pillaging	2.590
pillar	3.640
pillars	3.620
pillow	3.960
pillowcase	2.550
pillows	3.500
pills	4.050
pillsbury	2.650
pilot	4.520
pilot's	3.060
piloted	3.030
piloting	3.020
pilots	4.120
pilsner	2.420
pim	2.750
pima	2.660
pimlico	2.490
pimp	3.430
pimped	2.440
pimping	2.660
pimple	2.830
pimples	2.930
pimps	2.860
pin	4.280
pina	2.680
pinball	3.100
pinch	3.760
pinched	3.140
pinches	2.600
pinching	3.030
pinckney	2.450
pincus	2.550
pindar	2.450
pine	4.100
pineal	2.500
pineapple	3.580
pineapples	2.780
pineda	2.650
pinellas	2.520
pines	3.440
pinewood	2.650
piney	2.480
ping	3.760
pinged	2.530
pinging	2.630
pings	2.930
pinhole	2.490
pining	2.750
pinion	2.630
pink	4.520
pink's	2.400
pinker	2.540
pinkerton	2.720
pinkie	2.860
pinkish	2.720
pinks	2.800
pinky	3.390
pinnacle	3.450
pinnacles	2.490
pinned	3.660
pinning	3.130
pino	2.660
pinocchio	2.930
pinochet	2.740
pinot	3.090
pinoy	2.750
pinpoint	3.350
pinpointed	2.490
pins	3.800
pint	3.660
pinter	2.630
pinterest	3.480
pinto	3.120
pints	3.220
pinus	2.730
pio	2.650
pioneer	3.910
pioneered	3.290
pioneering	3.540
pioneers	3.550
piotr	2.530
pious	3.310
pip	3.350
pipe	4.250
piped	2.960
pipeline	4.040
pipelines	3.430
piper	3.680
piper's	2.400
pipers	2.460
pipes	3.950
piping	3.420
pippa	2.840
pippen	2.470
pippin	2.780
pips	2.930
pique	2.930
piqued	2.730
pir	2.600
piracy	3.520
piraeus	2.450
piranha	2.750
pirate	3.960
pirate's	2.530
pirated	2.850
pirates	3.990
pirelli	2.680
pires	2.490
pirie	2.460
pirlo	2.640
pis	2.730
pisa	3.130
pisces	2.960
piss	4.170
pissed	4.250
pisses	3.480
pissing	3.580
pissy	2.720
pistachio	2.760
pistachios	2.560
pistol	3.930
pistols	3.460
piston	3.470
pistons	3.340
pit	4.270
pita	3.000
pitbull	3.080
pitbulls	2.490
pitch	4.430
pitched	3.840
pitcher	3.790
pitchers	3.440
pitches	3.640
pitchfork	3.010
pitchforks	2.490
pitching	3.750
pitfall	2.530
pitfalls	3.150
pith	2.460
pithy	2.610
pitied	2.510
pitiful	3.240
pitman	2.700
pits	3.720
pitt	3.780
pitt's	2.520
pitta	2.420
pittance	2.610
pitted	3.160
pitting	3.000
pittman	2.770
pitts	2.890
pittsburg	2.780
pittsburgh	4.130
pittsburgh's	2.570
pittsfield	2.600
pituitary	2.940
pity	3.980
pitying	2.450
pius	3.020
pivot	3.500
pivotal	3.500
pivoted	2.530
pivoting	2.620
pivots	2.630
pix	2.750
pixar	3.160
pixel	3.720
pixelated	2.450
pixels	3.490
pixie	3.150
pixies	2.790
pizarro	2.510
pizza	4.430
pizzagate	2.620
pizzas	3.340
pizzeria	2.870
piña	2.410
piñata	2.560
pj	3.230
pjs	2.650
pk	3.400
pka	2.580
pkg	2.440
pkk	3.020
pl	3.880
pla	3.260
placard	2.710
placards	2.670
placate	2.770
place	5.710
placebo	3.480
placed	4.850
placeholder	2.820
placement	4.040
placements	3.270
placenta	3.090
placental	2.610
placer	2.860
places	5.030
placid	3.010
placidly	1.800
placing	4.170
placings	2.410
plagiarism	3.230
plagiarized	2.680
plague	3.890
plagued	3.450
plagues	3.000
plaguing	2.670
plaid	3.330
plain	4.430
plainfield	2.780
plainly	3.380
plains	3.890
plaintiff	3.550
plaintiff's	2.590
plaintiffs	3.580
plaintive	2.460
plait	2.420
plan	5.290
plan's	2.640
planar	3.070
planck	3.020
plane	4.720
plane's	2.820
planed	2.430
planes	4.160
planet	4.680
planet's	3.240
planetarium	2.740
planetary	3.560
planets	4.050
planing	2.760
plank	3.460
planking	2.500
planks	3.130
plankton	3.050
planned	4.690
planner	3.530
planners	3.550
planning	4.900
plano	2.920
plans	5.010
plant	4.890
plant's	2.860
plantagenet	2.420
plantain	2.670
plantains	2.410
plantar	2.640
plantation	3.720
plantations	3.460
planted	4.040
planter	3.100
planters	3.090
planting	3.810
plantings	2.850
plants	4.710
plaque	3.690
plaques	3.180
plasma	3.950
plasmas	2.460
plasmid	2.680
plasmids	2.430
plasmodium	2.470
plaster	3.530
plastered	3.180
plastering	2.610
plastic	4.510
plasticity	2.960
plastics	3.580
plat	3.100
plata	2.880
plate	4.550
plateau	3.610
plateaus	2.660
plated	3.450
platelet	2.900
platelets	2.830
plates	4.220
platform	4.670
platformer	2.560
platforms	4.190
plath	2.520
plating	3.140
platinum	4.020
platitudes	2.730
plato	3.370
plato's	2.640
platonic	3.200
platoon	3.520
platoons	2.590
platt	3.060
platte	2.840
platter	3.250
platters	2.650
platypus	2.690
plausibility	2.550
plausible	3.640
plausibly	2.620
play	5.610
play's	2.720
playa	3.180
playable	3.400
playback	3.330
playbook	3.290
playboy	3.560
played	5.230
player	5.190
player's	3.590
players	5.300
playful	3.530
playfully	2.960
playfulness	2.550
playground	3.790
playgrounds	3.090
playhouse	3.210
playin	3.090
playing	5.370
playlist	3.610
playlists	3.190
playmaker	2.920
playmakers	2.430
playmaking	2.500
playmate	2.820
playmates	2.590
playoff	4.130
playoffs	4.210
playroom	2.550
plays	4.840
playset	2.410
playstation	3.940
plaything	2.510
playthings	2.400
playthrough	2.680
playtime	3.000
playwright	3.390
playwrights	2.890
plaza	3.910
plazas	2.480
plc	3.610
pld	2.520
ple	2.690
plea	3.950
plead	3.630
pleaded	3.660
pleading	3.530
pleadings	2.400
pleads	3.160
pleas	3.510
pleasant	4.220
pleasantly	3.350
pleasantries	2.520
please	5.660
pleased	4.440
pleaser	2.680
pleases	3.290
pleasing	3.750
pleasurable	3.090
pleasure	4.570
pleasures	3.540
pleated	2.730
plebeian	2.440
plebiscite	2.760
plebs	2.620
pled	2.730
pledge	4.000
pledged	3.640
pledges	3.390
pledging	2.980
pleiades	2.400
plein	2.430
pleistocene	3.010
plenary	3.100
plenipotentiary	2.630
plentiful	3.360
plenty	4.720
plenum	2.780
plessis	2.600
plethora	3.240
pleural	2.550
plex	2.610
plexus	2.790
pliable	2.640
plied	2.560
pliers	2.900
plies	2.600
plight	3.460
plinth	2.600
pliny	2.820
pliocene	2.680
pll	2.560
pln	2.400
plo	2.930
plodding	2.570
plop	2.610
plos	2.600
plot	4.580
plotline	2.470
plots	3.770
plotted	3.310
plotter	2.460
plotters	2.630
plotting	3.570
plough	3.090
ploughed	2.770
ploughing	2.760
ploughs	2.440
plovdiv	2.400
plover	2.540
plow	3.210
plowed	2.930
plowing	2.880
plows	2.690
ploy	3.220
plp	2.450
pls	3.690
pluck	3.130
plucked	3.180
plucking	2.860
plucky	2.620
plug	4.140
plugged	3.440
plugging	3.110
plugin	3.280
plugins	3.080
plugs	3.470
plum	3.550
plumage	2.940
plumb	2.920
plumber	3.360
plumbers	3.040
plumbing	3.590
plume	3.190
plumes	2.920
plummer	2.860
plummet	2.850
plummeted	2.910
plummeting	2.680
plummets	2.420
plump	3.190
plums	2.970
plunder	3.100
plundered	2.950
plundering	2.720
plunge	3.490
plunged	3.400
plunger	2.920
plunges	2.800
plunging	3.060
plunkett	2.810
plural	3.550
pluralism	2.900
pluralistic	2.570
plurality	3.420
pluripotent	2.400
plus	4.950
pluses	2.450
plush	3.330
plutarch	2.710
pluto	3.350
plutocrat	1.790
plutonium	3.240
ply	3.150
plying	2.700
plymouth	3.690
plywood	3.290
plz	3.260
pm	4.690
pm's	2.880
pm0.0	2.400
pma	2.590
pmc	2.600
pmi	2.880
pml	2.660
pmo	2.700
pmqs	2.550
pms	3.040
pn	2.850
pnc	2.820
pneumatic	3.110
pneumonia	3.740
pneumoniae	2.410
png	3.360
pnp	2.730
pnr	2.510
po	3.970
poa	2.720
poach	2.680
poached	2.990
poacher	2.580
poachers	2.940
poaching	3.150
poc	3.120
pocahontas	2.950
pochettino	2.480
pocket	4.480
pocket money	4.450
pocketbook	2.660
pocketed	2.750
pocketing	2.510
pockets	4.080
poco	2.580
pocock	2.620
pocono	2.630
pocus	2.570
pod	3.710
podcast	4.150
podcasting	2.670
podcasts	3.480
podesta	2.910
podium	3.630
podiums	2.510
podolski	2.400
pods	3.450
poe	3.550
poe's	2.610
poehler	2.460
poem	4.250
poems	4.110
poet	4.210
poet's	2.630
poetess	2.010
poetic	3.690
poetical	2.570
poetically	2.430
poetics	2.820
poetry	4.400
poets	3.840
pof	2.510
pog	2.400
pogba	3.090
pogo	2.820
pogrom	2.400
pogroms	2.490
pogue	2.420
pohl	2.430
poi	2.830
poignant	3.270
poindexter	2.440
point	5.540
point of view	5.030
pointe	3.030
pointed	4.460
pointedly	2.730
pointer	3.620
pointers	3.480
pointing	4.200
pointless	3.880
points	5.230
pointy	3.110
poirier	2.500
poirot	2.890
poise	3.040
poised	3.430
poison	4.080
poisoned	3.580
poisoning	3.840
poisonous	3.570
poisons	3.160
poisson	2.760
pok	2.450
poke	3.600
poked	3.230
pokemon	4.060
poker	3.970
pokes	2.920
pokey	2.540
poking	3.410
pokémon	3.700
pol	3.430
poland	4.240
poland's	2.890
polanski	2.690
polar	3.960
polar bear	3.890
polaris	3.080
polarisation	2.520
polarised	2.520
polarity	3.060
polarization	3.260
polarized	3.300
polarizing	2.950
polaroid	2.910
poldark	2.420
pole	4.230
polemic	2.640
polemical	2.490
polenta	2.530
poles	3.880
poli	2.740
police	5.330
police officer	4.850
police station	4.840
police's	2.700
policed	2.540
policeman	3.740
policemen	3.540
polices	2.680
policewoman	2.540
policies	4.710
policing	3.620
policy	5.170
policyholder	2.460
policyholders	2.680
policymakers	3.170
policymaking	2.650
polio	3.270
polis	2.740
polish	4.290
polished	3.760
polishes	2.600
polishing	3.280
politburo	2.800
polite	3.920
politely	3.470
politeness	2.930
politic	2.790
political	5.290
politically	4.060
politician	4.160
politician's	2.460
politicians	4.540
politicized	2.820
politico	3.160
politics	4.870
politique	2.430
polity	2.880
polk	3.230
polka	3.200
poll	4.350
pollack	2.850
pollard	3.230
polled	3.230
pollen	3.470
pollinate	2.430
pollinated	2.520
pollination	2.980
pollinators	2.730
polling	3.830
pollo	2.470
pollock	3.230
polls	4.100
pollster	2.470
pollsters	2.590
pollutant	2.690
pollutants	3.290
pollute	2.860
polluted	3.320
polluters	2.540
polluting	3.070
pollution	4.200
polly	3.400
polo	3.770
polonium	2.470
poltergeist	2.570
poly	3.640
polycarbonate	2.510
polyester	3.110
polyethylene	2.970
polygamous	2.530
polygamy	3.070
polygon	3.040
polygonal	2.540
polygons	2.730
polygraph	2.780
polymer	3.640
polymerase	2.960
polymeric	2.660
polymerization	2.850
polymers	3.280
polymorphic	2.430
polymorphism	2.720
polymorphisms	2.490
polynesia	2.760
polynesian	2.900
polynomial	3.110
polynomials	2.770
polypeptide	2.600
polyphonic	2.410
polypropylene	2.690
polyps	2.710
polystyrene	2.800
polysyllabic	1.780
polytechnic	3.180
polyunsaturated	2.460
polyurethane	2.760
polyvinyl	2.470
pom	3.170
pomegranate	2.930
pomegranates	2.430
pomeranian	2.580
pomeroy	2.830
pommel	2.470
pomona	2.890
pomp	2.950
pompeii	3.000
pompeo	2.810
pompey	3.000
pompidou	2.410
pompous	3.060
poms	2.670
pon	2.810
ponce	2.890
poncho	2.790
pond	3.980
ponder	3.350
pondered	2.850
pondering	3.080
ponderosa	2.640
ponderous	2.470
ponderously	1.470
ponders	2.570
pondicherry	2.460
ponds	3.460
pong	3.450
ponies	3.290
pons	2.630
pont	3.140
ponta	2.560
ponte	2.750
pontiac	3.120
pontiff	2.800
pontifical	2.680
pontificate	2.510
ponting	2.480
pontius	2.540
pontoon	2.720
pony	3.810
ponytail	3.070
ponzi	2.930
poo	3.540
pooch	2.970
poodle	3.020
poodles	2.450
poof	2.940
pooh	3.290
pooja	2.900
pool	4.670
poole	3.340
pooled	2.980
pooling	2.970
pools	3.870
poolside	2.790
poon	2.580
poop	3.660
pooped	2.880
pooper	2.560
pooping	3.010
poops	2.570
poopy	2.500
poor	5.090
poor's	2.450
poorer	3.600
poorest	3.450
poorly	4.100
pop	4.870
pop's	2.700
popcorn	3.730
pope	4.380
pope's	3.070
popes	3.080
popeye	2.830
poplar	3.070
popo	2.440
popov	2.470
popovich	2.500
poppa	2.560
popped	3.850
popper	2.950
poppers	2.630
poppies	2.890
poppin	2.640
popping	3.830
poppins	2.970
poppy	3.590
pops	3.940
popsicle	2.820
popsicles	2.480
populace	3.340
popular	5.070
popularise	2.070
popularised	2.490
popularity	4.240
popularization	2.230
popularize	2.460
popularized	2.970
popularly	3.180
populate	2.870
populated	3.790
population	5.010
populations	4.190
populism	3.020
populist	3.370
populists	2.590
populous	3.410
populus	2.450
popup	2.780
por	3.500
porcelain	3.560
porch	3.850
porches	2.740
porcine	2.480
porcupine	2.880
pore	3.280
pores	3.400
poring	2.420
pork	4.030
porky	2.670
porn	4.500
pornhub	3.030
porno	3.360
pornographic	3.180
pornography	3.660
pornstar	2.840
pornstars	2.790
poroshenko	2.460
porosity	2.700
porous	3.370
porpoise	2.560
porridge	3.110
porsche	3.700
port	4.730
porta	2.920
portability	2.900
portable	3.970
portage	3.000
portal	4.000
portals	3.300
porte	3.130
ported	3.040
porten	1.110
porter	3.980
porter's	2.750
porters	2.930
portfolio	4.150
portfolios	3.360
portia	2.880
portico	2.740
portillo	2.450
porting	2.650
portion	4.530
portions	3.980
portland	4.180
portland's	2.590
portly	2.420
portman	3.060
portmanteau	2.560
porto	3.510
portobello	2.610
portrait	4.220
portraits	3.860
portraiture	2.830
portray	3.630
portrayal	3.550
portrayals	2.800
portrayed	3.850
portraying	3.330
portrays	3.330
ports	4.070
portsmouth	3.600
portugal	4.100
portugal's	2.660
portuguese	4.030
pos	3.700
pose	4.100
posed	3.810
poseidon	3.100
posen	2.400
poser	2.670
poses	3.790
posey	2.920
posh	3.400
posi	2.400
posing	3.710
posit	2.760
posited	2.770
position	5.210
positional	3.000
positioned	3.790
positioning	3.730
positions	4.630
positive	4.990
positively	3.890
positives	3.380
positivism	2.410
positivity	3.330
positron	2.640
posits	2.750
posner	2.840
poss	2.460
posse	3.180
posses	2.630
possess	4.020
possessed	3.850
possesses	3.610
possessing	3.610
possession	4.380
possessions	3.810
possessive	3.170
possessor	2.580
possibilities	4.110
possibility	4.580
possible	5.360
possibly	4.770
possum	2.940
possums	2.440
post	5.430
post office	5.110
post's	2.830
postage	3.510
postal	3.940
postcard	3.440
postcards	3.280
postcode	3.000
postcolonial	2.680
postdoc	2.540
postdoctoral	3.130
posted	4.970
poster	4.190
posterior	3.430
posteriorly	2.470
posterity	2.970
posters	3.990
postgame	2.710
postgraduate	3.280
posthumous	2.970
posthumously	2.870
posting	4.390
postings	3.140
postman	3.100
postmarked	2.420
postmaster	3.140
postmenopausal	2.500
postmodern	3.080
postmodernism	2.710
postmortem	2.750
postnatal	2.650
postoperative	2.720
postpartum	2.980
postpone	3.480
postponed	3.740
postponement	3.030
postponing	2.840
posts	4.650
postscript	2.750
postseason	3.460
postsecondary	2.770
postulate	2.600
postulated	2.800
postulates	2.540
postural	2.560
posture	3.650
postures	2.740
posturing	2.900
postwar	3.410
pot	4.400
potable	2.830
potash	2.810
potassium	3.580
potato	4.110
potatoes	4.090
potency	3.270
potent	3.740
potential	5.010
potentially	4.390
potentials	3.090
pothole	2.710
potholes	2.930
potion	3.320
potions	2.980
potluck	2.540
potomac	3.310
potro	2.570
pots	3.760
potsdam	2.830
potted	2.940
potter	4.110
potter's	2.860
potters	2.850
pottery	3.700
potting	2.710
potts	3.140
potty	3.260
potus	3.130
pou	2.510
pouch	3.430
pouches	2.900
poughkeepsie	2.760
poultry	3.540
pounce	2.970
pounced	2.570
pound	4.320
pounded	3.250
pounder	2.850
pounders	2.470
pounding	3.570
pounds	4.530
pour	4.100
poured	3.820
pouring	3.860
pours	3.220
pout	2.830
poutine	2.500
pouting	2.700
pov	3.300
poverty	4.460
pow	3.440
powder	4.250
powdered	3.310
powders	3.150
powdery	2.770
powell	3.890
powell's	2.700
power	5.520
power's	2.900
powerball	2.730
powered	4.250
powerful	4.850
powerfully	3.140
powerhouse	3.440
powerhouses	2.540
powering	3.260
powerless	3.490
powerlessness	2.530
powerlifting	2.740
powerplant	2.570
powerplay	2.490
powerpoint	3.240
powers	4.700
powershell	2.720
powertrain	2.650
pows	2.800
powys	2.890
pox	3.010
pp	4.380
ppa	2.560
ppb	2.510
ppc	3.030
ppd	2.740
ppe	2.770
ppg	3.100
ppi	2.930
ppl	3.660
ppm	3.150
ppp	3.290
ppr	2.660
pps	2.880
ppt	2.670
ppv	3.090
pq	2.900
pr	4.190
pra	2.870
practicable	2.840
practical	4.480
practicality	2.960
practically	4.190
practice	5.060
practiced	3.820
practices	4.550
practicing	3.990
practise	3.520
practised	3.330
practises	2.590
practising	3.400
practitioner	3.630
practitioners	3.800
prada	3.210
pradesh	3.630
pradhan	2.470
prado	2.850
praeger	2.500
pragmatic	3.490
pragmatism	2.970
pragmatist	2.480
prague	3.650
praia	2.640
prairie	3.700
prairies	2.850
praise	4.310
praised	4.020
praises	3.510
praiseworthy	2.460
praising	3.600
prakash	2.850
pram	2.770
prance	2.390
prancing	2.610
prank	3.700
pranks	3.170
prankster	2.690
prasad	3.050
prat	2.590
pratap	2.550
pratchett	2.590
prater	2.450
pratt	3.590
pravda	2.740
prawn	2.870
prawns	2.960
praxis	2.890
pray	4.400
prayed	3.670
prayer	4.420
prayers	4.120
praying	3.990
prays	3.100
prc	3.120
pre	4.950
preach	3.690
preached	3.370
preacher	3.680
preachers	3.250
preaches	2.890
preaching	3.690
preakness	2.510
preamble	2.870
precambrian	2.480
precarious	3.270
precariously	2.540
precast	2.510
precaution	3.400
precautionary	2.990
precautions	3.590
precede	2.860
preceded	3.680
precedence	3.330
precedent	3.780
precedents	2.960
precedes	3.020
preceding	3.740
precept	2.580
precepts	2.830
precession	2.440
precinct	3.610
precincts	3.080
precious	4.330
precipice	2.760
precipitate	2.780
precipitated	2.990
precipitating	2.480
precipitation	3.640
precipitous	2.580
precise	4.130
precisely	4.200
precision	4.010
preclinical	2.610
preclude	3.030
precluded	2.680
precludes	2.660
precocious	2.860
precociously	1.720
preconceived	2.860
preconception	2.110
preconceptions	2.710
precondition	2.630
preconditions	2.630
precursor	3.440
precursors	3.040
predate	2.590
predated	2.460
predates	2.870
predation	2.900
predator	3.710
predators	3.740
predatory	3.390
predeceased	2.470
predecessor	3.820
predecessors	3.590
predefined	2.650
predestination	2.510
predestined	2.490
predetermined	3.300
predicament	3.280
predicate	2.850
predicated	3.000
predicates	2.400
predicative	1.890
predict	4.080
predictability	2.850
predictable	3.760
predictably	3.000
predicted	4.120
predicting	3.620
prediction	3.960
predictions	3.940
predictive	3.370
predictor	3.120
predictors	2.860
predicts	3.430
predilection	2.520
predisposed	2.810
predisposition	2.820
prednisone	2.560
predominance	2.550
predominant	3.280
predominantly	3.800
predominate	2.590
predominately	2.830
preds	2.430
preeminent	2.790
preempt	2.440
preemptive	2.800
preet	2.500
preexisting	2.910
prefabricated	2.790
preface	3.390
prefaced	2.510
prefect	3.090
prefectural	2.440
prefecture	3.170
prefer	4.570
preferable	3.440
preferably	3.710
preference	4.110
preferences	3.880
preferential	3.210
preferentially	2.650
preferred	4.350
preferring	3.330
prefers	3.670
prefix	3.230
prefixed	2.550
prefixes	2.700
preform	2.500
preformed	2.470
prefrontal	2.820
pregame	2.930
pregnancies	3.310
pregnancy	4.330
pregnant	4.560
preheat	2.900
prehistoric	3.420
prehistory	2.750
prehuman	1.100
preindustrial	1.870
prejudge	2.050
prejudice	3.790
prejudiced	3.050
prejudices	3.220
prejudicial	2.700
prelate	2.650
prelates	2.460
prelim	2.500
preliminaries	2.700
preliminary	4.160
prelims	2.590
preload	2.410
prelude	3.300
prem	3.280
premarital	2.740
premature	3.700
prematurely	3.310
premeditated	2.940
premeditation	2.410
premier	4.560
premier's	2.500
premiere	4.160
premiered	3.320
premieres	3.250
premiering	2.790
premiers	3.120
premiership	3.610
premierships	2.630
premise	3.820
premised	2.410
premises	4.020
premium	4.330
premiums	3.750
premonition	2.650
prenatal	3.160
prendergast	2.540
prentice	3.140
prentiss	2.690
prenup	2.500
preoccupation	2.870
preoccupations	2.420
preoccupied	3.260
preoccupy	1.830
preoperative	2.460
preorder	3.030
preordered	2.560
preorders	2.570
prep	3.940
prepaid	3.300
preparation	4.320
preparations	3.870
preparatory	3.440
prepare	4.550
prepared	4.740
preparedness	3.320
prepares	3.660
preparing	4.330
prepayment	2.550
preponderance	2.700
preposition	2.620
prepositions	2.540
preposterous	3.130
prepped	2.910
prepping	3.180
preppy	2.630
preps	2.470
prequel	3.190
prequels	2.420
prerecorded	2.420
prerequisite	3.240
prerequisites	2.960
prerogative	3.080
pres	3.600
presale	2.420
presbyterian	3.600
presbyterians	2.700
presbytery	2.790
preschool	3.510
preschoolers	2.670
prescient	2.660
prescott	3.420
prescribe	3.390
prescribed	3.910
prescribes	2.720
prescribing	3.210
prescription	4.000
prescriptions	3.430
prescriptive	2.770
preseason	3.650
presence	4.730
presences	2.400
present	5.180
presentable	2.810
presentation	4.310
presentational	2.060
presentations	3.610
presented	4.750
presenter	3.770
presenters	3.310
presenting	4.080
presently	3.720
presents	4.410
preservation	4.010
preservationist	1.850
preservative	2.790
preservatives	2.820
preserve	4.190
preserved	4.070
preserves	3.360
preserving	3.730
preset	2.940
presets	2.650
preside	2.990
presided	3.410
presidencies	2.450
presidency	4.160
president	5.450
president's	3.940
presidente	2.470
presidential	4.520
presidents	4.080
presides	2.710
presiding	3.460
presidio	2.600
presidium	2.410
presley	3.270
press	5.160
presse	2.790
pressed	4.120
presser	2.790
presses	3.520
pressing	4.080
pressure	5.010
pressured	3.500
pressures	3.910
pressuring	3.130
pressurised	2.460
pressurization	2.290
pressurize	2.070
pressurized	3.030
prestige	3.750
prestigious	3.860
presto	2.920
preston	3.790
presumably	4.060
presume	3.620
presumed	3.620
presumes	2.590
presuming	2.760
presumption	3.220
presumptive	2.820
presumptuous	2.860
presuppose	2.090
presupposes	2.460
presupposition	2.160
pret	2.420
preteen	2.530
pretence	2.730
pretend	4.330
pretended	3.570
pretender	2.800
pretenders	2.650
pretending	4.060
pretends	3.320
pretense	3.010
pretenses	2.620
pretensions	2.630
pretentious	3.170
preterm	2.750
pretext	3.270
pretoria	3.340
pretreatment	2.480
pretrial	2.720
prettier	3.320
prettiest	3.290
pretty	5.380
pretzel	2.980
pretzels	2.960
prev	2.900
prevail	3.550
prevailed	3.410
prevailing	3.550
prevails	3.090
prevalence	3.660
prevalent	3.780
prevent	4.790
preventable	3.150
preventative	3.130
prevented	4.090
preventing	4.120
prevention	4.280
preventive	3.500
prevents	3.890
preview	3.960
previewed	2.580
previewing	2.460
previews	3.330
previous	5.000
previously	4.830
prewar	2.640
prey	3.980
preyed	2.700
preying	2.770
preys	2.500
prez	2.680
pri	3.090
price	5.230
price's	2.680
priced	3.970
priceless	3.580
prices	4.880
pricewaterhousecoopers	2.420
pricey	3.340
prichard	2.440
pricier	2.480
pricing	4.040
prick	3.600
pricked	2.540
prickly	3.030
pricks	3.030
pride	4.490
prided	2.530
prideful	2.460
prides	2.880
priebus	2.630
priest	4.330
priest's	2.670
priestess	2.950
priesthood	3.300
priestley	2.690
priestly	2.920
priests	4.010
prim	2.870
prima	3.340
primacy	2.880
primal	3.320
primaries	3.490
primarily	4.480
primark	2.610
primary	4.880
primary school	4.820
primate	3.140
primates	3.200
primavera	2.440
prime	4.810
prime minister	4.610
primed	3.150
primer	3.500
primers	2.800
primes	2.890
primetime	3.210
primeval	2.710
priming	2.890
primitive	3.800
primitively	1.760
primitives	2.650
primo	2.990
primordial	3.070
primrose	2.910
primus	2.720
prince	4.720
prince's	3.190
princely	2.890
princes	3.690
princess	4.530
princesses	3.320
princeton	3.850
principal	4.520
principal's	2.640
principalities	2.590
principality	2.780
principally	3.400
principals	3.470
principe	2.520
principle	4.340
principled	3.010
principles	4.420
pringle	2.900
pringles	2.550
print	4.540
printable	2.920
printed	4.400
printer	3.930
printers	3.620
printing	4.280
printmaking	2.570
printout	2.590
prints	4.080
prion	2.520
prior	4.850
priori	2.780
priorities	4.060
prioritise	2.790
prioritised	2.400
prioritization	2.580
prioritize	3.310
prioritized	2.880
prioritizes	2.480
prioritizing	2.880
priority	4.410
priors	2.600
priory	3.030
priscilla	3.120
prise	2.450
prism	3.440
prismatic	2.750
prisms	2.610
prison	4.800
prison's	2.400
prisoner	4.200
prisoner's	2.720
prisoners	4.370
prisons	3.830
prissy	2.340
pristine	3.330
pritchard	3.170
pritchett	2.530
pritzker	2.470
prius	3.050
privacy	4.360
private	5.190
privateer	2.540
privateers	2.480
privately	4.010
privates	2.840
privatisation	3.100
privatised	2.620
privatization	3.270
privatize	2.550
privatized	2.830
privilege	4.200
privileged	3.810
privileges	3.760
privy	3.460
prix	3.760
priya	2.920
priyanka	2.730
prize	4.590
prized	3.340
prizes	4.010
prnewswire	2.500
pro	4.940
pro's	2.630
pro00	2.660
proactive	3.410
proactively	2.820
prob	3.410
probabilistic	2.860
probabilities	3.160
probability	4.020
probable	3.790
probably	5.370
probate	3.160
probation	3.790
probationary	2.720
probe	3.990
probed	2.880
probes	3.430
probing	3.210
probiotic	2.600
probiotics	2.700
problem	5.400
problematic	3.870
problems	5.190
probs	2.790
probst	2.530
proc	3.210
procedural	3.510
procedure	4.440
procedures	4.360
proceed	4.180
proceeded	3.870
proceeding	3.660
proceedings	4.180
proceeds	4.050
process	5.260
processed	3.960
processes	4.460
processing	4.460
procession	3.570
processions	2.810
processor	3.870
processors	3.560
proclaim	3.270
proclaimed	3.770
proclaiming	3.220
proclaims	2.960
proclamation	3.440
proclamations	2.620
procrastinate	2.710
procrastinating	2.700
procrastination	2.960
procreate	2.540
procreation	2.740
procter	2.900
proctor	3.230
procurator	2.660
procure	3.160
procured	3.080
procurement	3.680
procuring	2.920
prod	3.250
prodded	2.590
prodding	2.640
prodigal	2.920
prodigious	2.920
prodigy	3.250
produce	4.780
produced	4.870
producer	4.440
producer's	2.570
producers	4.340
produces	4.190
producing	4.450
product	4.950
product's	2.620
production	5.140
productions	3.920
productive	4.220
productively	2.600
productivity	4.150
products	5.040
prof	4.120
profane	2.960
profanity	3.060
profess	2.940
professed	3.120
professes	2.560
professing	2.630
profession	4.130
professional	5.050
professionalism	3.400
professionally	3.760
professionals	4.240
professions	3.530
professor	4.900
professor's	2.780
professorial	2.430
professors	3.920
professorship	2.720
proffered	2.420
proficiency	3.430
proficient	3.290
profile	4.820
profiled	3.030
profiler	2.590
profiles	3.890
profiling	3.340
profit	4.700
profitability	3.500
profitable	4.030
profitably	2.690
profited	2.890
profiteering	2.580
profiting	2.960
profits	4.360
profound	3.940
profoundly	3.510
profs	2.520
profusely	2.980
profusion	2.520
prog	3.150
progenitor	2.840
progenitors	2.520
progeny	3.000
progesterone	3.010
prognosis	3.330
prognostic	2.640
program	5.270
program's	3.180
programing	2.410
programmable	3.030
programmatic	2.870
programme	4.570
programme's	2.400
programmed	3.710
programmer	3.560
programmers	3.450
programmes	4.070
programming	4.370
programs	4.900
progress	4.780
progressed	3.630
progresses	3.430
progressing	3.500
progression	3.900
progressions	2.730
progressive	4.340
progressively	3.480
progressives	3.340
progressivism	2.540
prohibit	3.510
prohibited	3.990
prohibiting	3.320
prohibition	3.770
prohibitions	2.910
prohibitive	2.950
prohibitively	2.620
prohibits	3.420
project	5.220
project's	3.200
projected	3.990
projectile	3.260
projectiles	3.070
projecting	3.580
projection	3.790
projections	3.710
projective	2.740
projector	3.410
projectors	2.970
projects	4.810
prolapse	2.550
proletarian	2.800
proletariat	2.980
proliferate	2.690
proliferated	2.530
proliferating	2.510
proliferation	3.610
prolific	3.600
prolifically	2.030
proline	2.450
prolly	3.040
prologue	3.230
prolong	3.210
prolonged	3.810
prolonging	2.800
prolongs	2.400
prom	3.780
promenade	3.170
prometheus	3.130
prominence	3.540
prominent	4.330
prominently	3.410
promiscuity	2.710
promiscuous	2.930
promise	4.710
promised	4.490
promises	4.250
promising	4.110
promissory	2.570
promo	3.810
promontory	2.720
promos	3.040
promotable	1.520
promote	4.560
promoted	4.150
promoter	3.560
promoters	3.360
promotes	3.790
promoting	4.280
promotion	4.410
promotional	3.870
promotions	3.780
prompt	3.860
prompted	3.880
prompting	3.450
promptly	3.840
prompts	3.340
proms	2.860
promulgated	2.980
promulgation	2.410
prone	3.930
prong	2.800
pronged	2.780
prongs	2.500
pronoun	3.170
pronounce	3.660
pronounced	4.060
pronouncement	2.540
pronouncements	2.810
pronounces	2.670
pronouncing	2.900
pronouns	3.420
pronto	2.860
pronunciation	3.510
pronunciations	2.500
proof	4.700
proofed	2.410
proofing	2.780
proofread	2.590
proofreading	2.580
proofs	3.370
prop	3.770
propaganda	4.170
propagandist	2.690
propagandists	2.650
propagate	3.090
propagated	3.000
propagates	2.480
propagating	2.900
propagation	3.340
propane	3.210
propel	3.160
propellant	2.920
propelled	3.480
propeller	3.330
propellers	2.870
propelling	2.790
propels	2.530
propensity	3.160
proper	4.720
properly	4.640
properties	4.650
property	5.110
property's	2.700
prophecies	3.130
prophecy	3.710
prophesied	2.750
prophesy	2.660
prophet	3.980
prophet's	2.490
prophetic	3.190
prophets	3.540
prophylactic	2.590
prophylaxis	2.590
propofol	2.430
proponent	3.150
proponents	3.440
proportion	4.110
proportional	3.600
proportionality	2.650
proportionally	2.940
proportionate	3.040
proportionately	2.650
proportioned	2.720
proportions	3.660
proposal	4.470
proposals	4.200
propose	3.990
proposed	4.710
proposes	3.670
proposing	3.690
proposition	3.850
propositional	2.440
propositions	3.070
propped	3.050
propping	2.780
proprietary	3.670
proprietor	3.310
proprietorial	1.370
proprietors	2.970
propriety	2.790
props	3.720
propulsion	3.460
propulsive	2.420
propylene	2.600
pros	3.870
prosaic	2.600
prosciutto	2.530
proscribe	1.820
proscribed	2.600
proscription	1.980
prose	3.720
prosecco	2.680
prosecute	3.540
prosecuted	3.610
prosecuting	3.360
prosecution	4.060
prosecution's	2.560
prosecutions	3.250
prosecutor	3.940
prosecutor's	2.950
prosecutorial	2.600
prosecutors	3.640
proselytizing	2.470
prospect	4.130
prospecting	2.960
prospective	3.870
prospector	2.630
prospectors	2.580
prospects	4.070
prospectus	3.220
prosper	3.450
prospered	2.900
prospering	2.500
prosperity	3.910
prospero	2.540
prosperous	3.600
prosser	2.580
prost	2.620
prostate	3.670
prostatic	2.480
prostheses	2.450
prosthesis	2.800
prosthetic	3.220
prosthetics	2.800
prostitute	3.580
prostitutes	3.550
prostitution	3.720
prostrate	2.680
prot	2.700
protagonist	3.670
protagonists	3.290
protease	2.780
protect	4.920
protected	4.510
protecting	4.300
protection	4.850
protectionism	2.810
protectionist	2.840
protections	3.640
protective	4.130
protector	3.680
protectorate	2.900
protectors	3.150
protects	3.750
protege	2.700
protein	4.530
proteins	4.100
protest	4.450
protestant	3.810
protestantism	2.970
protestants	3.350
protestations	2.520
protested	3.590
protester	3.110
protesters	4.000
protesting	3.760
protestor	2.450
protestors	3.430
protests	4.200
proteus	2.740
protip	2.400
proto	3.230
protocol	4.150
protocols	3.760
proton	3.420
protons	3.050
prototype	3.830
prototypes	3.250
prototypical	2.560
prototyping	2.750
protracted	3.260
protrude	2.490
protruding	3.060
protrusion	2.480
protégé	2.760
proud	4.780
prouder	2.660
proudest	2.930
proudly	3.710
proust	2.780
prov	2.850
provable	2.480
prove	4.770
proved	4.480
proven	4.330
provenance	3.150
provence	3.040
proverb	3.140
proverbial	3.130
proverbs	3.280
proves	4.060
provide	5.150
provided	5.020
providence	3.800
provident	2.650
provider	4.100
providers	4.130
provides	4.800
providing	4.720
province	4.470
province's	2.920
provinces	4.030
provincetown	2.420
provincial	4.080
proving	4.000
provision	4.140
provisional	3.660
provisionally	2.790
provisioning	2.710
provisions	4.120
proviso	2.640
provo	2.860
provocateur	2.480
provocation	3.190
provocations	2.510
provocative	3.440
provocatively	2.400
provoke	3.500
provoked	3.510
provokes	2.810
provoking	3.470
provost	3.150
prowess	3.350
prowl	2.750
prowler	2.540
prowling	2.610
proxies	3.080
proximal	3.170
proximate	2.620
proximity	3.880
proxy	3.730
prozac	2.720
prp	2.490
prs	2.860
prt	2.540
pru	2.410
prude	2.580
prudence	3.080
prudent	3.410
prudential	3.080
prue	2.490
pruitt	2.870
prune	2.960
pruned	2.570
prunes	2.640
pruning	3.050
prurience	1.300
prurient	2.170
prussia	3.350
prussian	3.260
prussians	2.510
pry	3.080
pryce	2.840
prying	2.870
pryor	3.160
ps	4.020
ps1	2.660
ps2	2.990
ps3	3.500
ps4	3.910
psa	3.480
psalm	3.560
psalms	3.320
psalter	2.430
psb	2.420
psc	2.800
psd	2.950
pse	2.540
pseudo	3.610
pseudomonas	2.590
pseudonym	3.100
pseudonyms	2.520
pseudoscience	2.560
psg	3.320
psh	2.590
psi	3.450
psilocybin	2.480
psl	2.730
psn	3.030
psoriasis	2.890
psp	3.230
pss	2.540
psst	2.770
pst	3.290
psu	2.980
psv	2.750
psy	2.830
psych	3.480
psyche	3.420
psyched	2.910
psychedelic	3.340
psychiatric	3.870
psychiatrist	3.700
psychiatrists	3.260
psychiatry	3.560
psychic	3.800
psychics	2.720
psycho	3.740
psychoactive	2.830
psychoanalysis	3.080
psychoanalyst	2.530
psychoanalytic	2.820
psychological	4.270
psychologically	3.350
psychologist	3.800
psychologists	3.560
psychology	4.310
psychometric	2.460
psychopath	3.320
psychopathic	2.900
psychopathology	2.480
psychopaths	2.930
psychopathy	2.490
psychos	2.630
psychosis	3.240
psychosocial	2.880
psychosomatic	2.540
psychotherapist	2.730
psychotherapy	3.250
psychotic	3.430
psychotropic	2.540
pt	4.040
pta	3.040
ptc	2.750
pte	2.960
pti	2.880
pto	2.820
ptolemy	2.870
ptr	2.510
pts	3.470
ptsd	3.540
ptt	2.500
ptv	2.590
pty	3.220
pu	3.440
pua	2.420
pub	4.230
puberty	3.470
pubes	2.680
pubescent	2.650
pubg	2.640
pubic	3.070
publ	2.570
public	5.570
public transport	4.630
public's	3.220
publically	2.690
publican	2.510
publication	4.450
publications	4.270
publicise	2.380
publicised	2.680
publicist	3.070
publicists	2.440
publicity	4.000
publicize	2.860
publicized	3.210
publicizing	2.540
publicly	4.280
publics	2.550
publish	4.100
published	5.070
publisher	4.130
publisher's	2.750
publishers	4.070
publishes	3.550
publishing	4.370
publix	2.690
pubmed	2.550
pubs	3.560
puc	2.490
pucci	2.470
puccini	2.610
puck	3.630
pucker	2.520
puckett	2.480
pucks	2.530
pud	2.470
pudding	3.610
puddings	2.710
puddle	3.260
puddles	2.910
pudgy	2.470
puebla	2.550
pueblo	3.230
puente	2.490
puerto	4.040
puff	3.550
puffed	2.900
puffer	2.640
puffin	2.660
puffing	2.830
puffs	3.080
puffy	3.130
pug	3.110
puget	2.980
pugh	2.930
pugs	2.750
puig	3.060
puja	2.750
pujols	2.610
puke	3.280
puked	2.760
puking	2.850
pul	2.400
pulaski	2.880
pulis	2.480
pulitzer	3.350
pull	4.820
pullback	2.520
pulled	4.670
puller	2.620
pulley	2.920
pulleys	2.610
pullin	2.670
pulling	4.350
pullman	3.100
pullout	2.590
pullover	2.610
pulls	4.010
pulmonary	3.500
pulp	3.680
pulpit	3.230
pulsar	2.700
pulsating	2.910
pulse	4.060
pulsed	2.840
pulses	3.370
pulsing	2.870
pulverized	2.510
pum	2.730
puma	3.220
pumas	2.660
pumice	2.510
pummeled	2.440
pump	4.280
pumped	3.790
pumping	3.810
pumpkin	3.830
pumpkins	3.190
pumps	3.830
pun	3.550
punch	4.320
punched	3.830
puncher	2.400
punches	3.660
punching	3.670
punchline	2.780
punchy	2.750
punctual	2.830
punctuality	2.730
punctuated	2.980
punctuation	3.290
puncture	3.230
punctured	2.980
punctures	2.620
pundit	3.060
pundits	3.250
pune	3.340
pungent	2.910
punic	2.410
punish	3.950
punishable	3.300
punished	4.000
punisher	2.870
punishes	2.830
punishing	3.500
punishment	4.340
punishments	3.380
punitive	3.390
punitively	1.590
punjab	3.690
punjabi	3.160
punk	4.200
punk's	2.510
punks	2.980
puns	3.140
punt	3.480
punta	2.930
punted	2.520
punter	3.050
punters	2.840
punting	2.690
punts	2.660
puny	2.800
pup	3.640
pupa	2.510
pupil	3.810
pupils	4.180
pupper	2.460
puppet	3.800
puppeteer	2.590
puppetry	2.420
puppets	3.400
puppies	3.670
puppy	4.000
pups	3.320
pur	2.870
pura	2.550
purcell	3.040
purchase	4.710
purchased	4.470
purchaser	3.360
purchasers	3.160
purchases	4.110
purchasing	4.060
purdue	3.380
purdy	2.820
pure	4.640
purebred	2.660
puree	2.870
purely	4.100
purer	2.530
purest	3.210
purgatory	3.100
purge	3.570
purged	3.080
purges	2.780
purging	2.940
puri	2.820
purification	3.290
purified	3.190
purifier	2.580
purify	3.060
purifying	2.770
purim	2.450
purina	2.440
purist	2.590
purists	2.660
puritan	3.010
puritanical	2.560
puritans	2.770
purity	3.690
purnell	2.410
purple	4.320
purples	2.480
purplish	2.710
purport	2.640
purported	3.290
purportedly	2.990
purporting	2.840
purports	2.810
purpose	4.880
purposed	2.590
purposeful	3.070
purposefully	3.080
purposely	3.440
purposes	4.510
purr	2.750
purring	2.730
purrs	2.400
purse	3.950
purses	3.070
pursuant	3.560
pursue	4.260
pursued	3.890
pursuers	2.550
pursues	3.080
pursuing	3.960
pursuit	4.120
pursuits	3.350
purveyor	2.550
purveyors	2.530
purview	2.860
purvis	2.630
pus	3.020
push	4.820
pusha	2.520
pushback	2.770
pushed	4.430
pusher	2.930
pushers	2.570
pushes	3.760
pushing	4.440
pushkin	2.720
pushover	2.680
pushups	2.560
pushy	3.000
puss	3.030
pussies	3.230
pussy	4.240
pussycat	2.750
put	5.660
puta	2.500
putative	2.960
putin	4.130
putin's	3.290
putnam	3.310
putney	2.660
putrid	2.700
puts	4.530
putt	3.150
putter	2.910
puttin	2.730
putting	4.860
putts	2.450
putty	2.890
puzzle	3.960
puzzled	3.280
puzzles	3.550
puzzling	3.130
pv	3.400
pva	2.450
pvc	3.210
pvp	3.040
pvt	3.160
pw	3.060
pwc	2.880
pwd	2.410
pwm	2.400
pwr	2.430
px	2.780
py	2.620
pye	2.610
pyeongchang	2.670
pygmy	2.720
pyjamas	2.960
pyke	2.570
pyle	2.850
pylon	2.670
pylons	2.700
pym	2.720
pyne	2.520
pyongyang	3.110
pyotr	2.450
pyramid	3.750
pyramidal	2.740
pyramids	3.330
pyre	2.690
pyrenees	2.870
pyrex	2.510
pyrite	2.560
pyro	2.650
pyrotechnics	2.600
pyruvate	2.470
pythagoras	2.680
pythagorean	2.570
python	3.780
python's	2.540
pythons	2.790
pz	2.530
på	2.470
pérez	2.820
q	4.560
q's	2.650
q00	3.080
q000	2.530
q1	3.210
q2	3.200
q3	3.160
q4	3.050
qa	3.230
qadri	2.440
qaeda	3.650
qaida	2.660
qantas	2.860
qasim	2.520
qatar	3.780
qatari	2.910
qb	3.810
qbs	2.790
qc	3.440
qd	2.500
qe	2.850
qed	2.430
qf	2.800
qi	3.290
qian	2.630
qin	3.050
qing	3.120
qingdao	2.650
qiu	2.580
qld	3.160
qm	2.540
qol	2.400
qos	2.600
qp	2.530
qpr	3.130
qq	2.740
qr	3.090
qs	2.970
qt	3.210
qu	3.280
qua	2.840
quack	3.060
quacks	2.600
quad	3.700
quadcopter	2.410
quadrangle	2.830
quadrant	3.280
quadrants	2.560
quadratic	2.980
quadruple	3.150
quadrupled	2.620
quads	2.770
quagmire	2.750
quai	2.460
quaid	2.750
quail	3.130
quaint	3.270
quake	3.450
quaker	3.150
quakers	2.950
quakes	2.720
quaking	2.430
qual	2.630
qualcomm	3.000
qualification	3.880
qualifications	3.880
qualified	4.460
qualifier	3.410
qualifiers	3.270
qualifies	3.380
qualify	4.190
qualifying	4.010
qualitative	3.450
qualitatively	2.570
qualities	4.060
quality	5.110
qualm	1.890
qualms	2.920
quan	2.970
quandary	2.600
quando	2.430
quang	2.470
quant	2.570
quantico	2.800
quantifiable	2.650
quantification	2.840
quantified	2.970
quantify	3.240
quantifying	2.670
quantitative	3.730
quantitatively	2.630
quantities	3.860
quantity	4.070
quantization	2.540
quantum	4.070
quarantine	3.640
quarantined	2.950
quark	3.050
quarks	2.740
quarrel	3.310
quarrels	2.800
quarrelsome	2.220
quarried	2.490
quarries	3.060
quarry	3.600
quarrying	2.720
quart	3.010
quarter	4.720
quarterback	3.950
quarterbacks	3.140
quartered	2.790
quarterfinal	2.900
quarterfinals	3.140
quarterly	3.990
quartermaster	3.040
quarters	4.230
quartet	3.540
quartets	2.580
quarto	2.500
quarts	2.640
quartz	3.700
quartzite	2.450
quasar	2.430
quash	2.750
quashed	2.740
quasi	3.490
quaternary	2.850
quatre	2.440
quattro	2.640
quay	3.260
quayle	2.560
quays	2.530
quds	2.470
que	3.840
queasy	2.620
quebec	3.970
quebec's	2.550
quechua	2.460
queen	4.860
queen's	3.770
queenie	2.540
queens	4.060
queensland	4.230
queensland's	2.850
queenstown	2.780
queer	3.760
queers	2.580
quell	3.000
quelle	2.400
quelled	2.460
quench	2.890
quenched	2.470
quenching	2.580
quentin	3.490
quercus	2.480
queried	2.740
queries	3.450
query	3.640
querying	2.460
ques	2.640
queso	2.530
quest	4.270
question	5.350
question mark	4.870
questionable	3.780
questioned	4.020
questioner	2.500
questioning	4.040
questionnaire	3.440
questionnaires	3.030
questions	5.150
quests	3.140
quetta	2.870
queue	3.780
queued	2.760
queueing	2.640
queues	3.210
queuing	3.050
quezon	2.830
qui	3.320
quibble	2.690
quiche	2.620
quick	4.980
quicken	2.860
quickened	2.460
quickening	2.430
quicker	3.920
quickest	3.420
quickie	2.760
quickly	5.000
quickness	2.830
quicksand	2.680
quicksilver	2.860
quicktime	2.420
quid	3.320
quidditch	2.740
quiero	2.410
quiet	4.650
quieted	2.410
quieter	3.340
quietest	2.600
quietly	4.150
quietness	2.450
quigley	2.790
quill	3.110
quills	2.490
quilt	3.250
quilted	2.800
quilting	2.680
quilts	2.800
quin	2.720
quince	2.860
quincey	2.440
quincy	3.410
quinine	2.530
quinlan	2.810
quinn	3.900
quinn's	2.700
quinnipiac	2.570
quinoa	3.010
quint	2.640
quinta	2.550
quintana	2.780
quintessential	3.030
quintessentially	2.500
quintet	2.850
quinto	2.400
quinton	2.690
quintus	2.530
quip	2.670
quipped	2.600
quips	2.620
quirk	3.130
quirks	2.960
quirky	3.530
quit	4.540
quite	5.290
quito	2.830
quits	3.390
quitter	2.560
quitting	3.700
quiver	2.840
quivering	2.740
quixote	2.930
quiz	3.820
quizzes	3.050
quo	3.780
quora	2.500
quorum	3.070
quot	3.090
quota	3.530
quotable	2.470
quotas	3.330
quotation	3.510
quotations	3.290
quote	4.510
quoted	4.210
quotes	4.250
quotient	2.950
quoting	3.720
qur'an	3.250
quran	3.530
qureshi	2.620
qué	2.560
québec	2.890
québécois	2.420
qvc	2.430
qwerty	2.500
r	5.350
r's	2.720
r.a	2.800
r.c	2.610
r.d	2.430
r.e	2.420
r.e.m	2.500
r.i	2.650
r.i.p	2.780
r.j	2.750
r.l	2.450
r.m	2.470
r.r	2.720
r.s	2.490
r00	3.530
r000	3.310
r0000	2.680
r1	3.280
r2	3.550
r3	3.000
r4	2.900
r5	2.990
r6	2.580
r7	2.400
r8	2.800
r9	2.430
ra	3.900
ra's	2.710
raa	2.540
raab	2.480
raaf	2.920
rab	2.810
rabat	2.600
rabbi	3.690
rabbinic	2.710
rabbinical	2.540
rabbis	3.070
rabbit	4.050
rabbit's	2.400
rabbitohs	2.550
rabbits	3.680
rabble	3.010
rabi	2.450
rabid	3.130
rabies	3.240
rabin	2.710
rac	2.950
raccoon	3.270
raccoons	2.920
race	5.080
race's	2.510
racecar	2.580
racecourse	3.000
raced	3.590
racehorse	2.860
racehorses	2.550
racer	3.450
racers	3.220
races	4.380
racetrack	3.020
raceway	2.830
rach	2.540
rachael	3.150
rachel	4.150
rachel's	2.910
rachelle	2.400
racial	4.300
racially	3.370
racine	2.960
racing	4.500
racing's	2.400
racism	4.250
racist	4.420
racists	3.430
rack	3.900
racked	3.030
racket	3.330
racketeering	2.870
rackets	2.750
racking	3.150
racks	3.370
racquet	2.700
racquetball	2.440
racy	2.820
rad	3.500
rada	2.720
radar	4.200
radars	2.870
radcliffe	3.250
radek	2.490
radeon	2.740
radford	2.870
radha	2.820
radial	3.450
radially	2.490
radiance	3.040
radiant	3.490
radiate	2.960
radiated	2.850
radiates	2.750
radiating	3.030
radiation	4.270
radiative	2.630
radiator	3.340
radiators	2.840
radical	4.330
radicalism	2.890
radicalization	2.640
radicalized	2.770
radically	3.540
radicals	3.500
radii	2.550
radio	5.010
radio's	2.820
radioactive	3.720
radioactivity	2.910
radiocarbon	2.810
radioed	2.580
radiographic	2.440
radiography	2.590
radiohead	3.050
radiological	2.880
radiologist	2.640
radiologists	2.450
radiology	3.190
radiometric	2.500
radios	3.410
radiotherapy	3.080
radish	2.780
radishes	2.670
radisson	2.600
radium	2.800
radius	3.860
radley	2.620
radnor	2.410
radon	2.890
rae	3.480
raf	3.640
rafa	3.130
rafael	3.670
rafale	2.430
rafe	2.750
raff	2.740
raffaele	2.650
rafferty	2.660
raffle	3.190
raffles	2.840
rafi	2.610
raft	3.460
rafter	2.560
rafters	3.010
rafting	2.830
rafts	2.880
rag	3.550
raga	2.540
rage	4.110
raged	3.060
rager	2.430
rages	3.060
ragged	3.190
raggedy	2.540
raghu	2.460
raging	3.650
raglan	2.580
ragnar	2.770
ragnarok	2.640
rags	3.330
ragtime	2.570
rah	3.060
raheem	2.860
rahim	2.760
rahm	2.750
rahman	3.300
rahul	3.360
rai	3.250
raid	4.190
raided	3.470
raider	3.310
raiders	3.930
raiding	3.270
raids	3.890
raikkonen	2.550
rail	4.410
railed	2.750
railing	3.260
railings	3.000
railroad	4.320
railroading	2.440
railroads	3.470
rails	3.790
railway	4.460
railways	3.850
rain	4.710
raina	2.760
rainbow	4.070
rainbows	3.190
raincoat	2.680
raindrops	2.750
raine	2.680
rained	3.310
rainer	2.830
raines	2.720
rainey	2.790
rainfall	3.820
rainforest	3.390
rainforests	2.740
rainier	2.870
raining	3.720
rainmaker	2.430
rains	3.840
rainstorm	2.620
rainwater	3.000
rainy	3.740
raise	4.750
raised	4.840
raiser	2.940
raisers	2.560
raises	4.050
raisin	3.010
raising	4.430
raisins	3.140
raison	2.690
raith	2.490
raj	3.550
raja	3.310
rajah	2.650
rajan	2.830
rajapaksa	2.480
rajasthan	3.330
rajeev	2.530
rajendra	2.400
rajesh	2.750
rajiv	2.950
rajput	2.590
raju	2.920
rajya	2.600
rak	2.450
rake	3.380
raked	2.860
rakes	2.710
rakesh	2.520
rakhine	2.450
raking	2.950
rakuten	2.450
ral	2.530
raleigh	3.590
ralf	2.690
rallied	3.270
rallies	3.640
rally	4.340
rallying	3.240
ralph	4.100
ralph's	2.440
ralston	2.760
ram	4.190
rama	3.250
ramadan	3.210
ramadi	2.410
ramallah	2.650
raman	3.070
ramayana	2.450
ramble	2.850
rambler	2.630
ramblers	2.440
rambles	2.410
rambling	3.210
ramblings	2.740
rambo	3.040
rambunctious	2.410
ramen	3.350
ramesh	2.770
rami	2.950
ramifications	3.290
ramirez	3.350
ramiro	2.440
rammed	3.040
ramming	2.800
ramon	3.350
ramona	2.990
ramone	2.580
ramones	2.720
ramos	3.470
ramp	3.830
rampage	3.400
rampaging	2.580
rampant	3.550
rampart	2.770
ramparts	2.740
ramped	2.700
ramping	2.890
ramps	3.280
rams	3.740
ramsay	3.490
ramsay's	2.430
ramses	2.510
ramsey	3.690
ramsey's	2.490
ramsgate	2.450
ramshackle	2.430
ramón	2.690
ran	4.870
rana	3.150
ranbir	2.430
rance	2.630
ranch	4.030
rancher	3.030
ranchers	3.070
ranches	2.910
ranchi	2.440
ranching	2.710
rancho	3.200
rancid	2.800
rancor	2.510
rand	3.830
rand's	2.460
randal	2.680
randall	3.670
randi	2.760
randle	2.940
randolph	3.530
random	4.580
randomised	2.580
randomization	2.470
randomized	3.340
randomly	3.970
randomness	2.900
randoms	2.430
randwick	2.650
randy	3.920
rang	3.720
range	5.120
ranged	3.740
rangel	2.620
ranger	3.880
rangers	4.230
ranges	4.050
ranging	4.190
rangoon	2.930
rani	2.990
ranieri	2.510
ranjit	2.520
rank	4.440
ranked	4.350
rankin	3.180
rankine	2.530
ranking	4.190
rankings	3.970
ranks	4.230
ransacked	2.750
ransom	3.680
ransomware	2.700
rant	3.670
ranted	2.460
ranting	3.140
rants	3.120
rao	3.300
raoul	3.040
rap	4.120
rape	4.480
raped	4.080
rapes	3.360
rapeseed	2.460
raphael	3.390
rapid	4.380
rapidly	4.340
rapids	3.640
rapier	2.580
raping	3.540
rapist	3.620
rapists	3.340
rapp	2.610
rapped	2.700
rapper	3.960
rapper's	2.520
rappers	3.510
rapping	3.250
rapport	3.170
rapporteur	2.770
rapprochement	2.620
raps	3.100
rapt	2.530
raptor	3.150
raptors	3.480
rapture	3.170
rapturous	2.410
rapturously	1.780
rapunzel	2.790
raqqa	2.710
raquel	2.910
rar	2.660
rare	4.770
rarefied	2.460
rarely	4.420
rarer	3.050
rarest	3.070
raring	2.450
rarities	2.610
rarity	3.360
ras	3.210
rasa	2.740
rascal	3.070
rascals	2.740
rash	3.670
rashad	2.780
rasheed	2.690
rashes	2.730
rashford	2.640
rashid	3.120
rask	2.460
rasmus	2.550
rasmussen	3.130
rasp	2.400
raspberries	2.980
raspberry	3.500
rasputin	2.680
raspy	2.640
rasta	2.500
raster	2.610
rat	4.170
rat's	2.570
rata	2.650
ratatouille	2.520
ratchet	3.150
ratcliffe	2.680
rate	5.140
rated	4.300
ratepayers	2.660
rates	4.880
rath	2.730
rathbone	2.550
rather	5.320
ratification	3.140
ratified	3.410
ratify	2.940
ratifying	2.400
rating	4.450
ratings	4.250
ratio	4.370
ration	3.170
rational	4.060
rationale	3.530
rationalism	2.600
rationalist	2.560
rationality	3.100
rationalization	2.710
rationalize	2.890
rationalized	2.510
rationalizing	2.440
rationally	3.080
rationed	2.480
rationing	3.010
rations	3.240
ratios	3.630
ratna	2.400
ratner	2.510
raton	2.960
rats	4.050
rattan	2.630
rattle	3.350
rattled	3.160
rattles	2.790
rattlesnake	2.870
rattlesnakes	2.490
rattling	3.200
ratty	2.470
rau	2.610
raucous	2.820
raul	3.240
raunchily	0.000
raunchy	2.810
rauner	2.410
rav	2.770
rav4	2.480
ravage	2.580
ravaged	3.170
ravages	2.760
ravaging	2.490
rave	3.520
raved	2.500
ravel	2.710
raven	3.790
raven's	2.590
ravenna	2.650
ravenous	2.760
ravens	3.660
raves	2.830
ravi	3.300
ravine	3.150
ravines	2.550
raving	3.150
ravioli	2.860
ravish	2.200
ravishing	2.690
raw	4.530
rawalpindi	2.700
rawhide	2.540
rawlings	2.860
rawlins	2.570
rawlinson	2.480
rawls	2.840
rawson	2.480
ray	4.690
ray's	2.960
raya	2.810
rayburn	2.670
rayed	2.410
rayleigh	2.620
raymond	3.980
rayne	2.400
rayner	2.700
raynor	2.500
rayo	2.440
rayon	2.990
rays	4.030
raytheon	2.720
raz	2.440
raza	2.930
razak	2.610
raze	2.520
razed	2.790
razer	2.860
razor	3.720
razors	2.850
raúl	2.590
rb	3.700
rba	2.570
rbc	2.940
rbi	3.470
rbis	2.930
rbs	3.160
rc	3.650
rca	3.200
rcc	2.560
rcd	2.650
rcm	2.430
rcmp	3.050
rcn	2.410
rcp	2.460
rcs	2.770
rct	2.520
rd	4.110
rda	2.700
rdf	2.500
rds	2.780
re	5.230
rea	3.310
reach	4.940
reachable	2.710
reached	4.850
reacher	2.540
reaches	4.160
reaching	4.460
react	4.160
reacted	3.640
reacting	3.620
reaction	4.730
reactionaries	2.420
reactionary	3.220
reactions	4.240
reactivate	2.630
reactivated	2.700
reactivation	2.510
reactive	3.540
reactivity	2.890
reactor	3.830
reactors	3.520
reacts	3.570
read	5.540
readability	2.750
readable	3.290
reade	2.730
reader	4.340
reader's	3.030
readers	4.410
readership	3.120
readied	2.590
readies	2.420
readily	3.930
readiness	3.590
reading	5.140
readings	3.850
readjust	2.580
readmission	2.410
readmitted	2.420
readout	2.690
reads	4.250
ready	5.280
readying	2.550
reaffirm	2.830
reaffirmed	3.120
reaffirming	2.650
reaffirms	2.710
reagan	3.950
reagan's	2.930
reagent	2.880
reagents	2.860
real	5.600
real estate	4.750
realign	2.490
realignment	2.870
realisation	3.200
realise	4.260
realised	4.080
realises	3.160
realising	3.410
realism	3.690
realist	3.260
realistic	4.160
realistically	3.330
realists	2.510
realities	3.670
reality	4.890
realization	3.720
realizations	2.580
realize	4.830
realized	4.590
realizes	3.750
realizing	3.970
really	5.970
realm	4.060
realms	3.450
realness	2.480
reals	2.730
realtime	2.850
realtor	3.250
realtors	2.950
realty	3.360
realy	2.760
ream	2.440
reams	2.580
reap	3.530
reaped	2.770
reaper	3.300
reapers	2.630
reaping	2.960
reappear	3.010
reappearance	2.620
reappeared	2.920
reappears	2.710
reapply	2.690
reappointed	2.530
rear	4.430
reardon	2.710
reared	3.070
rearguard	2.530
rearing	3.100
rearrange	3.010
rearranged	2.940
rearrangement	2.720
rearranging	2.760
rears	2.600
rearview	2.720
reason	5.320
reasonable	4.590
reasonableness	2.530
reasonably	4.030
reasoned	3.310
reasoning	4.010
reasons	4.930
reassemble	2.540
reassembled	2.630
reassert	2.510
reassess	2.800
reassessment	2.610
reassigned	2.940
reassignment	2.890
reassurance	3.270
reassure	3.300
reassured	3.110
reassures	2.570
reassuring	3.400
reauthorization	2.540
reaves	2.410
reb	2.800
reba	2.750
rebalance	2.630
rebalancing	2.530
rebar	2.570
rebate	3.310
rebates	3.180
rebecca	3.960
rebecca's	2.440
rebekah	2.980
rebel	4.080
rebelled	2.950
rebelling	2.710
rebellion	3.940
rebellions	2.830
rebellious	3.360
rebels	4.070
rebirth	3.400
reboot	3.540
rebooted	2.740
rebooting	2.630
reboots	2.510
reborn	3.390
rebound	3.530
rebounded	2.860
rebounding	3.000
rebounds	3.760
rebrand	2.890
rebranded	2.930
rebranding	2.880
rebuffed	2.730
rebuild	3.900
rebuilding	3.710
rebuilds	2.490
rebuilt	3.620
rebuke	3.100
rebuked	2.810
rebukes	2.460
rebus	2.530
rebut	2.600
rebuttal	3.100
rec	3.620
recalcitrant	2.550
recall	4.400
recalled	3.980
recalling	3.380
recalls	3.670
recant	2.420
recanted	2.490
recap	3.450
recaps	2.650
recapture	3.200
recaptured	2.920
recast	2.940
recede	2.710
receded	2.780
recedes	2.410
receding	2.970
receipt	3.920
receipts	3.690
receivable	2.820
receivables	2.640
receive	4.850
received	5.160
receiver	4.090
receivers	3.670
receivership	2.740
receives	4.190
receiving	4.590
recent	5.040
recently	5.020
recep	2.660
receptacle	2.870
receptacles	2.480
reception	4.230
receptionist	3.260
receptions	3.160
receptive	3.320
receptor	3.790
receptors	3.650
recess	3.530
recessed	2.990
recesses	2.770
recession	3.850
recessions	2.700
recessive	2.910
recharge	3.400
rechargeable	2.920
recharged	2.610
recharging	2.650
recherche	2.590
recidivism	2.690
recieve	2.750
recieved	2.750
recife	2.670
recipe	4.230
recipes	3.990
recipient	3.940
recipients	3.820
reciprocal	3.220
reciprocate	2.780
reciprocated	2.750
reciprocating	2.710
reciprocity	3.040
recital	3.280
recitals	2.790
recitation	2.900
recite	3.280
recited	3.140
recites	2.640
reciting	3.120
reckless	3.820
recklessly	2.990
recklessness	2.780
reckon	3.760
reckoned	3.260
reckoning	3.280
reckons	2.880
reclaim	3.440
reclaimed	3.330
reclaiming	3.030
reclamation	3.140
reclassification	2.460
reclassified	2.600
recline	2.510
recliner	2.570
reclining	2.910
recluse	2.920
reclusive	2.760
recognisable	2.970
recognisably	1.820
recognise	3.920
recognised	4.070
recognises	3.180
recognising	3.180
recognition	4.470
recognitions	2.420
recognizable	3.450
recognizably	2.080
recognize	4.520
recognized	4.520
recognizes	3.740
recognizing	3.770
recoil	3.190
recollect	2.690
recollection	3.280
recollections	3.040
recombinant	2.940
recombination	2.970
recommend	4.610
recommendable	1.740
recommendation	4.090
recommendations	4.290
recommended	4.500
recommending	3.550
recommends	3.770
recompense	2.620
recon	3.240
reconcile	3.500
reconciled	3.180
reconciliation	3.720
reconciling	2.820
reconfiguration	2.500
reconfigure	2.570
reconfigured	2.610
reconnaissance	3.450
reconnect	3.170
reconnected	2.680
reconnecting	2.600
reconsider	3.630
reconsideration	2.650
reconsidered	2.900
reconsidering	2.680
reconstituted	2.820
reconstruct	3.220
reconstructed	3.280
reconstructing	2.790
reconstruction	3.960
reconstructions	2.810
reconstructive	2.850
reconvene	2.540
record	5.210
record's	2.470
recorded	4.660
recorder	3.710
recorders	3.190
recording	4.510
recordings	3.900
records	4.900
recount	3.240
recounted	3.200
recounting	2.970
recounts	3.230
recoup	2.980
recourse	3.290
recover	4.290
recoverable	2.800
recovered	4.250
recoveries	3.080
recovering	3.840
recovers	3.270
recovery	4.580
recreate	3.520
recreated	3.150
recreates	2.630
recreating	3.010
recreation	4.040
recreational	3.910
recreations	2.570
recruit	3.890
recruited	3.810
recruiter	3.260
recruiters	3.210
recruiting	3.990
recruitment	4.000
recruits	3.680
recs	2.550
rectal	2.900
rectangle	3.240
rectangles	2.800
rectangular	3.620
rectification	2.550
rectified	2.920
rectifier	2.510
rectify	3.170
rectifying	2.400
rector	3.340
rectory	2.880
rectum	2.960
recumbent	2.460
recuperate	2.730
recuperating	2.620
recuperation	2.640
recuperative	1.720
recur	2.650
recurrence	3.200
recurrent	3.240
recurring	3.710
recursion	2.650
recursive	2.900
recuse	2.540
recyclable	2.670
recycle	3.350
recycled	3.560
recycling	3.760
red	5.320
red's	2.640
redacted	3.050
redcliffe	2.470
redd	2.740
redder	2.440
reddick	2.550
redding	3.030
reddish	3.390
reddit	3.660
reddy	3.080
redecorating	2.430
redeem	3.530
redeemable	2.770
redeemed	3.340
redeemer	3.010
redeeming	3.010
redefine	3.090
redefined	2.990
redefining	2.950
redemption	3.820
redemptions	2.400
redemptive	2.570
redesign	3.420
redesignated	2.810
redesigned	3.300
redesigning	2.620
redevelop	2.570
redeveloped	2.680
redevelopment	3.440
redfern	2.700
redfield	2.510
redford	2.910
redgrave	2.530
redhead	3.230
redheads	2.650
redirect	3.210
redirected	3.020
redirecting	2.670
redirection	2.580
redirects	2.650
rediscover	2.800
rediscovered	2.980
rediscovering	2.640
rediscovery	2.510
redistribute	2.770
redistributed	2.770
redistribution	3.270
redistricting	2.800
redknapp	2.560
redlands	2.620
redline	2.660
redman	2.750
redmi	2.480
redmond	3.210
redneck	3.130
rednecks	2.660
redness	2.950
redo	3.190
redoing	2.540
redondo	2.600
redone	2.860
redoubt	2.420
redox	2.750
redraw	2.620
redrawn	2.620
redress	3.150
reds	3.910
redshift	2.460
redshirt	2.640
redskins	3.630
redstone	2.740
reduce	4.730
reduced	4.640
reduces	3.980
reducing	4.360
reductase	2.710
reduction	4.390
reductions	3.630
reductive	2.750
redundancies	2.650
redundancy	3.320
redundant	3.590
redundantly	1.660
redux	2.740
redwood	3.220
redwoods	2.570
ree	2.800
reebok	2.850
reece	3.140
reed	4.070
reed's	2.740
reeder	2.400
reeds	3.020
reedy	2.560
reef	3.830
reefer	2.660
reefs	3.360
reek	2.760
reeks	2.810
reel	3.680
reelected	2.950
reelection	3.320
reeled	2.610
reeling	3.090
reels	3.120
reenact	2.420
reenactment	2.670
reenter	2.430
reentry	2.830
rees	3.250
reese	3.490
reese's	2.580
reestablish	2.710
reestablished	2.520
reevaluate	2.900
reeve	2.910
reeves	3.520
ref	3.950
refer	4.450
referee	3.860
referee's	2.410
refereed	2.530
refereeing	2.840
referees	3.430
reference	4.740
referenced	3.670
references	4.420
referencing	3.360
referendum	3.980
referendums	2.880
referent	2.310
referential	2.640
referral	3.600
referrals	3.200
referred	4.610
referring	4.350
refers	4.250
refill	3.240
refilled	2.660
refilling	2.530
refills	2.740
refinance	2.920
refinancing	2.910
refine	3.280
refined	3.830
refinement	3.200
refinements	2.640
refineries	3.140
refiners	2.600
refinery	3.490
refining	3.410
refit	2.670
reflect	4.390
reflectance	2.470
reflected	4.120
reflecting	3.930
reflection	4.170
reflections	3.670
reflective	3.580
reflectivity	2.410
reflector	3.000
reflectors	2.640
reflects	4.110
reflex	3.440
reflexes	3.240
reflexive	2.840
reflexively	2.480
reflux	2.990
refocus	2.720
reforestation	2.500
reform	4.530
reformation	3.530
reformatory	2.450
reformed	3.610
reformer	3.130
reformers	3.130
reforming	3.260
reformist	2.920
reforms	4.060
reformulated	2.430
refraction	2.770
refractive	2.880
refractor	2.440
refractory	2.880
refrain	3.630
refrained	2.850
refraining	2.480
refrains	2.430
reframe	2.460
refresh	3.650
refreshed	3.250
refresher	2.920
refreshes	2.560
refreshing	3.830
refreshingly	2.680
refreshment	2.940
refreshments	3.010
refrigerant	2.660
refrigerate	2.680
refrigerated	3.100
refrigeration	3.180
refrigerator	3.610
refrigerators	2.960
refs	3.680
refuel	2.840
refueling	2.930
refuelling	2.570
refuge	3.910
refugee	3.980
refugees	4.260
refuges	2.810
refund	3.940
refundable	2.750
refunded	3.180
refunding	2.500
refunds	3.370
refurbish	2.570
refurbished	3.390
refurbishing	2.560
refurbishment	3.110
refusal	3.830
refuse	4.390
refused	4.540
refuses	4.020
refusing	3.990
refutation	2.620
refute	3.140
refuted	3.070
refutes	2.680
refuting	2.630
reg	3.680
regain	3.730
regained	3.490
regaining	3.060
regains	2.720
regal	3.340
regalia	2.700
regan	3.220
regard	4.360
regarded	4.290
regarding	4.670
regardless	4.480
regards	4.200
regatta	2.870
regen	2.410
regency	3.250
regenerate	3.150
regenerated	2.760
regenerating	2.780
regeneration	3.610
regenerative	3.060
regent	3.450
regent's	2.440
regents	3.280
reggae	3.470
reggie	3.550
reggio	2.410
regi	2.450
regime	4.300
regime's	2.720
regimen	3.290
regimens	2.760
regiment	3.930
regimental	3.000
regimented	2.420
regiments	3.300
regimes	3.530
regina	3.610
reginald	3.170
region	5.000
region's	3.390
regional	4.720
regionally	2.990
regionals	2.870
regions	4.530
regis	3.200
register	4.590
registered	4.520
registering	3.460
registers	3.510
registrant	2.610
registrants	2.560
registrar	3.370
registrars	2.650
registration	4.320
registrations	3.130
registries	2.720
registry	3.770
regress	2.630
regressed	2.530
regression	3.500
regressive	2.960
regret	4.370
regretful	2.550
regretfully	2.500
regrets	3.780
regrettable	2.960
regrettably	2.880
regretted	3.410
regretting	3.050
regroup	3.060
regrouped	2.550
regrouping	2.540
regrow	2.440
regrowth	2.640
regs	2.870
regular	4.950
regularity	3.030
regularly	4.520
regulars	3.370
regulate	3.870
regulated	3.980
regulates	3.310
regulating	3.550
regulation	4.380
regulations	4.500
regulator	3.620
regulators	3.590
regulatory	4.230
rehab	3.790
rehabilitate	3.000
rehabilitated	2.970
rehabilitating	2.610
rehabilitation	3.990
rehabilitative	2.400
rehash	2.510
rehearsal	3.680
rehearsals	3.400
rehearse	2.940
rehearsed	3.060
rehearsing	3.130
reheat	2.600
reheated	2.410
rehired	2.430
rehman	2.650
rei	3.120
reich	3.490
reichstag	2.680
reid	3.990
reid's	2.690
reign	4.070
reigned	3.150
reigning	3.450
reignite	2.400
reignited	2.420
reigns	3.520
reiki	2.590
reilly	3.330
reimagined	2.640
reimagining	2.570
reimburse	3.060
reimbursed	3.050
reimbursement	3.350
reimbursements	2.590
reimer	2.610
reims	2.530
rein	3.370
reina	2.840
reincarnated	2.820
reincarnation	3.150
reince	2.400
reindeer	3.320
reiner	2.880
reinforce	3.680
reinforced	3.830
reinforcement	3.430
reinforcements	3.480
reinforces	3.240
reinforcing	3.350
reinhard	2.600
reinhardt	2.990
reinhart	2.600
reinhold	2.760
reins	3.310
reinstall	2.760
reinstalled	2.540
reinstate	3.090
reinstated	3.350
reinstatement	2.990
reinstating	2.500
reinsurance	2.820
reintegration	2.630
reinterpretation	2.510
reinterpreted	2.420
reintroduce	2.710
reintroduced	2.880
reintroduction	2.710
reinvent	3.060
reinvented	2.770
reinventing	2.840
reinvention	2.640
reinvest	2.600
reinvested	2.580
reinvestment	2.750
reinvigorate	2.410
reinvigorated	2.410
reis	2.690
reiss	2.680
reissue	3.010
reissued	2.800
reit	2.640
reiter	2.490
reiterate	3.130
reiterated	3.280
reiterates	2.690
reiterating	2.670
reject	4.030
rejected	4.370
rejecting	3.590
rejection	3.900
rejections	2.770
rejects	3.670
rejoice	3.460
rejoiced	2.650
rejoices	2.500
rejoicing	2.970
rejoin	3.190
rejoined	3.020
rejoining	2.630
rejuvenate	2.670
rejuvenated	2.770
rejuvenating	2.510
rejuvenation	2.790
rekindle	2.710
rekindled	2.610
rel	3.060
relapse	3.320
relapsed	2.710
relapses	2.490
relapsing	2.560
relatable	3.330
relate	4.240
related	5.100
relates	3.820
relating	4.210
relation	4.310
relational	3.230
relations	4.670
relationship	5.150
relationships	4.680
relative	4.480
relatively	4.660
relatives	4.200
relativism	2.680
relativistic	2.910
relativity	3.340
relaunch	2.910
relaunched	2.670
relax	4.290
relaxation	3.710
relaxed	4.010
relaxes	2.920
relaxing	3.900
relay	3.860
relayed	3.020
relaying	2.810
relays	3.190
release	5.090
released	5.050
releases	4.320
releasing	4.140
relegate	2.470
relegated	3.470
relegation	3.430
relent	2.520
relented	2.710
relentless	3.510
relentlessly	3.210
relevance	3.750
relevancy	2.720
relevant	4.610
reliability	3.920
reliable	4.290
reliably	3.400
reliance	3.810
reliant	3.410
relic	3.370
relics	3.460
relied	3.820
relief	4.550
reliefs	2.870
relies	3.810
relieve	3.770
relieved	3.950
reliever	3.100
relievers	2.690
relieves	2.890
relieving	3.220
religion	4.740
religions	3.910
religiosity	2.650
religious	4.850
religiously	3.240
relinquish	3.120
relinquished	2.990
relinquishing	2.640
relish	3.320
relished	2.650
relishing	2.500
relive	3.240
reliving	2.840
reload	3.260
reloaded	2.910
reloading	2.770
relocate	3.440
relocated	3.420
relocating	3.200
relocation	3.570
reluctance	3.420
reluctant	3.810
reluctantly	3.450
rely	4.290
relying	3.810
rem	3.280
remade	3.010
remain	4.830
remainder	4.030
remained	4.620
remaining	4.630
remains	4.800
remake	3.790
remakes	2.940
remaking	2.780
remand	2.910
remanded	3.210
remark	3.660
remarkable	4.290
remarkably	3.770
remarked	3.590
remarking	2.810
remarks	4.160
remarriage	2.500
remarried	3.080
remarry	2.660
remaster	2.700
remastered	3.230
rematch	3.440
rembrandt	3.080
remeber	2.470
remedial	3.080
remediation	3.030
remedied	2.750
remedies	3.830
remedy	3.820
remember	5.380
remembered	4.330
remembering	3.940
remembers	3.930
remembrance	3.610
remi	2.730
remind	4.370
reminded	4.170
reminder	4.120
reminders	3.360
reminding	3.730
reminds	4.220
remington	3.090
reminisce	2.840
reminiscence	2.550
reminiscences	2.770
reminiscent	3.610
reminiscing	2.840
remiss	2.620
remission	3.190
remit	3.090
remittance	2.620
remittances	2.770
remix	3.990
remixed	2.870
remixes	3.090
remnant	3.300
remnants	3.510
remo	2.870
remodel	2.920
remodeled	3.040
remodeling	3.160
remodelled	2.470
remodelling	2.570
remonstrance	1.810
remonstrate	1.810
remorse	3.490
remorseful	2.600
remorsefully	1.090
remorseless	2.360
remorselessly	1.840
remote	4.410
remote control	4.370
remotely	3.750
remoteness	2.570
remotes	2.470
remotest	2.440
removable	3.290
removal	4.350
removals	2.870
remove	4.710
removed	4.790
remover	2.980
removes	3.720
removing	4.260
remuneration	3.260
remus	2.770
remy	3.270
ren	3.460
rena	2.760
renaissance	3.870
renal	3.440
rename	3.180
renamed	3.540
renaming	2.900
renard	2.670
renata	2.680
renato	2.680
renaud	2.500
renault	3.350
rend	2.430
render	3.780
rendered	3.880
rendering	3.790
renderings	2.670
renders	3.300
rendezvous	3.320
rending	2.490
rendition	3.450
renditions	2.680
rene	3.340
renee	3.350
renegade	3.230
renegades	2.840
reneged	2.410
renegotiate	2.720
renegotiation	2.630
renew	3.730
renewable	3.910
renewables	3.150
renewal	3.840
renewals	2.770
renewed	4.040
renewing	3.240
renews	2.750
renfrew	2.520
renfrewshire	2.620
renner	2.800
rennes	2.530
rennie	2.890
reno	3.520
renoir	2.730
renounce	3.190
renounced	3.000
renouncing	2.610
renovate	3.050
renovated	3.560
renovating	2.990
renovation	3.740
renovations	3.400
renown	3.110
renowned	3.960
renshaw	2.500
rensselaer	2.720
rent	4.580
rental	4.100
rentals	3.420
rented	3.880
renter	2.770
renters	3.160
renting	3.620
renton	2.670
rents	3.580
renumbered	2.480
renunciation	2.640
renzi	2.430
renzo	2.470
rené	2.960
renée	2.600
reo	2.690
reoccurring	2.470
reopen	3.420
reopened	3.490
reopening	3.240
reopens	2.590
reorganisation	2.880
reorganise	2.220
reorganization	3.330
reorganize	2.800
reorganized	3.000
reorganizing	2.550
rep	4.350
repackaged	2.600
repaid	3.290
repaint	2.610
repainted	2.700
repainting	2.400
repair	4.410
repaired	3.770
repairing	3.550
repairman	2.590
repairs	4.080
reparation	2.640
reparations	3.200
repatriate	2.400
repatriated	2.790
repatriation	3.060
repay	3.660
repaying	2.670
repayment	3.440
repayments	2.970
repeal	3.870
repealed	3.360
repealing	3.080
repeat	4.490
repeatable	2.690
repeated	4.280
repeatedly	4.210
repeater	2.890
repeaters	2.580
repeating	3.840
repeats	3.550
repel	3.200
repellant	2.240
repelled	2.980
repellent	2.940
repelling	2.680
repels	2.440
repent	3.350
repentance	3.190
repentant	2.490
repented	2.600
repercussions	3.390
repertoire	3.430
repertory	2.980
repetition	3.480
repetitions	2.780
repetitive	3.560
rephrase	2.830
replace	4.580
replaceable	2.920
replaced	4.550
replacement	4.440
replacements	3.530
replaces	3.630
replacing	4.150
replay	3.820
replayed	2.800
replaying	2.750
replays	3.150
replenish	3.040
replenished	2.740
replenishing	2.510
replenishment	2.740
replete	2.910
replica	3.670
replicas	3.000
replicate	3.550
replicated	3.260
replicates	2.690
replicating	2.980
replication	3.420
replied	4.280
replies	3.950
reply	4.500
replying	3.550
repo	3.100
report	5.320
report's	2.690
reportable	2.490
reportage	2.650
reported	5.000
reportedly	4.130
reporter	4.350
reporter's	2.650
reporters	4.010
reporting	4.540
reports	4.900
repos	2.430
repose	2.750
reposition	2.710
repositioned	2.440
repositioning	2.630
repositories	2.840
repository	3.430
repossessed	2.550
repost	3.600
reposted	2.790
reposting	2.700
reprehensible	2.970
represent	4.580
representation	4.340
representational	2.680
representations	3.670
representative	4.570
representatives	4.520
represented	4.530
representing	4.360
represents	4.480
repress	2.820
repressed	3.260
repressing	2.540
repression	3.510
repressive	3.080
reprieve	2.880
reprimand	2.900
reprimanded	2.930
reprint	3.390
reprinted	3.510
reprinting	2.450
reprints	3.030
reprisal	2.870
reprisals	2.890
reprise	2.960
reprising	2.450
reproach	2.940
reprocessing	2.610
reproduce	3.630
reproduced	3.460
reproduces	2.710
reproducibility	2.460
reproducible	2.700
reproducing	3.040
reproduction	3.790
reproductions	2.930
reproductive	3.800
reprogram	2.490
reprogrammed	2.460
reprogramming	2.600
reprove	1.790
reps	3.610
reptile	3.250
reptiles	3.360
reptilian	2.750
republic	4.600
republic's	2.780
republican	4.700
republicanism	2.680
republicans	4.500
republics	3.320
republished	2.970
repudiate	2.450
repudiated	2.620
repudiation	2.560
repugnant	2.910
repulse	2.550
repulsed	3.010
repulsion	2.610
repulsive	3.180
repurchase	2.940
repurpose	2.410
repurposed	2.840
reputable	3.410
reputation	4.470
reputations	3.040
repute	2.640
reputed	3.260
reputedly	2.580
req	2.760
request	4.760
requested	4.330
requesting	3.800
requests	4.280
requiem	3.060
require	4.780
required	5.020
requirement	4.260
requirements	4.640
requires	4.670
requiring	4.140
requisite	3.240
requisition	2.690
requisitioned	2.520
rer	2.410
reread	3.000
rereading	2.670
reroute	2.410
rerouted	2.550
rerun	2.900
reruns	2.890
res	3.790
resale	3.280
reschedule	2.920
rescheduled	3.110
rescheduling	2.490
rescind	2.870
rescinded	3.020
rescue	4.480
rescued	3.940
rescuer	2.590
rescuers	2.940
rescues	3.250
rescuing	3.350
research	5.390
researched	3.560
researcher	3.920
researchers	4.390
researches	3.200
researching	3.630
resection	2.790
resell	2.930
reseller	2.790
resellers	2.670
reselling	2.560
resemblance	3.590
resemble	3.730
resembled	3.330
resembles	3.710
resembling	3.520
resent	3.380
resented	3.070
resentful	2.970
resentment	3.610
resentments	2.480
resents	2.650
reservation	3.950
reservations	3.790
reserve	4.600
reserved	4.180
reserves	4.220
reserving	2.930
reservist	2.470
reservists	2.800
reservoir	3.900
reservoirs	3.400
reset	3.830
resets	2.650
resetting	2.810
resettle	2.470
resettled	2.690
resettlement	3.140
reshape	2.870
reshaped	2.630
reshaping	2.870
reshuffle	2.810
reside	3.670
resided	3.330
residence	4.360
residences	3.440
residencies	2.580
residency	3.700
resident	4.380
residential	4.330
residents	4.640
resides	3.540
residing	3.580
residual	3.520
residuals	2.510
residue	3.530
residues	3.250
resign	3.970
resignation	4.020
resignations	2.820
resigned	4.040
resigning	3.260
resigns	3.200
resilience	3.580
resiliency	2.660
resilient	3.500
resin	3.610
resins	2.940
resist	4.200
resistance	4.550
resistances	2.690
resistant	3.990
resisted	3.610
resisting	3.580
resistive	2.610
resistivity	2.430
resistor	3.010
resistors	2.840
resists	3.120
resize	2.480
resnick	2.470
resold	2.760
resolute	3.120
resolutely	2.820
resolution	4.590
resolutions	3.700
resolve	4.170
resolved	4.100
resolves	3.130
resolving	3.510
resonance	3.650
resonances	2.570
resonant	3.130
resonate	3.190
resonated	2.950
resonates	3.080
resonating	2.570
resonator	2.800
resonators	2.450
resort	4.370
resort's	2.500
resorted	3.230
resorting	3.160
resorts	3.750
resound	2.270
resounding	3.030
resoundingly	2.140
resource	4.390
resourced	2.430
resourceful	3.080
resourcefulness	2.550
resources	4.910
resp	2.690
respawn	2.400
respect	5.030
respectability	2.820
respectable	3.710
respectably	2.120
respected	4.110
respectful	3.710
respectfully	3.470
respecting	3.600
respective	4.190
respectively	4.450
respects	3.900
respiration	3.050
respirator	2.670
respiratory	3.810
respite	3.180
resplendent	2.670
respond	4.530
responded	4.260
respondent	3.090
respondents	3.780
responder	2.810
responders	3.290
responding	4.070
responds	3.800
response	5.030
responses	4.290
responsibilities	4.150
responsibility	4.750
responsible	4.880
responsibly	3.240
responsive	3.700
responsiveness	3.040
rest	5.230
restart	3.680
restarted	3.100
restarting	2.920
restarts	2.690
restate	2.470
restated	2.670
restaurant	4.680
restaurant's	2.830
restaurants	4.340
restaurateur	2.680
restaurateurs	2.450
rested	3.590
restful	2.750
resting	3.890
restitution	3.190
restless	3.600
restlessness	2.800
resto	2.550
restock	2.780
restocking	2.600
reston	2.860
restoration	4.110
restorations	2.780
restorative	2.960
restore	4.180
restored	4.120
restorer	2.460
restores	3.050
restoring	3.720
restrain	3.270
restrained	3.440
restraining	3.480
restraint	3.640
restraints	3.260
restrict	3.800
restricted	4.190
restricting	3.520
restriction	3.760
restrictions	4.310
restrictive	3.540
restricts	3.120
restroom	3.390
restrooms	3.030
restructure	3.010
restructured	2.980
restructuring	3.620
rests	3.640
result	5.180
resultant	3.130
resulted	4.370
resulting	4.480
results	5.230
resume	4.120
resumed	3.760
resumes	3.450
resuming	3.020
resumption	3.090
resupply	2.880
resurface	2.630
resurfaced	2.880
resurfacing	2.720
resurgence	3.310
resurgent	2.610
resurrect	3.060
resurrected	3.240
resurrecting	2.590
resurrection	3.760
resuscitate	2.620
resuscitated	2.420
resuscitation	2.930
ret	3.180
retail	4.550
retailer	3.750
retailers	3.920
retailing	3.090
retails	2.630
retain	4.160
retained	4.070
retainer	3.120
retainers	2.820
retaining	3.780
retains	3.640
retake	3.280
retaken	2.560
retaking	2.560
retaliate	3.100
retaliated	2.800
retaliation	3.550
retaliatory	2.850
retard	3.370
retardant	2.640
retardation	2.890
retarded	3.730
retards	2.890
retell	2.240
retelling	2.950
retention	3.810
retest	2.520
rethink	3.470
rethinking	3.120
reticence	2.600
reticent	2.620
reticle	2.400
reticulum	2.510
retina	3.400
retinal	3.130
retinol	2.470
retinopathy	2.450
retinue	2.630
retire	4.050
retired	4.440
retiree	2.810
retirees	3.150
retirement	4.530
retirements	2.800
retires	3.290
retiring	3.800
retold	2.570
retook	2.510
retort	2.890
retorted	2.660
retorts	2.440
retrace	2.690
retract	3.030
retractable	2.940
retracted	3.050
retracting	2.490
retraction	2.880
retrain	2.520
retraining	2.750
retreat	4.130
retreated	3.380
retreating	3.270
retreats	3.160
retrial	2.700
retribution	3.380
retrieval	3.330
retrieve	3.690
retrieved	3.800
retriever	2.990
retrievers	2.440
retrieves	2.500
retrieving	3.020
retro	3.730
retroactive	2.920
retroactively	2.940
retrofit	2.830
retrofitted	2.520
retrofitting	2.470
retrograde	3.090
retrospect	3.290
retrospection	1.800
retrospective	3.480
retrospectively	2.820
retry	2.570
return	5.190
returnable	2.420
returned	4.820
returnees	2.470
returner	2.500
returning	4.490
returns	4.600
retweet	2.730
retweeted	2.940
retweeting	2.410
retweets	2.780
reuben	3.240
reunification	3.090
reunify	1.930
reunion	3.930
reunions	2.940
reunite	3.370
reunited	3.720
reunites	2.640
reuniting	2.950
reuptake	2.410
reus	2.830
reusable	3.210
reuse	3.370
reused	3.090
reusing	2.690
reuter	2.440
reuters	3.870
rev	4.120
revaluation	2.440
revamp	3.200
revamped	3.180
revamping	2.640
revd	2.400
reve	2.400
reveal	4.430
revealed	4.650
revealing	3.970
reveals	4.340
revel	3.110
revelation	3.960
revelations	3.560
revelatory	2.450
revelry	2.500
revels	2.770
revenant	2.470
revenge	4.280
revenue	4.640
revenues	4.060
reverb	2.920
reverberate	2.290
reverberating	2.400
reverberation	2.420
revere	3.090
revered	3.340
reverence	3.220
reverend	3.740
reverent	2.460
reverie	2.620
reversal	3.560
reversals	2.640
reverse	4.370
reversed	3.880
reverses	3.050
reversible	3.320
reversing	3.430
reversion	2.600
revert	3.350
reverted	3.140
reverting	2.900
reverts	2.710
review	5.120
reviewed	4.230
reviewer	3.470
reviewers	3.470
reviewing	3.920
reviews	4.580
revile	1.980
reviled	2.650
revis	2.560
revise	3.480
revised	4.140
revising	3.180
revision	3.820
revisionism	2.620
revisionist	2.920
revisions	3.450
revisit	3.360
revisited	3.250
revisiting	3.000
revisits	2.490
revista	2.460
revitalization	2.890
revitalize	2.870
revitalized	2.670
revitalizing	2.530
revival	3.930
revivals	2.660
revive	3.680
revived	3.640
revives	2.800
reviving	3.190
revlon	2.530
revocation	2.930
revoke	3.260
revoked	3.490
revoking	2.730
revolt	3.730
revolted	2.800
revolting	3.010
revolts	2.820
revolution	4.560
revolutionaries	3.210
revolutionary	4.170
revolutionise	2.360
revolutionize	2.850
revolutionized	2.860
revolutionizing	2.590
revolutions	3.380
revolve	3.240
revolved	3.000
revolver	3.410
revolvers	2.770
revolves	3.400
revolving	3.410
revs	2.850
revue	3.070
revulsion	2.710
revved	2.480
revving	2.660
reward	4.330
rewarded	3.810
rewarding	3.740
rewards	4.100
rewatch	2.970
rewatched	2.410
rewatching	2.810
rewind	3.240
rewire	2.450
rework	2.890
reworked	3.110
reworking	2.890
rewrite	3.470
rewrites	2.620
rewriting	3.140
rewritten	3.190
rewrote	2.750
rex	3.890
rey	3.790
rey's	2.600
reyes	3.370
reykjavik	2.780
reyna	2.460
reynolds	3.990
rez	2.640
reza	3.070
rezoning	2.400
rf	3.550
rfa	2.690
rfc	2.960
rfe	2.400
rfi	2.450
rfid	2.860
rfp	2.610
rfu	2.460
rg	3.160
rg3	2.520
rgb	3.130
rh	3.310
rhapsody	3.010
rhe	2.540
rhea	3.010
rhee	2.560
rhesus	2.570
rhetoric	3.950
rhetorical	3.380
rhetorically	2.540
rhett	2.980
rheumatic	2.560
rheumatism	2.620
rheumatoid	3.040
rhiannon	2.640
rhine	3.280
rhineland	2.480
rhinestone	2.600
rhinestones	2.470
rhino	3.570
rhinoceros	2.850
rhinos	3.180
rhizome	2.400
rho	2.810
rhoades	2.530
rhoda	2.740
rhode	3.790
rhodes	3.690
rhodesia	3.130
rhodesian	2.540
rhodium	2.530
rhododendron	2.520
rhonda	2.970
rhondda	2.460
rhone	2.660
rhp	2.660
rhs	2.710
rhubarb	2.970
rhyme	3.560
rhymed	2.540
rhymes	3.490
rhyming	2.960
rhys	3.300
rhythm	4.050
rhythmic	3.390
rhythmically	2.670
rhythms	3.440
ri	3.690
ria	3.030
riaa	2.540
rialto	2.590
rian	2.520
rib	3.590
riba	2.500
ribbed	2.920
ribbing	2.530
ribbon	3.810
ribbons	3.360
ribeiro	2.680
ribosomal	2.540
ribosome	2.420
ribs	3.800
ric	3.140
rica	3.750
rican	3.430
ricans	2.860
ricard	2.480
ricardo	3.410
riccardo	2.750
ricci	2.880
ricciardo	2.700
rice	4.550
rice's	2.550
rich	4.910
richard	4.790
richard's	3.100
richards	3.850
richardson	3.910
richardson's	2.480
riche	2.480
richelieu	2.710
richer	3.710
riches	3.570
richest	3.700
richey	2.480
richfield	2.420
richie	3.670
richland	2.930
richly	3.270
richman	2.550
richmond	4.120
richmond's	2.540
richness	3.260
richter	3.220
ricin	2.400
rick	4.320
rick's	2.850
rickard	2.570
rickets	2.410
ricketts	2.640
rickety	2.680
rickey	2.630
ricki	2.530
rickie	2.780
rickman	2.620
ricks	2.650
rickshaw	2.850
ricky	3.910
ricky's	2.400
rico	3.970
rico's	2.710
ricochet	2.750
ricoh	2.570
ricotta	2.680
rid	4.500
rida	2.530
riddance	2.900
riddell	2.540
ridden	3.620
riddick	2.680
ridding	2.660
riddle	3.440
riddled	3.190
riddler	2.660
riddles	2.980
ride	4.850
rider	4.020
rider's	2.530
riders	3.990
ridership	2.680
rides	4.060
ridge	4.120
ridgefield	2.430
ridges	3.350
ridgeway	2.590
ridgway	2.570
ridicule	3.340
ridiculed	3.190
ridiculing	2.580
ridiculous	4.460
ridiculously	3.510
ridiculousness	2.560
ridin	2.690
riding	4.490
ridings	2.460
ridley	3.340
rie	2.550
riemann	2.600
rien	2.430
ries	2.470
riesling	2.570
rif	2.510
rife	3.150
riff	3.400
riffing	2.470
riffs	3.100
rifle	4.180
rifled	2.650
rifleman	2.520
riflemen	2.440
rifles	3.840
rifling	2.580
rift	3.640
rifts	2.750
rig	3.860
riga	2.980
rigby	2.960
rigg	2.490
rigged	3.630
rigging	3.420
riggs	3.090
right	5.960
right's	2.580
right-hand	5.300
righteous	3.800
righteousness	3.480
rightful	3.380
rightfully	3.240
righting	2.510
rightist	2.430
rightly	3.730
rightmove	2.420
rights	5.190
rightwing	2.620
righty	2.530
rigid	3.750
rigidity	2.990
rigidly	2.730
rigor	3.070
rigorous	3.680
rigorously	3.000
rigors	2.550
rigour	2.670
rigs	3.240
rihanna	3.460
rihanna's	2.610
rik	2.720
rika	2.610
riker	2.830
rikers	2.510
riki	2.470
rikki	2.570
rile	2.490
riled	2.840
riley	3.900
riley's	2.670
rim	3.850
rime	2.500
rimes	2.400
rimmed	2.760
rimmer	2.530
rims	3.220
rin	3.210
rina	2.680
rinaldo	2.450
rincon	2.480
rind	2.760
rinehart	2.850
ring	4.810
ringed	2.910
ringer	3.060
ringers	2.430
ringing	3.680
ringleader	2.590
ringo	3.160
rings	4.330
ringside	2.770
ringtone	2.990
ringtones	2.450
ringwood	2.460
rink	3.410
rinks	2.560
rino	2.520
rinpoche	2.450
rinse	3.480
rinsed	2.770
rinsing	2.710
rio	4.350
rio's	2.510
rioja	2.420
riordan	2.660
rios	2.950
riot	4.090
rioters	3.070
rioting	3.270
riotous	2.510
riots	3.870
rip	4.260
riparian	2.760
ripe	3.670
ripen	2.640
ripened	2.490
ripening	2.730
ripley	3.240
ripoff	2.430
ripon	2.660
riposte	2.440
ripped	4.060
ripper	3.230
ripping	3.570
ripple	3.410
rippled	2.430
ripples	3.030
rippling	2.700
rips	3.280
riptide	2.550
ris	2.700
risa	2.530
rise	4.810
risen	3.860
riser	2.880
risers	2.760
rises	4.070
rishi	2.750
rising	4.520
risk	5.050
risked	3.370
riskier	2.730
risking	3.550
risks	4.350
risky	3.940
risotto	2.870
risque	2.430
risqué	2.430
rit	2.660
rita	3.750
rita's	2.460
ritalin	2.530
ritchie	3.370
rite	3.630
rites	3.440
rittenhouse	2.600
ritter	2.990
ritual	4.020
ritualistic	2.700
ritually	2.400
rituals	3.670
ritz	3.240
riva	2.650
rival	4.180
rivaled	2.460
rivalries	3.170
rivalry	3.800
rivals	3.950
rivas	2.550
rive	2.440
riven	2.720
river	5.030
river's	2.830
rivera	3.440
riverbank	2.770
riverbed	2.580
riverboat	2.490
riverdale	2.970
riverfront	2.760
rivers	4.300
riverside	3.670
riverton	2.480
riverview	2.590
rivet	2.690
riveted	2.740
riveting	2.990
rivets	2.730
riviera	3.260
riyadh	3.100
rizal	2.660
rizzo	3.070
rizzoli	2.540
rj	3.280
rk	2.900
rko	2.700
rl	3.370
rls	2.440
rly	2.710
rm	3.750
rm00	2.400
rma	2.610
rmb	2.910
rms	3.080
rmt	2.530
rn	3.710
rna	3.680
rnas	2.630
rnc	3.020
rnli	2.460
rns	2.520
ro	3.620
roa	2.690
roach	3.440
roaches	2.910
road	5.240
road's	2.590
roadblock	3.020
roadblocks	2.930
roadhouse	2.690
roadie	2.490
roadkill	2.560
roadmap	3.160
roadrunner	2.400
roads	4.550
roadshow	3.020
roadside	3.450
roadster	2.840
roadway	3.370
roadways	3.020
roadworks	2.450
roald	2.790
roam	3.460
roamed	2.910
roaming	3.500
roams	2.520
roan	2.720
roanoke	3.070
roar	3.700
roared	3.030
roaring	3.510
roark	2.440
roars	2.910
roast	3.870
roasted	3.730
roaster	2.490
roasters	2.510
roasting	3.340
roasts	2.780
rob	4.350
rob's	2.610
robb	3.280
robbed	3.880
robben	2.840
robber	3.390
robberies	3.210
robbers	3.410
robbery	3.970
robbie	3.840
robbing	3.380
robbins	3.480
robbo	2.440
robby	3.010
robe	3.520
robed	2.430
roberson	2.630
robert	4.850
robert's	3.010
roberta	3.160
roberto	3.670
roberts	4.160
robertson	3.870
robertson's	2.440
robes	3.390
robeson	2.530
robespierre	2.580
robin	4.330
robin's	2.800
robins	3.070
robinson	4.210
robinson's	2.870
robinsons	2.480
robison	2.650
robles	2.790
roblox	2.730
robo	3.090
robocop	2.820
robot	4.240
robot's	2.460
robotic	3.540
robotics	3.530
robots	3.990
robs	2.920
robson	3.230
robust	3.940
robustly	2.390
robustness	2.830
roby	2.420
robyn	3.250
roc	3.310
roca	2.510
rocca	2.550
rocco	3.110
rocha	2.780
rochdale	3.070
roche	3.320
rochelle	3.110
rochester	3.810
rock	5.030
rock'n'roll	2.710
rock's	2.850
rockabilly	2.660
rockaway	2.630
rocked	3.530
rockefeller	3.440
rocker	3.340
rockers	3.100
rocket	4.310
rocket's	2.410
rocketed	2.510
rocketing	2.440
rockets	3.990
rockford	3.160
rockhampton	2.630
rockies	3.390
rockin	3.180
rocking	3.720
rockingham	2.770
rockland	2.790
rockport	2.440
rocks	4.380
rockstar	3.300
rockville	3.060
rockwell	3.200
rocky	4.160
rocky's	2.420
rococo	2.590
rod	4.140
roddy	2.980
rode	3.910
roden	2.440
rodent	3.200
rodents	3.320
rodeo	3.470
roderick	3.000
rodger	2.850
rodgers	3.810
rodham	2.490
rodin	2.660
rodman	2.920
rodney	3.670
rodolfo	2.590
rodrigo	3.280
rodrigues	2.720
rodriguez	3.710
rodríguez	2.840
rods	3.590
roe	3.440
roebuck	2.650
roethlisberger	2.700
rofl	2.840
rog	2.770
rogan	2.830
rogelio	2.400
rogen	2.700
roger	4.390
roger's	2.690
rogers	4.090
rogue	3.890
rogues	3.000
roh	2.950
rohan	3.200
rohingya	2.920
rohit	2.980
rohr	2.460
roi	3.390
rojas	2.800
rojo	2.960
rok	2.740
roku	2.870
roland	3.660
rolando	2.550
role	5.160
roleplay	2.820
roleplaying	2.830
roles	4.440
rolex	3.350
rolf	3.240
rolfe	2.700
roll	4.750
rolla	2.400
rolland	2.510
rollback	2.700
rolled	4.210
roller	3.990
rollercoaster	3.150
rollers	3.310
rollie	2.470
rollin	3.110
rolling	4.470
rollins	3.370
rollo	2.730
rollout	3.060
rollover	2.850
rolls	4.230
rom	3.750
roma	3.710
romain	2.850
romaine	2.640
roman	4.500
roman's	2.430
romana	2.560
romance	4.320
romances	3.150
romancing	2.550
romanesque	2.630
romani	2.670
romania	3.780
romania's	2.610
romanian	3.580
romanians	2.950
romano	3.070
romanov	2.460
romans	3.920
romantic	4.430
romantically	3.090
romanticism	2.970
romanticized	2.480
romantics	2.740
rome	4.450
rome's	2.920
romeo	3.710
romer	2.480
romero	3.340
romford	2.540
rommel	2.810
romney	3.640
romney's	2.690
romo	3.190
romp	2.850
romper	2.490
roms	2.800
romulan	2.430
romulus	2.690
romy	2.430
ron	4.220
ron's	2.580
rona	2.750
ronald	3.910
ronaldinho	2.530
ronaldo	3.750
ronaldo's	2.610
ronan	3.060
ronda	2.940
rondo	3.030
rong	2.590
roni	2.460
ronin	2.770
ronnie	3.700
ronny	2.990
ronson	2.610
roo	3.100
rood	2.580
roof	4.550
roofed	2.770
roofing	3.230
roofs	3.580
rooftop	3.550
rooftops	3.060
rook	3.100
rookie	4.130
rookies	3.270
rooks	2.560
room	5.390
room's	2.750
roomie	2.490
rooming	2.530
roommate	3.810
roommate's	2.490
roommates	3.390
rooms	4.560
roomy	2.670
rooney	3.700
rooney's	2.560
roos	2.840
roosevelt	3.890
roosevelt's	2.610
roost	3.000
rooster	3.310
roosters	3.070
root	4.410
rooted	3.820
rooting	3.550
roots	4.340
rope	4.060
roped	2.830
roper	3.070
ropes	3.660
roping	2.540
roque	2.560
ror	2.410
rorschach	2.700
rory	3.720
ros	3.300
rosa	3.800
rosales	2.440
rosalie	2.860
rosalind	2.930
rosamund	2.520
rosanna	2.490
rosario	3.090
rosary	3.160
rosberg	2.940
roscoe	3.040
rose	4.820
rose's	3.060
roseanne	2.830
rosebud	2.760
rosedale	2.450
rosemary	3.570
rosemont	2.440
rosen	3.400
rosenbaum	2.570
rosenberg	3.300
rosenfeld	2.700
rosenstein	2.710
rosenthal	3.080
roses	4.010
rosetta	3.040
rosette	2.740
rosettes	2.460
roseville	2.640
rosewood	2.990
rosh	2.750
roshan	2.660
rosie	3.610
rosin	2.530
rosita	2.610
roslyn	2.540
ross	4.390
ross's	2.640
rossetti	2.650
rossi	3.400
rossini	2.520
rosslyn	2.420
rosso	2.830
roster	4.090
rosters	3.070
rostov	2.820
rostrum	2.560
roswell	3.000
rosy	3.280
rosé	2.760
rot	3.700
rota	2.700
rotary	3.610
rotate	3.580
rotated	3.330
rotates	3.080
rotating	3.770
rotation	4.080
rotational	3.230
rotations	3.190
rotator	2.650
rotc	2.910
rote	2.910
roth	3.590
rotherham	3.150
rothman	2.610
rothschild	3.130
rothstein	2.560
rothwell	2.470
roti	2.550
rotisserie	2.500
rotor	3.420
rotors	2.910
rots	2.730
rotted	2.820
rotten	3.810
rotterdam	3.190
rotting	3.340
rottweiler	2.590
rotunda	2.780
roubaix	2.440
roubles	2.630
rouen	2.770
rouge	3.660
rough	4.490
roughed	2.520
rougher	2.840
roughest	2.520
roughing	2.690
roughly	4.360
roughness	2.810
rouhani	2.740
roulette	3.390
round	5.140
roundabout	3.330
roundabouts	2.600
rounded	3.980
rounder	3.300
rounders	2.640
roundhouse	2.780
rounding	3.390
roundly	2.580
rounds	4.300
roundtable	3.110
roundtrip	2.410
roundup	3.290
rourke	2.770
rouse	3.100
roused	2.620
rousey	2.770
roush	2.420
rousing	2.980
rousseau	3.010
rousseff	2.470
rout	3.090
route	4.670
routed	3.310
router	3.500
routers	3.000
routes	4.190
routine	4.370
routinely	3.710
routines	3.500
routing	3.550
routledge	3.410
roux	3.010
rove	2.860
rover	3.760
rovers	3.450
roving	2.980
row	4.600
rowan	3.320
rowdy	3.210
rowe	3.350
rowed	2.780
rowell	2.470
rowena	2.670
rower	3.110
rowers	2.770
rowing	3.390
rowland	3.290
rowlands	2.440
rowley	3.030
rowling	3.250
rowling's	2.420
rowntree	2.430
rows	3.860
rox	2.680
roxanne	2.850
roxas	2.610
roxbury	2.710
roxie	2.420
roxy	3.190
roy	4.250
roy's	2.780
royal	4.850
royale	3.380
royalist	2.800
royalists	2.570
royally	2.700
royals	3.720
royalties	3.440
royalty	3.800
royce	3.580
royston	2.460
roz	2.580
rp	3.670
rpa	2.470
rpc	2.470
rpg	3.520
rpgs	2.800
rpi	2.780
rpm	3.490
rps	2.680
rpt	2.420
rq	2.590
rr	3.400
rrna	2.500
rrp	2.690
rrsp	2.430
rs	4.180
rsa	3.130
rsc	2.670
rsd	2.460
rsi	2.740
rsl	2.680
rspb	2.470
rspca	2.600
rss	3.480
rst	2.480
rsv	2.530
rsvp	3.020
rt	4.040
rta	2.650
rtc	2.670
rtd	2.760
rte	2.820
rtf	2.400
rti	2.670
rtl	2.710
rtp	2.460
rtr	2.460
rts	3.180
ru	3.500
rua	2.560
ruan	2.410
rub	3.970
rubbed	3.570
rubber	4.230
rubbers	2.650
rubbery	2.610
rubbing	3.710
rubbish	3.870
rubble	3.440
rube	2.700
rubella	2.530
ruben	3.150
rubens	2.830
rubenstein	2.520
rubicon	2.710
rubies	2.830
rubik's	2.700
rubin	3.350
rubinstein	2.600
rubio	3.460
ruble	2.620
rubles	3.040
rubric	2.750
rubs	3.240
ruby	3.980
ruby's	2.610
ruc	2.410
ruck	2.760
rucker	2.700
rucksack	2.640
ruckus	2.880
rudd	3.230
rudder	3.200
ruddy	3.010
rude	4.250
rudely	2.890
rudeness	2.910
rudi	2.810
rudimentary	3.170
rudiments	2.350
rudolf	3.060
rudolph	3.320
rudy	3.620
rudyard	2.570
rue	3.560
ruf	2.440
ruff	3.050
ruffalo	2.480
ruffle	2.790
ruffled	2.910
ruffles	2.690
rufus	3.310
rug	3.720
rugby	4.400
ruger	2.680
rugged	3.600
rugrats	2.430
rugs	3.190
ruhr	2.590
rui	2.860
ruin	4.310
ruined	4.260
ruining	3.730
ruinous	2.690
ruins	4.020
ruiz	3.200
rukh	2.590
rule	4.940
rulebook	2.670
ruled	4.300
rulemaking	2.540
ruler	3.840
rulers	3.700
rules	5.060
ruling	4.290
rulings	3.390
rum	3.630
rumba	2.630
rumble	3.430
rumbled	2.530
rumbles	2.520
rumbling	2.960
rumblings	2.590
rumi	2.720
ruminant	2.090
ruminate	2.170
rumination	2.290
ruminative	1.550
rummage	2.540
rummaging	2.580
rumor	3.730
rumored	3.390
rumors	4.010
rumour	3.380
rumoured	3.030
rumours	3.660
rump	3.050
rumsfeld	2.760
run	5.490
runaway	3.540
runaways	2.760
rundown	3.160
rune	3.010
runes	2.890
runescape	2.590
rung	3.200
rungs	2.550
runner	4.180
runner's	2.560
runners	3.970
runnin	3.150
running	5.230
runny	2.940
runoff	3.530
runs	4.840
runt	2.470
runtime	3.080
runway	3.920
runways	3.120
rupa	2.460
rupaul	2.480
rupaul's	2.420
rupee	3.040
rupees	3.390
rupert	3.610
rupp	2.490
rupture	3.280
ruptured	3.160
ruptures	2.530
rural	4.590
rus	3.080
ruse	3.160
rusev	2.520
rush	4.480
rush hour	4.400
rushdie	2.550
rushed	3.980
rusher	2.820
rushers	2.490
rushes	3.310
rushing	3.950
rushmore	2.780
rushton	2.520
rusk	2.700
ruskin	2.940
ruslan	2.420
russ	3.640
russel	3.030
russell	4.330
russell's	2.930
russet	2.450
russia	4.930
russia's	3.660
russian	5.010
russians	4.160
russo	3.240
rust	3.740
rusted	2.930
rustic	3.370
rusting	2.720
rustle	2.720
rustling	2.850
rusty	3.610
rut	3.110
rutgers	3.400
ruth	4.050
ruth's	2.610
rutherford	3.370
ruthie	2.430
ruthless	3.650
ruthlessly	2.900
ruthlessness	2.520
rutland	2.970
rutledge	2.880
rutter	2.600
rv	3.550
rvp	2.460
rvs	2.640
rw	3.130
rwanda	3.530
rwandan	2.940
rwd	2.420
rx	3.310
ry	2.970
ryan	4.590
ryan's	3.290
ryanair	2.730
ryback	2.440
ryde	2.580
ryder	3.500
rye	3.520
ryerson	2.620
ryland	2.460
ryo	2.800
ryu	3.230
ryzen	2.480
régime	2.480
rémy	2.490
résumé	2.830
s	5.860
s'mores	2.570
s's	2.510
s.a	3.260
s.c	3.310
s.d	2.640
s.e	2.630
s.h.i.e.l.d	2.990
s.i	2.600
s.j	2.740
s.l	2.640
s.m	2.510
s.o	2.520
s.o.s	2.440
s.p	2.480
s.p.a	2.440
s.r	2.590
s.s	2.930
s.w	2.420
s00	3.630
s000	3.240
s0000	2.890
s00e00	2.790
s1	3.370
s2	3.480
s3	3.440
s4	3.320
s5	3.230
s6	3.060
s7	3.060
s8	2.970
s9	2.800
sa	4.300
sa's	2.560
saa	2.910
saab	3.090
saad	2.940
saar	2.490
saarc	2.460
saas	2.980
saatchi	2.630
sab	2.770
saba	2.950
sabah	2.910
saban	3.030
sabbath	3.500
sabbatical	2.950
saber	3.180
sabha	3.100
sabin	2.490
sabina	2.720
sabine	3.220
sable	2.990
sabo	2.520
sabotage	3.620
sabotaged	2.920
sabotaging	2.950
saboteur	2.400
saboteurs	2.450
sabra	2.510
sabre	3.020
sabres	3.170
sabrina	3.350
sac	3.670
saccharine	2.480
sacco	2.570
sacha	2.890
sachin	2.950
sachs	3.430
sack	3.910
sacked	3.730
sacking	3.070
sacks	3.590
sackville	2.520
sacra	2.680
sacral	2.520
sacrament	3.190
sacramental	2.580
sacramento	3.860
sacraments	2.930
sacred	4.240
sacrifice	4.290
sacrificed	3.670
sacrifices	3.720
sacrificial	3.080
sacrificing	3.440
sacrilege	2.640
sacrilegious	2.430
sacrosanct	2.430
sacs	2.740
sad	4.840
sadat	2.690
saddam	3.440
saddam's	2.510
saddened	3.240
saddening	2.440
saddens	2.680
sadder	2.950
saddest	3.240
saddle	3.730
saddled	2.940
saddles	2.890
sade	2.830
sadie	3.260
sadiq	2.870
sadism	2.570
sadist	2.650
sadistic	3.180
sadler	2.860
sadly	4.180
sadness	3.880
sadr	2.640
sae	3.060
saeed	3.040
saf	2.810
safari	3.630
safaris	2.490
safe	5.070
safeguard	3.550
safeguarded	2.620
safeguarding	3.230
safeguards	3.380
safekeeping	2.640
safely	4.220
safer	4.090
safes	2.770
safest	3.560
safeties	2.710
safety	4.970
safeway	2.880
saffron	3.210
sag	3.250
saga	3.870
sagan	2.980
sagar	2.570
sagas	2.610
sage	3.830
sagebrush	2.560
sager	2.490
sages	2.920
sagging	2.930
saggy	2.700
saginaw	2.880
sagittarius	2.870
sah	2.550
saha	2.470
sahara	3.400
saharan	3.320
saheb	2.560
sahel	2.640
sahib	3.010
sai	3.270
said	6.010
saif	2.770
saigon	3.220
sail	4.010
sailboat	2.950
sailboats	2.420
sailed	3.710
sailing	3.990
sailings	2.440
sailor	3.780
sailor's	2.460
sailors	3.750
sails	3.520
sainsbury	2.580
sainsbury's	2.740
saint	4.410
saint's	2.470
sainte	2.850
sainthood	2.440
saintly	2.690
saints	4.160
saipan	2.600
sais	2.650
saison	2.400
saitama	2.860
saith	2.940
saito	2.790
saiyan	2.810
sajid	2.560
saka	2.410
sakai	2.500
sakamoto	2.480
sake	4.400
sakes	2.900
sakho	2.560
saki	2.570
saks	2.690
sakura	3.310
sakurai	2.620
sal	3.480
sala	2.810
salaam	3.110
salacious	2.460
salad	4.150
saladin	2.600
salads	3.310
salafi	2.550
salah	3.200
salam	3.010
salamanca	2.650
salamander	2.760
salamanders	2.610
salami	2.880
salaried	2.950
salaries	3.890
salary	4.360
salas	2.650
salazar	3.030
sale	4.990
saleem	2.600
saleh	3.020
salem	3.700
salerno	2.540
sales	5.020
salesforce	2.850
salesman	3.640
salesmanship	2.190
salesmen	2.970
salespeople	2.830
salesperson	2.840
saleswoman	2.280
salford	3.210
salgado	2.410
salicylic	2.570
salient	3.120
salim	3.000
salina	2.730
salinas	2.910
saline	3.330
salinger	2.680
salinity	2.960
salisbury	3.510
saliva	3.350
salivary	2.660
salivate	2.120
salivating	2.540
salk	2.470
salle	3.170
sallie	2.640
sally	3.970
sally's	2.630
salma	2.770
salman	3.340
salmon	4.010
salmond	2.950
salmonella	3.090
salome	2.730
salomon	2.910
salon	3.870
salons	3.020
saloon	3.430
saloons	2.660
salsa	3.530
salt	4.600
salted	3.280
salter	2.810
salting	2.460
salts	3.410
saltwater	3.040
salty	3.740
salud	2.440
salutary	2.410
salutation	2.440
salutations	2.490
salute	3.710
saluted	2.720
salutes	2.830
saluting	2.740
salva	2.450
salvador	3.720
salvadoran	2.700
salvage	3.650
salvaged	3.060
salvaging	2.630
salvation	3.950
salvatore	3.160
salve	2.810
salvia	2.670
salvo	2.860
salzburg	3.000
sam	4.640
sam's	3.390
sama	3.250
samadhi	2.420
samantha	3.750
samar	2.790
samara	2.650
samaria	2.640
samaritan	3.150
samaritans	2.710
samba	3.180
sambo	2.510
same	5.800
sameer	2.610
sami	3.340
samir	3.050
samira	2.500
sammy	3.600
samoa	3.390
samoan	2.870
sample	4.530
sampled	3.410
sampler	3.100
samplers	2.450
samples	4.340
sampling	3.750
sampson	3.160
sams	2.890
samson	3.390
samsung	4.120
samsung's	2.960
samuel	4.190
samuels	3.030
samuelson	2.520
samurai	3.650
samus	2.400
san	4.970
sana	3.030
sana'a	2.470
sanaa	2.650
sanatorium	2.810
sanborn	2.720
sanchez	3.770
sancho	2.950
sancti	2.430
sanctification	2.560
sanctified	2.710
sanctimonious	2.580
sanction	3.430
sanctioned	3.620
sanctioning	2.780
sanctions	3.950
sanctity	3.040
sanctuaries	2.890
sanctuary	3.930
sanctum	2.820
sand	4.440
sandal	2.910
sandals	3.460
sandalwood	2.710
sandbag	2.430
sandbags	2.590
sandberg	2.710
sandbox	3.020
sanded	2.500
sandeep	2.590
sander	2.940
sanders	3.980
sanderson	3.270
sandford	2.660
sandhu	2.410
sandhurst	2.560
sandi	2.630
sandia	2.610
sanding	2.710
sandisk	2.440
sandler	3.010
sandman	2.980
sandor	2.660
sandoval	2.920
sandow	2.420
sandown	2.600
sandpaper	2.730
sandpiper	2.460
sandra	3.800
sandringham	2.570
sandro	2.910
sands	3.810
sandstone	3.570
sandstones	2.560
sandstorm	2.730
sandusky	2.960
sandwich	4.130
sandwiched	2.880
sandwiches	3.770
sandy	4.190
sane	3.670
sanfl	2.560
sanford	3.300
sang	4.100
sanger	2.850
sangh	2.530
sangha	2.490
sangria	2.510
sangster	2.460
sanguine	2.740
sani	2.550
sanitarium	2.660
sanitary	3.370
sanitation	3.570
sanitize	2.420
sanitized	2.570
sanitizer	2.700
sanity	3.490
sanjay	3.110
sank	3.700
sankey	2.420
sano	2.510
sanofi	2.490
sans	3.580
sansa	2.950
sanskrit	3.310
sant	2.930
santa	4.490
santa's	2.930
santana	3.220
santander	3.050
santas	2.400
santee	2.410
santi	2.910
santiago	3.660
santino	2.480
santo	3.360
santorini	2.620
santorum	2.760
santos	3.700
sao	3.370
sap	3.600
sapiens	2.970
sapling	2.480
saplings	2.540
sapp	2.500
sapper	2.440
sapphire	3.440
sapphires	2.600
sappho	2.400
sapporo	2.590
sappy	2.680
saps	2.670
sar	3.160
sara	3.960
sara's	2.500
saracen	2.520
saracens	2.890
sarah	4.480
sarah's	2.980
sarajevo	3.100
saran	2.600
sarandon	2.570
sarasota	3.030
saratoga	3.140
sarawak	2.850
sarbanes	2.410
sarcasm	3.620
sarcastic	3.600
sarcastically	2.940
sarcoma	2.720
sarcophagus	2.790
sardar	2.790
sardine	2.660
sardines	2.930
sardinia	2.930
sardonic	2.580
saree	2.630
sarge	2.540
sargent	3.090
sargon	2.490
sari	3.060
sarin	2.790
saris	2.400
sark	2.680
sarkar	2.920
sarkozy	2.770
sars	2.990
sartre	2.790
sas	3.470
sasa	2.480
sasaki	2.620
sascha	2.420
sash	3.230
sasha	3.650
sashes	2.500
sashimi	2.610
sask	2.470
saskatchewan	3.450
saskatoon	2.920
saskia	2.480
sasquatch	2.680
sass	2.980
sassoon	2.520
sassy	3.210
sasuke	2.880
sat	4.640
sata	3.060
satan	3.930
satan's	2.950
satanic	3.300
satanism	2.550
satanist	2.410
satanists	2.460
satchel	2.900
sate	2.580
sated	2.430
satellite	4.330
satellites	3.770
sati	2.480
satiety	2.490
satin	3.390
satire	3.650
satirical	3.360
satirist	2.630
satisfaction	4.160
satisfactorily	2.830
satisfactory	3.570
satisfied	4.280
satisfies	3.200
satisfy	3.980
satisfying	3.930
sativa	2.780
sato	3.020
satoshi	2.920
sats	2.760
saturate	2.570
saturated	3.660
saturation	3.370
saturday	4.870
saturday's	3.360
saturdays	3.560
saturn	3.540
saturn's	2.680
satya	2.760
satyr	2.470
sau	2.560
sauber	2.610
sauce	4.300
saucepan	3.010
saucer	3.060
saucers	2.680
sauces	3.190
saucy	2.900
saud	2.790
saudi	4.310
saudis	3.160
sauer	2.590
sauerkraut	2.660
saul	3.650
sault	2.650
sauna	3.250
saunas	2.420
saunders	3.630
sauron	2.860
sausage	3.800
sausages	3.300
saute	2.460
sauteed	2.400
sauté	2.520
sautéed	2.440
sauvignon	2.870
sav	2.740
savage	4.050
savagely	2.750
savagery	2.870
savages	3.380
savanna	2.830
savannah	3.620
savant	2.710
save	5.140
saved	4.670
saver	3.270
savers	2.970
saves	4.070
savile	2.800
saville	2.660
savin	2.560
saving	4.590
savings	4.440
savior	3.670
saviors	2.680
saviour	3.330
savor	2.980
savoring	2.420
savory	3.000
savour	2.780
savoury	2.810
savoy	3.090
savvy	3.560
saw	5.340
sawdust	2.850
sawed	2.800
sawing	2.780
sawmill	2.890
sawmills	2.520
sawn	2.660
saws	2.950
sawyer	3.540
sax	3.150
saxe	2.540
saxena	2.460
saxon	3.580
saxons	3.020
saxony	2.950
saxophone	3.150
saxophonist	2.740
saxton	2.500
say	5.890
saya	2.620
sayed	2.610
sayer	2.500
sayers	2.800
sayin	3.520
saying	5.370
sayings	3.170
sayre	2.470
says	5.490
sb	3.700
sba	2.850
sbb	2.480
sbc	2.890
sbi	2.650
sbr	2.410
sbs	3.380
sc	4.180
sca	2.870
scab	2.790
scabbard	2.460
scabies	2.430
scabs	2.580
scaffold	3.030
scaffolding	3.100
scaffolds	2.480
scala	3.010
scalability	2.690
scalable	2.930
scalar	2.930
scalding	2.610
scale	4.830
scaled	3.550
scales	3.980
scalia	2.930
scaling	3.630
scallop	2.750
scalloped	2.560
scallops	2.950
scalp	3.480
scalpel	2.760
scalping	2.590
scalps	2.560
scaly	2.810
scam	3.940
scammed	2.970
scammer	2.950
scammers	3.130
scamming	2.810
scams	3.370
scan	4.070
scandal	4.170
scandalous	3.280
scandals	3.510
scandinavia	3.260
scandinavian	3.490
scandinavians	2.440
scania	2.430
scanlan	2.490
scanlon	2.700
scanned	3.530
scanner	3.560
scanners	3.260
scanning	3.720
scans	3.620
scant	3.100
scantily	2.590
scape	2.710
scapegoat	3.110
scapegoating	2.420
scapegoats	2.500
scapula	2.460
scar	3.770
scarab	2.780
scarborough	3.270
scarce	3.610
scarcely	3.330
scarcity	3.370
scare	4.070
scarecrow	3.090
scared	4.600
scares	3.660
scarf	3.680
scarface	2.820
scarier	3.010
scariest	3.170
scaring	3.250
scarlet	3.640
scarlets	2.590
scarlett	3.450
scarred	3.270
scarring	3.070
scars	3.760
scarves	3.150
scary	4.370
scat	2.910
scathing	2.970
scatter	3.390
scattered	3.970
scattering	3.400
scatters	2.430
scavenge	2.510
scavenger	3.030
scavengers	2.750
scavenging	2.850
scc	2.820
scenario	4.190
scenarios	3.880
scene	4.970
scenery	3.680
scenes	4.580
scenic	3.670
scent	3.820
scented	3.300
scents	3.120
scepter	2.730
sceptic	2.500
sceptical	3.090
scepticism	2.940
sceptics	2.450
sceptre	2.610
scf	2.430
scg	2.510
sch	3.070
schadenfreude	2.430
schaefer	2.930
schaeffer	2.620
schafer	2.580
schaffer	2.540
schalke	2.900
schatz	2.570
schaub	2.530
schaumburg	2.430
schedule	4.670
scheduled	4.450
scheduler	2.650
schedules	3.810
scheduling	3.690
scheer	2.660
schell	2.550
schema	3.130
schemas	2.410
schematic	3.120
schematics	2.700
scheme	4.570
schemes	4.030
scheming	3.070
schenectady	2.790
schengen	2.780
scherer	2.460
scherzer	2.520
scherzinger	2.400
schick	2.410
schiff	3.050
schiller	3.050
schilling	2.800
schindler	2.690
schindler's	2.460
schism	3.010
schizophrenia	3.560
schizophrenic	3.130
schlegel	2.510
schlesinger	2.790
schleswig	2.430
schloss	2.420
schlumberger	2.410
schmid	2.590
schmidt	3.730
schmidt's	2.410
schmitt	2.880
schmitz	2.610
schmuck	2.520
schneider	3.500
schoenberg	2.480
schofield	2.980
scholar	3.960
scholarly	3.600
scholars	4.120
scholarship	4.150
scholarships	3.760
scholastic	3.190
scholasticism	2.010
scholes	3.000
scholl	2.480
school	5.710
school's	3.840
schoolboy	3.210
schoolboys	2.660
schoolchild	1.690
schoolchildren	2.930
schooled	3.110
schooler	2.720
schoolers	3.040
schoolgirl	3.100
schoolgirls	2.710
schoolhouse	2.920
schooling	3.730
schoolmaster	2.750
schoolmate	2.320
schoolmates	2.480
schools	5.050
schoolteacher	2.980
schoolwork	2.750
schoolyard	2.640
schooner	3.030
schopenhauer	2.540
schott	2.650
schrader	2.630
schreiber	2.700
schroder	2.490
schroeder	3.040
schubert	2.950
schulman	2.420
schultz	3.480
schulz	3.080
schumacher	3.210
schuman	2.400
schumann	2.840
schumer	3.170
schuster	3.150
schuyler	2.860
schuylkill	2.560
schwab	2.980
schwartz	3.500
schwarz	2.930
schwarzenegger	3.130
schweinsteiger	2.620
schweitzer	2.720
sci	3.940
sciatic	2.440
sciatica	2.470
science	5.120
science fiction	4.360
sciences	4.390
scientific	4.670
scientifically	3.450
scientist	4.210
scientists	4.500
scientologists	2.410
scientology	3.310
scifi	2.830
scilly	2.450
scimitar	2.470
scintillating	2.620
scion	3.030
scipio	2.570
scissor	2.910
scissors	3.580
scl	2.400
sclerosis	3.300
scm	2.670
sco	2.710
scoff	2.780
scoffed	2.750
scoffing	2.420
scoffs	2.410
scofield	2.680
scold	2.810
scolded	2.960
scolding	2.840
scolds	2.480
scoliosis	2.700
scone	2.740
scones	2.840
scooby	3.310
scoop	3.690
scooped	3.040
scooping	2.820
scoops	2.990
scoot	2.790
scooter	3.570
scooters	3.020
scope	4.260
scopes	2.880
scoping	2.750
scopus	2.440
scorch	2.730
scorched	3.070
scorching	3.080
score	4.830
scoreboard	3.210
scorecard	2.940
scored	4.630
scoreless	3.120
scoreline	2.750
scorer	3.630
scorers	3.180
scores	4.430
scoring	4.360
scorn	3.130
scorned	2.870
scornful	2.290
scornfully	1.920
scorpio	3.150
scorpion	3.370
scorpions	3.000
scorsese	2.900
scot	3.280
scotch	3.690
scotia	3.490
scotiabank	2.440
scotland	4.680
scotland's	3.250
scots	3.740
scotsman	3.070
scott	4.720
scott's	3.370
scottie	2.950
scottish	4.600
scotts	2.660
scottsdale	3.080
scotty	3.210
scotus	3.070
scoundrel	2.770
scoundrels	2.610
scour	2.970
scoured	2.850
scourge	3.190
scouring	2.990
scout	3.970
scouted	2.770
scouting	3.500
scouts	3.770
scowl	2.510
scp	2.790
scr	2.900
scrabble	3.040
scramble	3.390
scrambled	3.450
scrambler	2.420
scrambles	2.610
scrambling	3.230
scranton	3.050
scrap	3.900
scrapbook	2.930
scrapbooking	2.410
scrape	3.400
scraped	3.200
scraper	2.760
scrapers	2.420
scrapes	2.860
scraping	3.330
scrapped	3.510
scrapping	3.060
scrappy	3.060
scraps	3.390
scratch	4.160
scratched	3.490
scratches	3.450
scratching	3.560
scratchy	2.790
scrawled	2.520
scrawny	2.710
scream	4.140
screamed	3.720
screamer	2.650
screamin	2.460
screaming	4.350
screams	3.840
screech	2.880
screeching	3.110
screen	4.850
screened	3.660
screening	4.150
screenings	3.360
screenplay	3.540
screenplays	2.630
screens	4.030
screensaver	2.550
screenshot	3.750
screenshots	3.530
screenwriter	3.170
screenwriters	2.640
screenwriting	2.800
screw	4.250
screwball	2.440
screwdriver	3.130
screwed	4.000
screwing	3.440
screws	3.640
scribble	2.730
scribbled	2.760
scribbles	2.510
scribbling	2.620
scribe	3.080
scribes	2.890
scribner	2.460
scrim	2.500
scrimmage	3.040
scrip	2.600
scripps	2.880
script	4.360
scripted	3.400
scripting	3.070
scripts	3.710
scriptural	2.830
scripture	3.770
scriptures	3.540
scrivener	2.420
scroll	3.860
scrolled	2.820
scrolling	3.480
scrolls	3.410
scrooge	2.960
scrotum	2.850
scrub	3.690
scrubbed	3.010
scrubber	2.470
scrubbing	3.090
scrubs	3.220
scruff	2.600
scruffy	2.850
scrum	3.250
scrumptious	2.650
scruples	2.640
scrupulous	2.570
scrupulously	2.480
scrutinise	2.240
scrutinize	2.760
scrutinized	2.940
scrutinizing	2.530
scrutiny	3.740
scs	2.740
scsi	2.590
scuba	3.310
scud	2.470
scudder	2.560
scuff	2.450
scuffed	2.520
scuffle	2.790
scully	3.230
sculpt	2.800
sculpted	3.140
sculpting	2.880
sculptor	3.340
sculptors	2.840
sculptural	2.900
sculpture	3.920
sculptured	2.490
sculptures	3.570
scum	3.710
scumbag	3.320
scumbags	2.940
scunthorpe	2.580
scurry	2.590
scurrying	2.600
scurvy	2.730
scuttle	2.690
scuttled	2.620
scylla	2.450
scythe	2.780
sd	3.890
sda	2.580
sdc	2.450
sdf	3.000
sdgs	2.550
sdi	2.770
sdk	2.850
sdl	2.540
sdlp	2.480
sdn	2.860
sdp	2.560
sdr	2.580
sds	3.020
sdsu	2.410
se	4.290
sea	5.060
seabed	2.940
seabirds	2.710
seaboard	3.040
seabrook	2.580
seacrest	2.610
seafarers	2.540
seafaring	2.600
seafloor	2.660
seafood	3.650
seaford	2.520
seafront	2.640
seagal	2.410
seagate	2.570
seager	2.560
seagull	3.020
seagulls	2.970
seahawks	3.700
seahorse	2.500
seal	4.300
sealant	2.560
seale	2.440
sealed	4.120
sealer	2.570
sealing	3.480
seals	3.850
seam	3.440
seaman	3.200
seamen	2.940
seamless	3.310
seamlessly	3.100
seams	3.320
seamstress	2.770
seamus	3.030
sean	4.310
sean's	2.850
seaplane	2.540
seaport	2.910
seaports	2.410
sear	2.710
search	4.960
searchable	2.870
searched	3.970
searcher	2.430
searchers	2.750
searches	3.860
searching	4.360
searchlight	2.730
seared	2.880
searing	2.950
searle	2.780
sears	3.490
seas	3.930
seashells	2.540
seashore	2.920
seaside	3.580
season	5.480
season's	3.570
seasonal	3.980
seasonality	2.490
seasonally	3.250
seasoned	3.510
seasoning	3.280
seasonings	2.610
seasons	4.520
seat	4.820
seatbelt	3.070
seatbelts	2.760
seated	3.890
seater	3.100
seating	3.770
seaton	2.670
seats	4.530
seattle	4.390
seattle's	2.980
seawall	2.400
seaward	2.480
seawater	3.120
seaway	2.530
seaweed	3.220
seaworld	3.000
seb	2.960
sebastian	3.900
sebastian's	2.480
sebastien	2.590
sebi	2.420
sebring	2.500
sec	4.310
secede	2.790
seceded	2.470
secession	3.270
secessionist	2.590
secluded	3.240
seclusion	2.920
seco	2.480
second	5.630
second person	5.290
second-hand	5.200
secondaries	2.520
secondarily	2.400
secondary	4.530
secondary school	4.500
seconded	3.170
secondhand	3.050
secondly	3.850
seconds	4.860
secrecy	3.570
secret	4.920
secretarial	2.720
secretariat	3.450
secretaries	3.500
secretary	4.950
secretary's	2.690
secrete	2.720
secreted	2.950
secreting	2.410
secretion	3.110
secretions	2.780
secretive	3.260
secretly	4.010
secrets	4.310
secs	3.120
sect	3.540
sectarian	3.270
sectarianism	2.570
section	5.000
sectional	3.440
sectionals	2.420
sectioned	2.650
sections	4.360
sector	4.660
sector's	2.430
sectoral	2.620
sectors	4.070
sects	3.140
secular	3.950
secularism	3.030
secularly	1.380
secure	4.640
secured	4.230
securely	3.280
secures	3.120
securing	3.930
securities	4.240
security	5.200
security's	2.470
sed	2.940
sedan	3.550
sedans	2.830
sedate	2.760
sedated	2.780
sedately	1.540
sedation	2.950
sedative	2.990
sedatives	2.640
seddon	2.410
sedentary	3.140
seder	2.550
sedgwick	2.840
sediment	3.420
sedimentary	3.100
sedimentation	2.660
sediments	3.260
sedition	3.040
seditious	2.610
sedona	2.590
seduce	3.240
seduced	3.170
seduces	2.670
seducing	2.810
seduction	3.220
seductive	3.230
seductively	2.500
see	6.100
see's	2.620
seed	4.370
seeded	3.570
seeding	3.210
seedling	2.750
seedlings	3.120
seeds	4.280
seedy	2.830
seeger	2.840
seein	2.690
seeing	5.040
seek	4.610
seeker	3.410
seekers	3.620
seeking	4.580
seeks	4.130
seeley	2.690
seem	5.080
seema	2.510
seemed	4.820
seeming	3.420
seemingly	4.100
seems	5.240
seen	5.520
seep	2.790
seepage	2.470
seeped	2.560
seeping	2.740
seeps	2.670
seer	3.010
seers	2.420
sees	4.590
seesaw	2.470
seething	2.870
sefton	2.500
seg	2.420
sega	3.230
segal	2.840
segment	4.260
segmental	2.490
segmentation	3.230
segmented	3.000
segments	3.980
segregate	2.670
segregated	3.390
segregation	3.600
segue	2.560
seguin	2.640
segundo	2.630
segura	2.490
segway	2.610
sei	2.860
seiko	2.700
sein	2.740
seine	3.170
seinfeld	3.290
seismic	3.540
seitz	2.480
seize	3.800
seized	4.030
seizes	2.860
seizing	3.320
seizure	3.740
seizures	3.590
sek	2.550
sekai	2.440
sel	2.850
selah	2.440
selangor	2.610
selby	2.930
selden	2.510
seldom	3.630
select	4.450
selectable	2.550
selected	4.680
selecting	3.810
selection	4.620
selections	3.680
selective	3.880
selectively	3.320
selectivity	2.800
selector	3.170
selectors	2.930
selects	3.310
selena	3.250
selene	2.510
selenium	2.920
self	5.250
self-aggrandisement	1.720
self-aggrandizement	2.160
self-confidence	4.550
self-confident	4.370
self-conscious	4.140
self-service	5.050
self-worth	4.900
selfie	3.750
selfies	3.500
selfish	4.110
selfishly	2.640
selfishness	3.220
selfless	3.300
selflessly	2.540
selflessness	2.620
selfridge	2.540
selfridges	2.410
selig	2.550
seligman	2.420
selim	2.500
selina	2.890
selkirk	2.690
sell	4.980
seller	4.010
seller's	2.500
sellers	3.840
sellin	2.450
selling	4.810
sellout	2.910
sells	4.090
selma	3.150
seltzer	2.690
selves	3.420
selwyn	2.550
sem	3.250
sema	2.470
semantic	3.400
semantically	2.440
semantics	3.390
semaphore	2.550
semblance	3.100
semen	3.380
semester	4.030
semesters	3.000
semi	4.510
semi-final	4.440
semiautomatic	2.530
semicircular	2.570
semicolon	2.480
semiconductor	3.530
semiconductors	2.930
semifinal	3.240
semifinals	3.340
seminal	3.270
seminar	3.770
seminaries	2.670
seminars	3.500
seminary	3.540
seminole	2.910
seminoles	2.740
semiotics	2.490
semis	3.060
semite	2.680
semites	2.590
semitic	3.580
semitism	3.450
semper	2.780
semple	2.440
sen	4.010
sena	2.960
senate	4.800
senate's	2.690
senator	4.580
senator's	2.760
senatorial	2.980
senators	4.100
send	5.110
sendai	2.650
sender	3.210
sending	4.610
sends	4.150
seneca	3.210
senegal	3.380
senegalese	2.720
senescence	2.510
seng	2.820
senile	2.990
senior	4.920
seniority	3.160
seniors	3.880
senna	2.940
senor	2.610
senpai	2.810
sens	3.240
sensation	3.900
sensational	3.520
sensationalism	2.520
sensationalist	2.460
sensations	3.290
sense	5.190
sensed	3.320
sensei	3.100
senseless	3.350
senses	3.920
sensibilities	3.100
sensibility	3.200
sensible	3.980
sensibly	2.930
sensing	3.640
sensitive	4.460
sensitively	2.480
sensitivities	2.930
sensitivity	3.950
sensor	3.920
sensors	3.930
sensory	3.680
sensual	3.360
sensuality	2.820
sensuous	2.790
sent	5.160
sentence	4.580
sentenced	4.090
sentences	4.130
sentencing	3.620
sentient	3.120
sentiment	4.030
sentimental	3.530
sentimentality	2.810
sentimentally	1.900
sentiments	3.550
sentinel	3.410
sentinels	2.840
sentries	2.730
sentry	3.080
seo	4.010
seok	2.940
seon	2.460
seong	2.620
seoul	3.930
sep	3.940
sepals	2.590
separable	2.510
separate	4.830
separated	4.300
separately	4.080
separates	3.570
separating	3.690
separation	4.130
separations	2.680
separatism	2.700
separatist	3.120
separatists	3.030
separator	2.930
separators	2.420
seperate	2.820
sephardic	2.470
sephora	3.030
sepia	2.780
sepp	2.600
sepsis	3.010
sept	4.350
septa	2.700
september	5.150
septic	3.210
septuagint	2.520
septum	2.900
sepulchre	2.680
seq	3.090
sequel	3.980
sequels	3.310
sequence	4.350
sequenced	2.870
sequencer	2.580
sequences	3.850
sequencing	3.380
sequential	3.290
sequentially	2.870
sequester	2.540
sequestered	2.660
sequestration	2.930
sequin	2.560
sequins	2.710
sequoia	2.820
ser	3.490
sera	3.120
seraph	2.410
seraphim	2.500
serb	3.120
serbia	3.710
serbia's	2.460
serbian	3.530
serbs	3.120
serena	3.640
serenade	2.940
serendipity	2.740
serene	3.270
serengeti	2.590
serenity	3.300
serf	2.410
serfdom	2.490
serfs	2.700
serge	3.220
sergeant	4.110
sergeants	2.880
sergei	3.490
sergey	3.230
sergio	3.570
seri	2.710
serial	4.230
serialization	2.420
serialized	2.590
serials	2.960
serie	3.330
series	5.350
serif	2.640
serine	2.640
serious	5.100
seriously	4.940
seriousness	3.560
sermon	3.590
sermons	3.350
serotonin	3.260
serpent	3.460
serpentine	3.060
serpents	2.820
serra	2.910
serrano	2.820
serrated	2.820
serum	3.740
serums	2.440
serv	2.470
servant	4.090
servants	4.030
serve	4.850
served	4.810
server	4.460
servers	4.050
serves	4.390
service	5.490
service's	2.840
serviceable	2.970
serviced	3.260
serviceman	2.610
servicemen	3.220
services	5.310
servicing	3.440
servile	2.450
serving	4.620
servings	3.090
servitude	3.030
servo	2.900
ses	3.270
sesame	3.460
sesh	2.450
sessile	2.440
session	4.720
sessions	4.480
set	5.590
setback	3.370
setbacks	3.220
seth	3.920
seth's	2.450
sethi	2.500
seti	2.610
setlist	2.910
seton	2.840
sets	4.690
settee	2.440
setter	2.990
setters	2.750
setting	4.770
settings	4.230
settle	4.370
settled	4.440
settlement	4.490
settlements	3.910
settler	3.150
settlers	3.750
settles	3.390
settling	3.850
setup	4.090
setups	2.920
seu	2.480
seung	3.080
seuss	2.830
sev	2.480
sevastopol	2.770
seven	5.080
sevenfold	2.560
sevenoaks	2.430
sevens	3.220
seventeen	3.870
seventeenth	3.350
seventh	4.250
seventies	3.270
seventy	3.780
sever	3.150
several	5.390
severance	3.160
severe	4.560
severed	3.530
severely	4.100
severing	2.820
severity	3.710
severn	3.030
severus	2.780
sevilla	3.200
seville	3.190
sew	3.450
sewage	3.550
seward	3.010
sewed	2.890
sewell	2.920
sewer	3.640
sewerage	2.850
sewers	3.220
sewing	3.690
sewn	3.180
sex	5.220
sexed	2.480
sexes	3.430
sexier	2.950
sexiest	3.220
sexiness	2.600
sexism	3.520
sexist	3.620
sexting	2.980
sexton	3.080
sexual	4.820
sexualities	2.410
sexuality	3.970
sexualized	2.640
sexually	4.130
sexy	4.420
seychelles	2.910
seymour	3.600
sez	2.570
señor	2.730
señora	2.600
sf	3.880
sfa	2.760
sfc	2.670
sfo	2.680
sforza	2.560
sfr	2.610
sfs	2.460
sfx	2.530
sg	3.540
sga	2.630
sgs	2.470
sgt	3.550
sh	3.860
sha	3.350
shaanxi	2.410
shabaab	2.810
shabab	2.710
shabazz	2.470
shabbat	2.790
shabby	3.280
shack	3.430
shackle	2.560
shackled	2.710
shackles	3.050
shackleton	2.650
shacks	2.700
shad	2.840
shade	4.160
shaded	3.270
shader	2.590
shaders	2.410
shades	4.000
shading	3.300
shadow	4.440
shadowbanned	2.460
shadowed	2.840
shadowing	2.840
shadows	4.060
shadowy	3.240
shady	3.710
shae	2.550
shafer	2.500
shaffer	2.780
shaft	3.900
shaftesbury	2.670
shafts	3.290
shag	3.020
shagging	2.450
shaggy	3.180
shah	3.810
shah's	2.420
shaheed	2.550
shaheen	2.640
shahid	3.020
shai	2.500
shaikh	2.750
shailene	2.550
shaka	2.630
shake	4.330
shakedown	2.650
shaken	3.600
shaker	3.230
shakers	2.910
shakes	3.650
shakespeare	4.000
shakespeare's	3.220
shakespearean	2.880
shakeup	2.430
shakhtar	2.480
shakin	2.590
shaking	4.080
shakira	2.960
shakti	2.790
shakur	2.690
shaky	3.450
shale	3.690
shales	2.530
shall	5.030
shallots	2.680
shallow	4.040
shallower	2.760
shallows	2.640
shalom	3.000
shalt	3.340
sham	3.450
shaman	3.220
shamanism	2.450
shamans	2.780
shamble	1.620
shambles	3.110
shame	4.550
shamed	3.210
shameful	3.570
shamefully	2.650
shameless	3.390
shamelessly	2.950
shames	2.550
shami	2.440
shaming	3.370
shampoo	3.580
shampoos	2.500
shamrock	2.870
shams	2.650
shan	3.250
shana	2.570
shanahan	2.850
shand	2.460
shandong	2.830
shane	3.950
shane's	2.490
shang	2.910
shanghai	4.040
shangri	2.850
shani	2.400
shania	2.600
shank	3.070
shankar	2.980
shanks	2.970
shannon	3.760
shannon's	2.440
shanti	2.790
shanty	2.750
shanxi	2.470
shao	2.750
shaolin	2.810
shape	4.720
shaped	4.380
shapely	2.560
shaper	2.590
shapes	3.990
shapeshifter	2.400
shaping	3.720
shapiro	3.380
shaq	3.140
shaqiri	2.460
shaquille	2.600
shar	2.500
sharapova	2.620
shard	3.000
shards	3.050
share	5.200
shared	4.680
shareholder	3.630
shareholders	3.940
shareholding	2.740
sharepoint	2.750
shares	4.600
shari	2.700
sharia	3.490
shariah	2.650
sharif	3.390
sharing	4.660
sharjah	2.690
shark	4.100
shark's	2.450
sharkey	2.590
sharknado	2.470
sharks	3.960
sharma	3.480
sharman	2.500
sharon	3.920
sharon's	2.500
sharp	4.480
sharpe	3.270
sharpen	3.150
sharpened	3.070
sharpener	2.530
sharpening	3.010
sharpens	2.480
sharper	3.250
sharpest	2.910
sharpie	2.730
sharply	3.890
sharpness	3.010
sharps	2.620
sharpshooter	2.630
sharpton	2.660
shashi	2.570
shasta	2.850
shastri	2.440
shat	2.750
shatner	2.740
shatter	3.220
shattered	3.750
shattering	3.310
shatters	2.800
shattuck	2.480
shaun	3.580
shauna	2.620
shave	3.830
shaved	3.660
shaven	2.880
shaver	2.790
shaves	2.760
shaving	3.620
shavings	2.660
shaw	4.080
shaw's	2.900
shawl	3.170
shawls	2.530
shawn	3.810
shawna	2.420
shawnee	2.830
shawshank	2.640
shay	3.130
shaykh	2.590
shayne	2.730
shazam	2.940
she	6.260
she'd	4.180
she'll	4.180
she's	5.260
shea	3.380
sheaf	2.600
sheamus	2.590
shear	3.400
sheared	2.510
shearer	2.970
shearing	2.870
shears	2.900
sheath	3.160
sheathed	2.520
sheaths	2.420
sheaves	2.430
sheba	2.750
sheboygan	2.470
shed	4.230
shedding	3.400
sheds	3.480
sheehan	3.050
sheen	3.340
sheena	2.730
sheep	4.190
sheep's	2.760
sheepdog	2.450
sheepish	2.420
sheepishly	2.490
sheepskin	2.500
sheer	4.010
sheeran	3.080
sheesh	2.990
sheet	4.400
sheeting	2.730
sheets	4.160
sheffield	3.910
sheik	3.100
sheikh	3.600
sheila	3.560
shek	2.660
shekels	2.530
shekhar	2.590
shel	2.550
shelburne	2.520
shelby	3.560
shelbyville	2.440
sheldon	3.540
shelf	4.020
shell	4.390
shellac	2.560
shelled	3.080
shelley	3.540
shellfish	3.150
shelling	3.180
shells	3.930
shelly	3.310
shelter	4.250
sheltered	3.480
sheltering	2.890
shelters	3.680
shelton	3.340
shelved	3.010
shelves	3.760
shelving	2.870
shem	2.740
shemale	2.900
shen	3.250
shenandoah	2.850
shenanigans	3.210
sheng	2.870
shenzhen	3.170
shep	2.960
shepard	3.460
shephard	2.480
shepherd	3.900
shepherd's	2.910
shepherds	3.220
sheppard	3.310
sher	2.990
sheraton	2.930
sherbet	2.500
sherbrooke	2.440
sheri	2.570
sheridan	3.470
sherif	2.530
sheriff	4.160
sheriff's	3.600
sheriffs	3.140
sherlock	3.730
sherman	3.850
sherman's	2.550
sherpa	2.790
sherri	2.750
sherrod	2.420
sherry	3.400
sherwin	2.690
sherwood	3.470
sheryl	3.020
shes	3.590
shetland	3.130
shetty	2.540
shevchenko	2.420
shew	2.460
shh	3.010
shhh	3.080
shhhh	2.670
shi	3.460
shi'ite	2.440
shia	3.480
shias	2.490
shiba	2.550
shibuya	2.700
shied	2.510
shield	4.300
shielded	3.200
shielding	3.230
shields	3.870
shift	4.570
shifted	3.980
shifter	3.020
shifters	2.680
shifting	3.980
shifts	4.010
shifty	2.770
shigeru	2.440
shih	2.950
shiite	2.840
shiki	2.400
shill	2.680
shilling	3.170
shillings	3.160
shiloh	2.900
shim	2.740
shimano	2.620
shimbun	2.460
shimizu	2.500
shimmer	2.980
shimmering	2.970
shimmy	2.650
shimon	2.810
shin	3.690
shindig	2.420
shine	4.170
shined	2.810
shiner	2.630
shines	3.600
shing	2.660
shingle	2.980
shingles	3.080
shinichi	2.430
shining	3.980
shinji	3.060
shinjuku	2.610
shinn	2.460
shinobi	2.520
shins	2.680
shinto	2.620
shiny	3.880
shinzo	2.470
ship	4.930
ship's	3.550
shipboard	2.480
shipbuilders	2.550
shipbuilding	3.330
shipley	2.780
shipman	2.520
shipment	3.760
shipments	3.640
shipp	2.490
shipped	4.030
shipper	3.010
shippers	3.130
shipping	4.520
ships	4.550
shipwreck	3.110
shipwrecked	2.730
shipwrecks	2.600
shipyard	3.270
shipyards	2.960
shiraz	2.840
shire	3.470
shires	2.470
shirk	2.660
shirley	3.730
shiro	2.880
shirt	4.630
shirtless	3.110
shirts	4.220
shisha	2.410
shit	5.480
shit's	3.020
shite	3.310
shithead	2.850
shithole	2.950
shitless	2.660
shitload	2.840
shits	3.640
shitter	2.550
shittiest	2.580
shitting	3.400
shitty	4.040
shiv	3.090
shiva	3.330
shivaji	2.450
shiver	3.050
shivered	2.400
shivering	3.140
shivers	2.950
shlomo	2.450
sho	3.130
shoal	2.930
shoals	2.970
shock	4.460
shocked	4.270
shocker	3.140
shocking	4.100
shockingly	3.100
shocks	3.530
shockwave	2.700
shoddy	3.040
shoe	4.240
shoebox	2.550
shoelaces	2.560
shoemaker	3.020
shoes	4.670
shoestring	2.650
shogun	2.890
shogunate	2.440
shona	2.740
shone	3.230
shoo	2.850
shook	4.050
shoot	4.730
shooter	4.050
shooter's	2.600
shooters	3.660
shootin	2.570
shooting	4.780
shootings	3.690
shootout	3.510
shootouts	2.480
shoots	3.960
shop	4.880
shop assistant	4.490
shop's	2.630
shopify	2.610
shopkeeper	2.880
shopkeepers	2.800
shoplift	2.090
shoplifter	2.330
shoplifting	2.980
shoppe	2.480
shopped	3.010
shopper	3.190
shoppers	3.550
shopping	4.680
shops	4.340
shore	4.330
shoreditch	2.710
shoreham	2.500
shoreline	3.310
shorelines	2.480
shores	3.770
shoring	2.490
shorn	2.530
short	5.330
short-term	4.980
shortage	3.910
shortages	3.500
shortbread	2.520
shortcoming	2.570
shortcomings	3.450
shortcut	3.350
shortcuts	3.160
shorted	2.680
shorten	3.380
shortened	3.500
shortening	3.150
shortens	2.530
shorter	4.220
shortest	3.570
shortfall	3.020
shortfalls	2.640
shorthand	3.160
shorthanded	2.410
shorting	2.610
shortlist	3.070
shortlisted	3.160
shortly	4.470
shortness	2.880
shorts	4.070
shortsighted	2.610
shortstop	3.040
shortwave	2.510
shorty	3.260
shoshone	2.450
shostakovich	2.410
shot	5.220
shotgun	3.810
shotguns	3.040
shots	4.630
shou	2.760
should	5.990
should've	4.090
shoulda	3.140
shoulder	4.500
shouldered	2.840
shoulders	4.180
shouldn't	4.820
shouldnt	3.180
shouldve	2.400
shout	4.060
shouted	3.780
shouting	3.970
shoutout	2.890
shouts	3.540
shove	3.660
shoved	3.460
shovel	3.500
shoveling	2.780
shovels	2.960
shoves	2.660
shoving	3.220
show	5.680
show's	3.780
showalter	2.410
showbiz	3.030
showcase	3.920
showcased	3.280
showcases	3.250
showcasing	3.340
showdown	3.490
showed	4.860
shower	4.500
showered	3.200
showering	3.150
showers	3.890
showgirl	2.400
showing	4.880
showings	2.890
showman	2.770
showmanship	2.570
shown	4.900
showroom	3.140
showrooms	2.700
showrunner	2.640
shows	5.230
showtime	3.390
showy	2.790
shrank	2.900
shrapnel	3.150
shred	3.320
shredded	3.450
shredder	2.970
shredding	2.990
shreds	3.160
shree	2.540
shrek	3.270
shreveport	2.970
shrew	2.750
shrewd	3.110
shrewsbury	3.100
shri	3.580
shriek	2.760
shrieking	2.860
shrieks	2.660
shrill	2.880
shrimp	3.790
shrimps	2.750
shrine	3.730
shrines	3.160
shrink	3.730
shrinkage	2.890
shrinking	3.440
shrinks	3.090
shriveled	2.480
shriver	2.660
shrooms	2.620
shropshire	3.120
shroud	3.170
shrouded	2.990
shrouds	2.470
shrub	3.190
shrubbery	2.510
shrubs	3.370
shrug	3.300
shrugged	3.330
shrugging	2.630
shrugs	3.020
shrunk	3.180
shrunken	2.630
shruti	2.410
shs	2.780
shtick	2.520
shu	3.190
shucks	2.650
shudder	3.110
shuddered	2.470
shuddering	2.620
shudders	2.730
shuffle	3.490
shuffled	2.990
shuffles	2.490
shuffling	3.060
shui	3.010
shukla	2.490
shulman	2.520
shultz	2.580
shun	3.240
shunned	3.110
shunning	2.610
shunt	2.820
shunted	2.480
shunting	2.450
shura	2.510
shure	2.440
shush	2.750
shuster	2.420
shut	4.780
shutdown	3.620
shutdowns	2.560
shutout	3.150
shutouts	2.450
shuts	3.490
shutter	3.480
shuttered	2.700
shutters	3.170
shutting	3.710
shuttle	3.900
shuttles	2.920
shy	4.160
shyam	2.420
shylock	2.440
shyly	2.420
shyness	2.900
si	4.170
sia	3.110
siam	3.090
siamese	2.970
sian	2.740
siberia	3.450
siberian	3.310
sibley	2.770
sibling	3.610
siblings	4.050
sibyl	2.450
sic	3.620
sich	2.680
sichuan	3.020
sicilian	3.110
sicily	3.460
sick	4.880
sickened	2.730
sickening	3.310
sickens	2.500
sicker	2.800
sickest	2.640
sickle	3.150
sickly	3.030
sickness	3.830
sicko	2.550
sid	3.570
siddharth	2.470
siddhartha	2.500
siddiqui	2.580
side	5.500
side's	2.920
side-step	4.980
sidearm	2.460
sidebar	3.070
sideboard	2.790
sideburns	2.530
sidecar	2.540
sided	3.940
sidekick	3.240
sidekicks	2.500
sideline	3.320
sidelined	3.100
sidelines	3.320
sides	4.730
sideshow	2.940
sidestep	2.590
sidetracked	2.630
sidewalk	3.680
sidewalks	3.310
sideways	3.540
sidewinder	2.470
sidi	2.560
siding	3.490
sidings	2.520
sidney	3.700
sidon	2.440
sids	2.570
sie	3.060
sieg	2.580
siege	3.930
siegel	3.080
sieges	2.590
siegfried	3.030
siem	2.580
siemens	3.330
siena	2.950
sienna	2.970
sierra	4.060
sierras	2.410
siesta	2.600
sieve	3.000
sif	2.560
sift	3.020
sifted	2.570
sifting	2.870
sig	3.270
sigh	3.950
sighed	3.130
sighing	2.870
sighs	3.380
sight	4.540
sighted	3.540
sighting	3.300
sightings	3.280
sights	3.840
sightseeing	3.140
sigma	3.510
sigmund	2.930
sign	5.080
signage	3.190
signal	4.620
signaled	3.100
signaling	3.650
signalled	2.880
signalling	3.410
signals	4.280
signatories	3.000
signatory	2.920
signature	4.250
signatures	3.750
signed	4.850
signer	2.670
signers	2.580
signet	2.670
significance	4.180
significant	4.980
significantly	4.540
signified	2.800
signifies	3.290
signify	3.220
signifying	2.970
signing	4.400
signings	3.330
signor	2.750
signora	2.420
signpost	2.460
signs	4.710
signup	3.060
sigourney	2.430
sigrid	2.430
sigurd	2.530
sik	2.720
sikes	2.450
sikh	3.350
sikhs	3.120
sikkim	2.600
sikorsky	2.440
sil	2.990
sila	2.510
silas	3.210
silence	4.460
silenced	3.390
silencer	2.750
silences	2.860
silencing	3.080
silent	4.450
silently	3.580
silesia	2.630
silhouette	3.310
silhouettes	2.860
silica	3.270
silicate	2.670
silicon	4.000
silicone	3.400
silk	4.110
silken	2.620
silks	2.790
silkworm	2.400
silky	3.260
sill	3.000
silliest	2.400
silliness	2.790
sills	2.790
silly	4.390
silo	3.020
silos	2.940
silt	2.960
silurian	2.700
silva	3.770
silver	4.810
silver's	2.540
silverado	2.730
silverman	3.070
silvers	2.780
silverstein	2.610
silverstone	2.920
silverton	2.450
silverware	3.080
silvery	3.000
silvester	2.430
silvia	2.970
silvio	3.000
sim	3.800
sima	2.550
simba	2.940
simcoe	2.640
simeon	3.030
simeone	2.500
simi	2.800
simian	2.530
similar	5.210
similarities	3.790
similarity	3.580
similarly	4.300
simile	2.410
simmer	3.270
simmered	2.450
simmering	2.860
simmonds	2.840
simmons	3.780
simms	3.050
simon	4.480
simon's	3.010
simona	2.610
simonds	2.450
simone	3.630
simons	3.090
simple	5.080
simpler	3.830
simplest	3.650
simpleton	2.500
simplex	2.970
simplicity	3.770
simplification	2.980
simplified	3.690
simplifies	2.850
simplify	3.460
simplifying	3.050
simplistic	3.320
simply	5.080
simpson	4.010
simpson's	2.860
simpsons	3.550
simran	2.530
sims	3.780
simulate	3.440
simulated	3.490
simulates	2.760
simulating	2.980
simulation	3.940
simulations	3.510
simulator	3.610
simulators	2.910
simulcast	2.540
simultaneous	3.530
simultaneously	4.170
sin	4.370
sina	2.870
sinai	3.450
sinaloa	2.780
sinatra	3.260
sinbad	2.590
since	5.750
sincere	3.840
sincerely	3.890
sincerest	2.640
sincerity	3.340
sinclair	3.600
sinclair's	2.400
sind	2.750
sindh	2.980
sindhu	2.440
sine	3.100
sinead	2.580
sinful	3.340
sing	4.540
singapore	4.350
singapore's	3.080
singaporean	2.970
singaporeans	2.730
singe	2.430
singed	2.580
singer	4.520
singer's	3.000
singers	3.810
singh	4.040
singh's	2.680
singin	2.750
singing	4.590
single	5.410
singled	3.300
singlehandedly	2.630
singles	4.440
singlet	2.670
singleton	3.150
singling	2.700
singly	2.730
sings	3.890
singular	3.740
singularities	2.440
singularity	3.160
singularly	2.760
sinha	2.920
sinhala	2.460
sinhalese	2.600
sinister	3.600
sink	4.210
sinker	2.610
sinkhole	2.760
sinking	3.830
sinks	3.470
sinn	3.220
sinned	3.050
sinner	3.390
sinners	3.430
sinning	2.700
sino	3.220
sins	4.040
sinuous	2.520
sinus	3.280
sinuses	2.850
sinusitis	2.420
sio	2.530
siobhan	2.770
sion	3.020
sioux	3.440
sip	3.670
siphon	2.920
siphoned	2.410
siphoning	2.460
sipped	2.680
sipping	3.300
sippy	2.490
sips	2.990
sir	5.060
sire	3.430
sired	2.650
siren	3.460
sirens	3.410
sires	2.520
siri	3.300
sirius	3.260
siriusxm	2.550
sirloin	2.520
siro	2.510
sirs	2.670
sis	3.630
sisi	2.790
sisko	2.480
sissies	2.410
sissoko	2.500
sissy	3.230
sistema	2.420
sister	4.950
sister's	3.590
sister-in-law	4.830
sisterhood	2.960
sisters	4.430
sistine	2.640
sit	4.900
sita	2.800
sitar	2.410
sitcom	3.550
sitcoms	2.860
site	5.220
site's	3.300
sited	2.750
sites	4.740
sith	2.970
siting	2.680
sitka	2.650
sits	4.180
sitter	3.180
sitters	2.730
sittin	3.000
sitting	4.860
sitting room	4.750
sittings	2.540
situ	3.280
situate	2.410
situated	4.190
situation	5.090
situational	3.140
situations	4.470
siu	2.860
siva	2.870
sivan	2.520
six	5.290
sixers	3.180
sixes	2.910
sixpence	2.680
sixteen	3.950
sixteenth	3.380
sixth	4.380
sixties	3.360
sixty	3.930
sizable	3.370
size	5.130
sizeable	3.230
sized	4.270
sizes	4.180
sizing	3.200
sizzle	2.800
sizzling	3.130
sj	3.170
sjw	2.680
sjws	2.490
sk	3.510
ska	3.050
skaggs	2.470
skank	2.680
skate	3.740
skateboard	3.210
skateboarder	2.430
skateboarding	3.150
skateboards	2.680
skated	2.800
skatepark	2.460
skater	3.320
skaters	3.140
skates	3.290
skating	3.840
skeet	2.700
skeeter	2.500
skeletal	3.390
skeleton	3.800
skeletons	3.390
skelter	2.500
skelton	2.920
skeptic	2.890
skeptical	3.680
skepticism	3.400
skeptics	3.070
sketch	4.040
sketchbook	2.780
sketched	2.960
sketches	3.710
sketching	3.010
sketchy	3.220
skew	3.010
skewed	3.240
skewer	2.670
skewered	2.440
skewers	2.660
ski	4.130
skid	3.280
skidded	2.510
skidding	2.490
skidmore	2.450
skids	2.720
skied	2.460
skier	3.200
skiers	3.210
skies	3.910
skiff	2.630
skiing	3.840
skilful	2.910
skilfully	2.500
skill	4.420
skilled	4.130
skillet	3.080
skillful	3.130
skillfully	2.840
skills	4.770
skillset	2.410
skim	3.170
skimmed	2.940
skimmer	2.440
skimming	3.010
skimp	2.520
skimpy	2.760
skin	4.910
skin's	2.580
skincare	3.320
skinhead	2.680
skinheads	2.550
skinned	3.540
skinner	3.500
skinnier	2.530
skinning	2.550
skinny	3.990
skins	3.790
skint	2.420
skip	4.210
skipped	3.660
skipper	3.540
skippers	2.500
skipping	3.570
skippy	2.690
skips	3.150
skipton	2.410
skirmish	3.060
skirmishes	2.940
skirt	3.960
skirted	2.560
skirting	2.780
skirts	3.570
skis	3.190
skit	3.150
skits	2.880
skittish	2.630
skittles	2.790
skoda	2.600
skokie	2.450
skopje	2.630
skrillex	2.700
skt	2.500
sku	2.450
skull	4.090
skulls	3.390
skunk	3.100
skunks	2.520
sky	4.720
sky's	2.990
skydive	2.570
skydiving	3.010
skye	3.350
skyfall	2.610
skylar	2.830
skylark	2.470
skyler	2.790
skylight	2.840
skylights	2.500
skyline	3.490
skynet	2.630
skynyrd	2.430
skype	3.680
skyrim	2.840
skyrocket	2.790
skyrocketed	2.880
skyrocketing	2.730
skyscraper	3.200
skyscrapers	3.120
skytrain	2.430
skywalker	3.130
skyward	2.690
skyway	2.470
sl	3.610
sla	2.830
slab	3.490
slabs	3.200
slack	3.710
slacker	2.750
slackers	2.420
slacking	2.770
slackly	0.000
slacks	2.890
slade	3.250
slag	3.190
slags	2.400
slain	3.540
slalom	3.110
slam	4.020
slammed	3.620
slamming	3.350
slams	3.630
slander	3.340
slandered	2.530
slandering	2.490
slanderous	2.480
slang	3.550
slant	3.180
slanted	2.880
slap	3.970
slapped	3.670
slapping	3.360
slaps	3.170
slapstick	2.780
slash	3.650
slashed	3.180
slasher	2.920
slashes	2.770
slashing	3.070
slate	3.820
slated	3.430
slater	3.460
slates	2.610
slats	2.680
slattery	2.630
slaughter	3.840
slaughtered	3.530
slaughterhouse	2.940
slaughterhouses	2.440
slaughtering	3.030
slav	2.660
slave	4.310
slaver	2.400
slavers	2.450
slavery	4.210
slaves	4.190
slavic	3.150
slaving	2.450
slavonic	2.480
slavs	2.760
slaw	2.590
slay	3.350
slayed	2.520
slayer	3.450
slayers	2.620
slaying	3.260
slays	2.530
slc	2.850
sle	2.580
sleaze	2.650
sleazy	3.040
sled	3.230
sledding	2.580
sledge	3.070
sledgehammer	2.930
sleds	2.570
sleek	3.340
sleep	5.050
sleeper	3.460
sleepers	3.040
sleepin	2.480
sleepiness	2.560
sleeping	4.560
sleepless	3.180
sleepover	2.950
sleepovers	2.480
sleeps	3.710
sleepwalking	2.660
sleepy	3.680
sleet	2.830
sleeve	3.930
sleeved	2.930
sleeveless	2.890
sleeves	3.700
sleigh	2.990
sleight	2.750
slender	3.590
slept	4.180
sleuth	2.630
slew	3.340
sli	2.540
slice	4.000
sliced	3.570
slicer	2.520
slices	3.630
slicing	3.140
slick	3.710
slicked	2.400
slicker	2.460
slid	3.550
slide	4.300
slider	3.210
sliders	2.990
slides	3.780
slideshow	2.940
sliding	3.870
slight	4.220
slighted	2.550
slightest	3.770
slightly	4.750
sligo	2.680
slim	4.050
slime	3.380
slimmer	2.900
slimming	2.920
slimy	3.080
sling	3.340
slinging	2.780
slings	2.690
slingshot	2.950
slinky	2.660
slip	4.280
slipknot	2.660
slippage	2.620
slipped	3.990
slipper	3.080
slippers	3.370
slippery	3.610
slipping	3.690
slips	3.610
slipstream	2.520
slit	3.470
slither	2.530
slits	2.880
slitting	2.480
sliver	2.990
slivers	2.440
slo	2.810
sloan	3.440
sloane	3.230
slob	2.770
slocum	2.630
slog	2.870
slogan	3.720
slogans	3.330
sloop	2.800
slop	2.710
slope	3.900
sloped	2.760
slopes	3.790
sloping	3.080
sloppy	3.590
slot	4.090
sloth	3.100
sloths	2.670
slots	3.830
slotted	3.070
slouch	2.700
slough	3.060
slovak	3.170
slovakia	3.400
slovakian	2.500
slovenia	3.410
slovenian	2.920
slow	4.850
slowdown	3.100
slowed	3.710
slower	3.980
slowest	3.130
slowing	3.710
slowly	4.630
slowness	2.620
slows	3.390
slp	2.600
slr	2.960
sls	2.980
sludge	3.230
slug	3.310
slugger	2.830
slugging	2.670
sluggish	3.250
slugs	3.050
sluice	2.630
slum	3.250
slumber	3.200
slump	3.360
slumped	3.030
slumping	2.550
slumps	2.520
slums	3.200
slung	2.850
slur	3.180
slurp	2.560
slurping	2.460
slurred	2.620
slurring	2.430
slurry	2.950
slurs	3.120
slush	2.990
slushy	2.410
slut	3.760
sluts	3.190
slutty	3.120
sly	3.400
slyly	2.460
slytherin	2.720
sm	3.710
sma	2.960
smack	3.640
smackdown	3.310
smacked	3.210
smacking	3.020
smacks	3.030
small	5.510
smaller	4.800
smallest	4.010
smalling	2.790
smallish	2.530
smallpox	3.260
smalls	2.890
smallville	2.740
smallwood	2.500
smart	4.830
smartass	2.610
smarter	3.910
smartest	3.480
smartly	2.930
smartphone	4.060
smartphones	3.690
smarts	2.950
smartwatch	3.000
smartwatches	2.450
smarty	2.450
smash	4.090
smashed	3.840
smashes	3.040
smashing	3.660
smattering	2.620
smaug	2.540
smb	2.720
smc	2.730
sme	3.030
smear	3.460
smeared	3.090
smearing	2.810
smears	2.860
smedley	2.400
smell	4.490
smelled	3.500
smelling	3.580
smells	4.040
smelly	3.290
smelt	2.990
smelter	2.850
smelters	2.450
smelting	2.890
smes	3.070
smg	2.650
smh	3.500
smi	2.460
smile	4.640
smiled	3.860
smiles	3.910
smiley	3.400
smiling	4.150
smirk	3.040
smirked	2.590
smirking	2.660
smirnoff	2.500
smit	2.520
smite	2.930
smith	4.890
smith's	3.590
smithereens	2.440
smithers	2.650
smithfield	2.870
smiths	3.210
smithson	2.440
smithsonian	3.400
smithy	2.550
smitten	3.010
smitty	2.490
smm	2.420
smoak	2.410
smock	2.570
smog	3.050
smoke	4.670
smoked	3.920
smokehouse	2.430
smokeless	2.630
smoker	3.370
smokers	3.520
smokes	3.450
smokescreen	2.590
smokestack	2.200
smokey	3.270
smokin	2.970
smoking	4.520
smoky	3.330
smol	2.400
smoldering	2.750
smollett	2.400
smooch	2.490
smooth	4.400
smoothed	2.860
smoother	3.350
smoothest	2.650
smoothie	3.250
smoothies	3.050
smoothing	3.040
smoothly	3.680
smoothness	2.850
smorgasbord	2.420
smother	2.850
smothered	3.020
smothering	2.710
smouldering	2.470
smp	2.710
sms	3.660
smt	2.930
smth	2.410
smu	2.800
smudge	2.810
smudged	2.570
smug	3.310
smuggle	3.110
smuggled	3.220
smuggler	2.960
smugglers	3.100
smuggling	3.540
smugly	2.390
smurf	3.120
smurfs	2.940
smut	2.870
smuts	2.410
smyrna	2.820
smyth	3.040
smythe	2.780
sn	3.170
sna	2.570
snack	3.900
snacking	2.840
snacks	3.860
snafu	2.540
snag	3.270
snagged	2.920
snagging	2.460
snags	2.650
snail	3.670
snails	3.260
snake	4.230
snake's	2.520
snaked	2.420
snakes	3.860
snaking	2.420
snap	4.210
snapchat	3.590
snapdragon	2.700
snape	2.960
snapped	3.810
snapper	3.000
snapping	3.470
snappy	3.010
snaps	3.660
snapshot	3.390
snapshots	3.100
snare	3.250
snares	2.670
snark	2.650
snarky	2.830
snarl	2.620
snarled	2.530
snarling	2.720
snatch	3.530
snatched	3.480
snatches	2.720
snatching	2.980
snazzy	2.640
snc	2.510
sncf	2.500
snd	2.660
sneak	3.990
sneaked	2.840
sneaker	3.010
sneakers	3.530
sneaking	3.420
sneaks	3.040
sneaky	3.520
sneer	2.700
sneering	2.550
sneeze	3.190
sneezed	2.680
sneezes	2.770
sneezing	3.020
snell	2.890
snelling	2.480
snes	2.820
snf	2.440
snicker	2.480
snickers	3.000
snide	2.590
snider	2.640
sniff	3.440
sniffed	2.850
sniffer	2.600
sniffing	3.230
sniffles	2.420
sniffs	2.570
snip	2.840
snipe	3.040
sniper	3.730
snipers	3.250
snipes	2.640
sniping	2.930
snippet	3.120
snippets	3.060
snitch	3.100
snitches	2.490
snitching	2.410
snk	2.530
snl	3.240
sno	2.490
snob	2.960
snobbery	2.530
snobbish	2.500
snobby	2.520
snobs	2.600
snodgrass	2.610
snohomish	2.590
snook	2.480
snooker	3.030
snooki	2.400
snoop	3.400
snooping	3.020
snoopy	2.800
snooty	2.550
snooze	2.980
snore	2.760
snores	2.450
snoring	3.260
snorkel	2.680
snorkeling	2.660
snorkelling	2.440
snorlax	2.460
snort	3.010
snorted	2.850
snorting	2.970
snorts	2.510
snot	2.910
snotty	2.550
snout	3.080
snow	4.660
snow's	2.520
snowball	3.180
snowballs	2.590
snowboard	3.010
snowboarder	2.520
snowboarders	2.580
snowboarding	3.150
snowden	3.440
snowdon	2.580
snowdonia	2.500
snowed	2.880
snowfall	3.220
snowflake	3.250
snowflakes	3.110
snowing	3.100
snowman	3.160
snowmen	2.430
snowmobile	2.750
snows	2.970
snowshoe	2.410
snowstorm	2.890
snowy	3.460
snp	3.620
snr	2.830
sns	2.790
snub	2.900
snubbed	2.770
snuck	3.270
snuff	3.150
snuffed	2.570
snug	3.100
snuggle	3.040
snuggled	2.660
snuggles	2.540
snuggling	2.620
snugly	2.540
snyder	3.610
snyder's	2.600
so	6.520
so's	2.780
so-called	5.540
soa	2.850
soak	3.610
soaked	3.660
soaking	3.430
soaks	2.580
soames	2.660
soap	4.180
soap opera	3.920
soapbox	2.500
soaps	3.190
soapy	2.750
soar	3.390
soared	3.060
soares	2.490
soaring	3.440
soars	2.870
sob	3.270
soba	2.480
sobbed	2.800
sobbing	3.470
sobel	2.410
sober	3.940
sobered	2.410
sobering	2.900
sobre	2.690
sobriety	3.190
sobs	3.180
soc	3.320
soca	2.570
socal	2.930
soccer	4.480
sochi	3.040
sociable	2.970
social	5.420
social networking	3.930
socialise	2.600
socialising	2.580
socialism	3.880
socialist	4.220
socialists	3.590
socialite	2.890
socialization	3.020
socialize	3.160
socialized	2.870
socializing	2.970
socially	3.960
socials	2.440
sociedad	2.810
societal	3.590
societe	2.590
societies	4.080
society	5.170
society's	3.500
socio	3.580
sociocultural	2.470
socioeconomic	3.340
sociological	3.260
sociologist	3.040
sociologists	2.940
sociology	3.780
sociopath	3.070
sociopathic	2.600
sociopaths	2.600
sociopolitical	2.480
société	2.670
sock	3.610
socket	3.520
sockets	3.200
socks	4.030
socorro	2.460
socrates	3.270
socratic	2.570
sod	3.250
soda	4.040
sodas	2.910
sodden	2.440
sodium	3.870
sodom	2.860
sodomy	2.960
soe	2.960
sof	2.600
sofa	3.810
sofas	2.860
sofi	2.400
sofia	3.740
sofie	2.540
soft	4.680
soft drink	4.480
softball	3.660
softbank	2.730
softcore	2.460
soften	3.360
softened	3.240
softener	2.510
softening	3.090
softens	2.660
softer	3.540
softest	2.790
softly	3.770
softness	2.990
software	4.770
sog	2.400
soggy	3.140
sohn	2.450
soho	3.370
soi	2.860
soil	4.420
soiled	2.970
soils	3.570
soir	2.430
soiree	2.460
sojourn	2.770
sokoto	2.470
sol	3.690
sola	2.700
solace	3.280
solange	2.860
solano	2.740
solar	4.530
solaris	2.760
sold	4.970
solder	3.110
soldered	2.670
soldering	2.960
soldier	4.460
soldier's	3.090
soldiers	4.700
sole	4.290
soledad	2.510
soleil	3.000
solely	4.200
solemn	3.410
solemnity	2.540
solemnly	3.030
solenoid	2.680
solent	2.450
soles	3.180
soli	2.440
solicit	3.060
solicitation	3.170
solicitations	2.430
solicited	2.930
soliciting	3.080
solicitor	3.690
solicitors	3.340
solid	4.730
solidarity	3.890
solider	2.590
solidified	3.060
solidifies	2.510
solidify	2.990
solidifying	2.580
solidity	2.630
solidly	3.150
solids	3.330
solihull	2.690
soliloquize	0.000
soliloquy	2.450
solipsism	2.110
solis	2.820
solitaire	3.010
solitariness	0.000
solitary	3.730
solitude	3.420
solly	2.410
solo	4.610
soloist	3.000
soloists	2.750
solomon	3.810
solomon's	2.560
solomons	2.690
solon	2.660
solos	3.330
solstice	3.100
solubility	2.960
soluble	3.440
solute	2.570
solution	4.840
solutions	4.500
solvable	2.580
solve	4.420
solved	4.080
solvency	2.710
solvent	3.440
solvents	3.060
solver	2.820
solvers	2.620
solves	3.290
solving	3.990
solzhenitsyn	2.420
som	3.190
soma	3.210
somali	3.530
somalia	3.670
somalian	2.420
somaliland	2.700
somalis	2.700
somatic	2.930
somber	3.050
somberly	1.770
sombra	2.490
sombre	2.840
sombrely	1.310
sombrero	2.570
some	6.200
somebody	4.800
somebody's	3.440
someday	4.050
somehow	4.530
someone	5.630
someone's	4.320
someones	3.210
someplace	3.140
somers	2.960
somersault	2.480
somerset	3.780
somerville	3.000
somethin	3.510
something	5.810
something's	3.390
somethings	3.120
sometime	4.160
sometimes	5.280
someway	2.450
somewhat	4.550
somewhere	4.740
somme	2.890
sommelier	2.480
sommer	2.710
sommers	2.570
somthing	2.450
son	5.280
son's	3.880
son-in-law	5.060
sona	2.830
sonam	2.410
sonar	3.300
sonata	3.130
sonatas	2.580
sondheim	2.540
sone	2.580
song	5.260
song's	3.010
songbird	2.680
songbirds	2.430
songbook	2.550
songs	4.840
songwriter	3.700
songwriters	3.100
songwriting	3.190
sonia	3.540
sonic	3.930
sonically	2.450
sonics	2.520
sonja	2.940
sonnet	2.960
sonnets	2.880
sonny	3.640
sono	2.610
sonoma	3.150
sonora	2.790
sonos	2.410
sons	4.500
sont	2.460
sony	4.190
sony's	3.020
sonya	3.070
soo	3.780
sook	2.620
sookie	2.510
soon	5.320
sooner	4.250
sooners	2.760
soonest	2.430
sooo	3.480
soooo	3.460
sooooo	3.170
soooooo	2.830
sooooooo	2.460
soot	3.020
soothe	3.180
soothed	2.450
soothes	2.560
soothing	3.450
sooty	2.510
sop	2.870
sopa	2.490
soph	2.460
sophia	3.700
sophie	3.910
sophie's	2.710
sophisticated	4.050
sophistication	3.270
sophocles	2.610
sophomore	3.690
sophomores	2.740
soprano	3.310
sopranos	3.020
sor	2.790
sora	2.990
sorbet	2.640
sorbonne	2.620
sorcerer	3.140
sorcerer's	2.430
sorcerers	2.700
sorceress	2.760
sorcery	3.140
sordid	2.990
sore	3.990
sorely	3.190
soren	2.610
soreness	3.000
sorensen	2.700
sorenson	2.530
sores	3.030
sorghum	2.830
soriano	2.640
sorkin	2.530
sororities	2.580
sorority	3.260
soros	3.240
sorrel	2.580
sorrento	2.630
sorrow	3.730
sorrowful	2.700
sorrows	3.230
sorry	5.180
sort	5.000
sorta	3.290
sorted	3.830
sortie	2.610
sorties	2.680
sorting	3.610
sorts	4.210
sos	3.360
sosa	2.950
sot	2.730
sotheby's	2.840
soto	3.020
sotomayor	2.610
sotto	2.400
sou	2.840
sought	4.490
soul	4.810
soul's	2.620
soule	2.410
soulful	3.130
soulless	2.880
soulmate	2.920
soulmates	2.480
souls	4.210
sound	5.150
soundcloud	3.160
sounded	4.120
sounder	2.460
sounders	2.770
soundgarden	2.400
sounding	3.900
soundly	2.970
soundness	2.560
soundproof	2.430
sounds	4.970
soundscape	2.410
soundstage	2.400
soundtrack	3.930
soundtracks	2.990
soundwave	2.420
soup	4.150
soups	3.100
sour	3.880
source	5.150
sourcebook	2.540
sourced	3.510
sources	4.840
sourcing	3.270
sourdough	2.780
soured	2.770
sous	3.110
sousa	2.770
south	5.400
south's	2.570
southall	2.440
southampton	3.810
southbank	2.490
southbound	3.220
southeast	4.150
southeastern	3.660
southend	3.130
southerly	2.890
southern	4.840
southerner	2.570
southerners	3.000
southernmost	2.770
southfield	2.430
southgate	2.750
southland	2.820
southpaw	2.570
southport	3.020
souths	2.480
southside	2.930
southward	3.070
southwards	2.580
southwark	3.080
southwell	2.540
southwest	4.100
southwestern	3.640
souvenir	3.360
souvenirs	3.180
souza	2.830
sov	2.590
sovereign	3.950
sovereigns	2.750
sovereignty	3.860
soviet	4.540
soviets	3.590
sow	3.380
sowed	2.590
soweto	2.730
sowing	3.000
sown	2.950
sows	2.590
sox	3.840
soy	3.630
soya	2.740
soybean	3.090
soybeans	2.990
soylent	2.450
soyuz	2.900
sp	4.030
spa	3.960
space	5.230
spacecraft	3.750
spaced	3.440
spaceflight	2.760
spaceman	2.460
spaceport	2.520
spacer	2.830
spacers	2.530
spaces	4.280
spaceship	3.360
spaceships	2.750
spacetime	2.830
spacewalk	2.430
spacex	3.410
spacey	2.960
spacing	3.420
spacious	3.410
spade	3.330
spades	3.140
spaghetti	3.650
spain	4.590
spain's	3.160
spake	2.550
spalding	2.960
spam	4.050
spammed	2.560
spammers	2.670
spamming	3.230
span	4.070
spandex	2.900
spangled	2.920
spangler	2.410
spaniard	3.060
spaniards	3.360
spaniel	2.820
spanish	4.730
spank	3.080
spanked	2.900
spanking	3.280
spanned	3.110
spanner	2.580
spanning	3.520
spans	3.480
spar	3.060
spare	4.280
spared	3.640
sparerib	0.000
spares	3.040
sparing	3.010
sparingly	3.020
spark	3.990
sparked	3.550
sparking	3.080
sparkle	3.380
sparkles	2.900
sparkling	3.560
sparkly	3.070
sparks	3.760
sparky	2.850
sparring	3.110
sparrow	3.480
sparrows	2.940
spars	2.460
sparse	3.360
sparsely	3.100
sparta	3.160
spartacus	2.830
spartan	3.370
spartanburg	2.650
spartans	3.240
spas	2.840
spasm	2.830
spasms	2.980
spastic	2.670
spat	3.300
spate	2.790
spatial	3.760
spatially	2.750
spats	2.450
spatter	2.400
spatula	2.860
spaulding	2.680
spawn	3.380
spawned	3.450
spawning	3.320
spawns	2.620
spay	2.430
spayed	2.520
spaz	2.400
spc	2.950
spca	2.560
spd	3.260
spe	2.760
speak	5.030
speakeasy	2.580
speaker	4.490
speaker's	2.750
speakers	4.240
speaking	4.910
speaks	4.430
spear	3.700
speared	2.400
spearhead	2.830
spearheaded	3.060
spearheading	2.500
spearman	2.460
spears	3.660
spec	3.590
special	5.340
specialisation	2.580
specialise	2.830
specialised	3.450
specialises	3.070
specialising	3.140
specialist	4.280
specialists	3.900
specialities	2.640
speciality	3.140
specialization	3.290
specializations	2.570
specialize	3.280
specialized	4.070
specializes	3.500
specializing	3.510
specially	4.010
specials	3.660
specialties	3.310
specialty	3.890
speciation	2.630
specie	2.440
species	4.850
specific	5.030
specifically	4.650
specification	3.750
specifications	3.950
specificity	3.220
specifics	3.520
specified	4.060
specifies	3.240
specify	3.780
specifying	3.170
specimen	3.720
specimens	3.770
specious	2.450
speck	3.020
speckled	2.810
specks	2.670
specs	3.540
spectacle	3.610
spectacles	3.110
spectacular	4.060
spectacularly	3.020
spectator	3.510
spectators	3.660
specter	3.080
spector	2.840
spectra	3.250
spectral	3.460
spectre	3.240
spectrometer	2.890
spectrometry	2.960
spectroscopic	2.750
spectroscopy	3.310
spectrum	4.260
speculate	3.480
speculated	3.370
speculates	2.650
speculating	3.070
speculation	3.990
speculations	2.970
speculative	3.510
speculator	2.420
speculators	2.940
speculum	2.470
sped	3.260
speech	4.850
speeches	3.930
speechless	3.260
speechwriter	2.440
speed	5.000
speedboat	2.520
speeder	2.270
speedily	2.750
speeding	3.680
speedo	2.690
speedometer	2.600
speeds	4.050
speedster	2.660
speedway	3.230
speedy	3.650
speer	2.680
speight	2.450
spell	4.370
spellbound	2.660
spelled	3.790
spelling	4.000
spellings	2.790
spells	3.820
spelman	2.470
spelt	3.180
spence	3.350
spencer	4.070
spencer's	2.850
spend	4.970
spender	2.760
spenders	2.460
spending	4.710
spends	3.950
spenser	2.580
spent	5.020
sperling	2.410
sperm	3.840
sperry	2.650
spew	2.900
spewed	2.700
spewing	3.040
spews	2.450
spf	2.950
spg	2.540
sphere	3.910
spheres	3.410
spherical	3.390
sphincter	2.760
sphinx	3.000
spi	2.840
spice	3.940
spiced	3.020
spicer	3.010
spices	3.550
spicy	3.800
spider	4.250
spider's	2.520
spiderman	3.200
spiders	3.750
spidey	2.750
spied	3.080
spiegel	3.010
spiel	2.660
spielberg	3.120
spielberg's	2.470
spies	3.700
spieth	2.900
spigot	2.490
spike	3.960
spiked	3.230
spikes	3.530
spiking	2.780
spiky	2.750
spill	3.840
spillage	2.440
spilled	3.630
spiller	2.530
spilling	3.370
spillover	2.510
spills	3.350
spillway	2.720
spilt	2.910
spin	4.380
spina	2.670
spinach	3.480
spinal	3.850
spindle	3.100
spindles	2.500
spine	3.930
spineless	2.910
spines	3.250
spinner	3.360
spinners	3.080
spinning	3.980
spinoff	3.160
spinoza	2.680
spins	3.510
spinster	2.690
spiny	2.640
spiral	3.850
spiraled	2.460
spiraling	2.870
spiralling	2.480
spirals	2.910
spire	3.110
spires	2.780
spirit	4.790
spirit's	2.500
spirited	3.550
spirits	4.160
spiritual	4.400
spiritualism	2.580
spiritualist	2.440
spirituality	3.550
spiritually	3.290
spiro	2.720
spit	3.850
spite	4.040
spiteful	2.920
spitfire	2.950
spits	3.080
spitting	3.470
spitz	2.540
spitzer	2.770
spl	2.830
splash	3.850
splashed	3.030
splashes	2.920
splashing	3.090
splat	2.700
splatoon	2.630
splatter	2.770
splattered	2.740
splayed	2.460
spleen	3.140
splendid	3.750
splendidly	2.680
splendor	3.050
splendour	2.930
splice	2.870
spliced	2.690
splicing	2.860
spline	2.460
splint	2.660
splinter	3.280
splintered	2.720
splintering	2.420
splinters	2.790
splints	2.600
split	4.650
splits	3.500
splitter	2.880
splitting	3.780
splurge	2.940
spm	2.640
spo	2.440
spock	3.070
spoil	3.810
spoiled	3.810
spoiler	3.550
spoilers	3.460
spoiling	3.250
spoils	3.330
spoilt	3.100
spokane	3.320
spoke	4.610
spoken	4.450
spokes	2.840
spokesman	3.790
spokesmen	2.700
spokesperson	3.640
spokeswoman	3.120
sponge	3.590
spongebob	3.230
sponges	3.070
spongy	2.620
sponsor	4.040
sponsored	4.230
sponsoring	3.400
sponsors	3.910
sponsorship	3.720
sponsorships	2.870
spontaneity	2.850
spontaneous	3.710
spontaneously	3.340
spoof	3.100
spoofed	2.420
spoofing	2.600
spook	2.880
spooked	3.060
spooks	2.760
spooky	3.530
spool	2.840
spools	2.400
spoon	3.880
spooner	2.800
spoonful	2.870
spooning	2.500
spoons	3.280
sporadic	3.290
sporadically	2.920
spore	3.000
spores	3.260
sport	4.730
sport's	2.760
sported	2.730
sporting	4.160
sports	4.940
sports center	4.750
sports centre	4.640
sportscar	2.410
sportscaster	2.460
sportscenter	2.550
sportsman	3.160
sportsmanship	3.010
sportsmen	2.990
sportsnet	2.630
sportswear	2.900
sporty	3.100
spot	4.890
spotify	3.670
spotless	3.120
spotlight	3.900
spotlights	2.730
spots	4.330
spotted	4.190
spotter	2.800
spotters	2.560
spotting	3.390
spotty	2.940
spousal	2.870
spouse	3.950
spouse's	2.430
spouses	3.520
spout	3.110
spouting	2.890
spouts	2.520
spp	3.100
spr	2.740
sprague	2.890
sprain	2.850
sprained	3.030
sprang	3.120
spratt	2.460
sprawl	2.990
sprawled	2.680
sprawling	3.190
spray	4.180
sprayed	3.490
sprayer	2.570
spraying	3.410
sprays	3.200
spread	4.810
spreader	2.640
spreading	4.190
spreads	3.690
spreadsheet	3.310
spreadsheets	2.860
spree	3.560
sprees	2.520
sprig	2.430
sprightly	2.490
sprigs	2.430
spring	4.920
spring's	2.420
springboard	2.990
springbok	2.560
springboks	2.560
springdale	2.400
springer	3.570
springfield	3.790
springing	2.940
springs	4.240
springsteen	3.160
springtime	3.050
springy	2.460
sprinkle	3.390
sprinkled	3.240
sprinkler	3.050
sprinklers	2.850
sprinkles	2.950
sprinkling	2.970
sprint	3.960
sprinted	2.690
sprinter	3.190
sprinters	2.780
sprinting	3.010
sprints	3.060
sprite	3.190
sprites	2.830
spritz	2.460
sprocket	2.590
sprout	3.110
sprouted	2.780
sprouting	2.840
sprouts	3.230
spruce	3.390
sprung	3.410
spry	2.520
sps	2.870
spud	2.690
spuds	2.470
spun	3.670
spunk	2.660
spunky	2.510
spur	3.660
spurgeon	2.530
spurious	2.960
spuriously	1.550
spurned	2.650
spurred	3.260
spurrier	2.410
spurring	2.520
spurs	4.000
spurt	2.840
spurts	2.540
sputnik	2.770
sputtering	2.840
spx	2.620
spy	4.240
spyder	2.680
spying	3.650
spyro	2.430
spyware	2.710
sq	3.830
sqft	2.400
sql	3.380
squabble	2.590
squabbles	2.540
squabbling	2.590
squad	4.670
squad's	2.600
squadron	3.690
squadrons	3.030
squads	3.540
squalid	2.600
squall	2.670
squalor	2.690
squamous	2.650
squander	2.740
squandered	2.890
squandering	2.490
square	4.840
squared	3.390
squarely	3.160
squarepants	2.640
squares	3.730
squaring	2.630
squash	3.630
squashed	2.990
squat	3.480
squats	3.280
squatted	2.510
squatter	2.550
squatters	2.860
squatting	2.990
squaw	2.680
squawk	2.420
squeak	2.900
squeaked	2.450
squeaking	2.590
squeaks	2.510
squeaky	3.070
squeal	2.830
squealed	2.560
squealing	2.730
squeals	2.500
squeamish	2.630
squeeze	3.940
squeezed	3.530
squeezes	2.790
squeezing	3.370
squibb	2.480
squid	3.440
squids	2.490
squidward	2.530
squier	2.420
squint	2.800
squinting	2.660
squire	3.280
squires	2.760
squirm	2.780
squirming	2.660
squirmy	1.830
squirrel	3.690
squirrels	3.390
squirt	3.220
squirted	2.460
squirting	2.770
squirts	2.570
squish	2.830
squished	2.540
squishy	3.040
sr	4.030
sra	2.590
sram	2.460
src	2.950
srebrenica	2.440
sri	4.120
srinagar	2.900
srinivas	2.560
srinivasan	2.580
sriracha	2.720
srl	2.430
srm	2.440
sro	2.400
srp	2.540
srs	2.980
srsly	2.530
srt	2.780
sry	2.580
ss	4.100
ss00	2.530
ssa	2.840
ssb	2.640
ssc	3.020
ssd	3.210
ssds	2.510
sse	3.020
ssg	2.500
ssh	3.120
ssi	2.970
ssl	2.930
ssm	2.550
ssn	2.820
sso	2.440
ssp	2.740
ssr	3.250
ssris	2.470
sss	2.850
sst	2.670
ssw	2.420
st	5.200
sta	3.320
stab	3.780
stabbed	3.900
stabbing	3.580
stabbings	2.530
stabilisation	2.690
stabilise	2.700
stabilised	2.680
stabilising	2.440
stability	4.310
stabilization	3.300
stabilize	3.460
stabilized	3.320
stabilizer	2.940
stabilizers	2.670
stabilizes	2.550
stabilizing	3.120
stable	4.480
stabler	2.420
stables	3.400
stabs	3.050
staccato	2.580
stacey	3.410
stache	2.420
stacie	2.410
stack	4.050
stacked	3.630
stacking	3.300
stacks	3.490
stacy	3.390
stade	2.710
stadia	2.720
stadium	4.630
stadium's	2.520
stadiums	3.510
staff	5.080
staff's	2.670
staffed	3.350
staffer	3.100
staffers	3.230
staffing	3.530
stafford	3.560
staffordshire	3.330
staffs	3.230
stag	3.250
stage	5.100
stagecoach	2.880
staged	3.830
stages	4.430
stagg	2.510
stagger	2.820
staggered	3.210
staggering	3.500
staggers	2.450
staging	3.650
stagnant	3.310
stagnate	2.490
stagnated	2.650
stagnating	2.480
stagnation	3.190
stags	2.570
stahl	2.840
staid	2.580
stain	3.700
stained	3.790
staines	2.490
staining	3.210
stainless	3.760
stains	3.460
stair	3.260
staircase	3.580
staircases	2.780
stairs	4.140
stairway	3.150
stairways	2.490
stairwell	2.910
stake	4.150
staked	2.980
stakeholder	3.010
stakeholders	3.560
stakes	4.020
staking	2.900
stale	3.430
stalemate	3.040
staley	2.530
stalin	3.690
stalin's	2.820
stalingrad	2.820
stalinism	2.440
stalinist	2.760
stalk	3.460
stalked	3.210
stalker	3.450
stalkers	2.740
stalking	3.640
stalks	3.160
stall	3.790
stalled	3.370
stalling	3.180
stallion	3.240
stallions	2.730
stallone	2.810
stalls	3.510
stalwart	2.910
stalwarts	2.520
stamens	2.710
stamford	3.440
stamina	3.390
stammer	2.490
stammering	2.420
stamos	2.400
stamp	4.110
stamped	3.580
stampede	3.130
stamper	2.400
stamping	3.180
stamps	3.910
stan	4.060
stan's	2.500
stance	4.050
stances	3.000
stand	5.140
standalone	3.390
standard	5.030
standardisation	2.500
standardised	2.910
standardization	3.090
standardize	2.720
standardized	3.640
standards	4.780
standby	3.420
standing	4.860
standings	3.460
standish	2.610
standoff	3.130
standout	3.280
standouts	2.460
standpoint	3.650
stands	4.610
standstill	3.050
standup	2.970
stanfield	2.500
stanford	3.980
stanford's	2.510
stanhope	2.770
stanislas	2.500
stanislaus	2.520
stank	2.760
stanley	4.190
stanley's	2.640
stannis	2.730
stans	2.740
stansted	2.570
stanton	3.530
stanza	3.010
stanzas	2.720
staph	2.570
staphylococcus	2.650
staple	3.680
stapled	2.590
stapler	2.530
staples	3.570
stapleton	2.910
star	5.190
star's	3.090
starboard	3.170
starbuck	2.590
starbucks	3.770
starburst	2.610
starc	2.410
starch	3.300
starches	2.500
starchy	2.570
starcraft	2.730
stardom	3.090
stardust	3.170
stare	3.910
stared	3.600
stares	3.320
starfire	2.490
starfish	3.000
starfleet	2.910
stargate	3.070
stargazing	2.490
staring	4.140
stark	4.010
stark's	2.630
starkey	2.590
starkly	2.560
starks	2.790
starlet	2.670
starlight	3.140
starling	3.030
starlings	2.530
starr	3.410
starred	3.710
starring	4.080
starry	3.150
stars	4.860
starship	3.260
starships	2.500
starstruck	2.480
start	5.560
started	5.390
starter	4.020
starters	3.730
startin	2.590
starting	5.070
startle	2.690
startled	3.310
startling	3.400
startlingly	2.420
starts	4.830
startup	3.830
startups	3.490
starvation	3.520
starve	3.520
starved	3.470
starving	3.790
starz	2.680
stash	3.540
stashed	2.950
stasi	2.790
stasis	2.990
stat	3.950
state	5.780
state's	4.050
stated	4.740
statehood	3.080
statehouse	2.470
stateless	2.850
stately	3.130
statement	4.970
statements	4.510
staten	3.320
states	5.520
stateside	2.850
statesman	3.460
statesmen	2.880
statewide	3.630
statham	2.660
static	4.050
statically	2.510
statics	2.460
statin	2.540
stating	4.150
statins	2.590
station	5.010
station's	3.110
stationary	3.630
stationed	3.710
stationery	3.290
stations	4.500
statist	2.610
statistic	3.450
statistical	4.140
statistically	3.670
statistician	2.870
statisticians	2.800
statistics	4.600
stator	2.650
stats	4.330
statuary	2.570
statue	4.090
statues	3.650
statuette	2.610
stature	3.450
status	4.870
statuses	2.820
statute	3.830
statutes	3.500
statutory	3.760
staunch	3.200
staunchly	2.690
staunton	2.680
stave	3.040
staves	2.600
stavros	2.490
stax	2.460
stay	5.330
stayed	4.530
stayin	2.670
staying	4.550
stays	4.260
stc	2.660
std	3.420
stds	2.870
ste	3.220
stead	3.190
steadfast	3.140
steadfastly	2.690
steadily	3.840
steadman	2.580
steady	4.310
steak	3.970
steakhouse	2.900
steaks	3.310
steal	4.410
stealer	2.520
stealing	4.230
steals	3.720
stealth	3.530
stealthily	2.560
stealthy	2.790
steam	4.520
steamboat	3.030
steamboats	2.460
steamed	3.340
steamer	3.360
steamers	2.860
steaming	3.320
steampunk	2.950
steamship	3.070
steamships	2.440
steamy	3.090
stearns	2.930
steaua	2.480
stedman	2.500
steed	2.950
steel	4.710
steele	3.590
steelers	3.680
steelhead	2.650
steels	2.820
steelworkers	2.460
steely	2.820
steen	2.740
steep	3.990
steeped	3.080
steeper	2.910
steepest	2.640
steeple	2.740
steeplechase	2.590
steeply	2.930
steer	3.720
steered	3.130
steering	3.930
steering wheel	3.830
steers	2.900
stef	2.530
stefan	3.720
stefani	2.920
stefanie	2.540
stefano	3.050
steffen	2.590
stein	3.650
stein's	2.410
steinbeck	2.670
steinberg	3.030
steinem	2.400
steiner	3.180
steinmetz	2.420
steinway	2.460
stella	3.700
stellar	3.760
stellenbosch	2.470
stem	4.300
stemmed	3.210
stemming	3.260
stems	3.830
sten	2.470
stench	3.110
stencil	2.840
stencils	2.490
stenographer	2.480
stenosis	2.800
stent	2.820
stents	2.470
step	5.130
stepan	2.660
stepbrother	2.460
stepdad	2.860
stepdaughter	2.780
stepfather	3.240
steph	3.440
stephan	3.040
stephane	2.510
stephanie	3.810
stephen	4.500
stephen's	2.960
stephens	3.540
stephenson	3.310
stepmom	2.710
stepmother	3.160
steppe	2.830
stepped	4.200
stepper	2.400
steppes	2.610
steppin	2.430
stepping	3.980
steps	4.730
stepsister	2.450
stepson	2.850
stereo	3.770
stereoscopic	2.570
stereotype	3.430
stereotyped	2.790
stereotypes	3.680
stereotypical	3.170
stereotyping	2.940
sterile	3.430
sterility	2.530
sterilization	3.100
sterilize	2.620
sterilized	2.890
sterling	4.130
sterling's	2.410
stern	3.900
sternberg	2.530
sterne	2.530
sternly	2.590
sternum	2.760
steroid	3.330
steroids	3.580
stethoscope	2.660
stetson	2.720
steuben	2.430
steubenville	2.450
steve	4.710
steve's	2.970
steven	4.240
steven's	2.610
stevenage	2.710
stevens	3.990
stevenson	3.560
stevia	2.540
stevie	3.660
stew	3.480
steward	3.450
stewardess	2.620
stewards	3.170
stewardship	3.220
stewart	4.250
stewart's	2.950
stewed	2.650
stewie	2.710
stews	2.650
steyn	2.580
stfu	2.950
stg	2.530
sth	2.740
sti	3.080
stick	4.760
sticker	3.710
stickers	3.690
sticking	4.020
stickler	2.550
sticks	4.140
sticky	3.800
stiff	3.900
stiffen	2.490
stiffened	2.530
stiffer	2.820
stiffness	3.200
stifle	3.000
stifled	2.920
stifles	2.400
stifling	2.970
stig	2.740
stiglitz	2.440
stigma	3.690
stigmas	2.460
stigmatized	2.720
stil	2.570
stiles	3.230
stiletto	2.730
stilettos	2.580
still	5.920
stillbirth	2.410
stillborn	2.740
stiller	2.680
stillman	2.600
stillness	2.980
stills	3.280
stillwater	2.850
stilted	2.560
stilts	2.750
stimson	2.430
stimulant	3.060
stimulants	2.940
stimulate	3.670
stimulated	3.370
stimulates	3.140
stimulating	3.540
stimulation	3.700
stimulator	2.400
stimuli	3.390
stimulus	3.820
stine	2.430
sting	3.800
stinger	2.920
stingers	2.490
stinging	3.070
stingray	2.930
stingrays	2.510
stings	3.110
stingy	3.030
stink	3.460
stinker	2.440
stinking	3.040
stinks	3.190
stinky	3.120
stinson	2.670
stint	3.610
stints	2.950
stipe	2.730
stipend	3.010
stipends	2.440
stipulate	2.770
stipulated	3.210
stipulates	2.860
stipulating	2.410
stipulation	2.920
stipulations	2.770
stir	3.960
stirling	3.480
stirred	3.470
stirring	3.680
stirrup	2.440
stirs	2.990
stis	2.490
stitch	3.640
stitched	3.220
stitches	3.580
stitching	3.120
stl	2.970
stm	2.780
sto	2.860
stochastic	3.110
stock	4.930
stock market	4.770
stockade	2.630
stockbridge	2.710
stockbroker	2.760
stockdale	2.440
stocked	3.440
stocker	2.460
stockholder	2.620
stockholders	3.100
stockholm	3.760
stocking	3.490
stockings	3.470
stockman	2.650
stockmarket	2.430
stockpile	3.120
stockpiled	2.490
stockpiles	2.670
stockpiling	2.730
stockport	2.860
stocks	4.280
stockton	3.340
stockwell	2.600
stocky	2.710
stoddard	2.750
stoic	3.150
stoicism	2.630
stoke	3.730
stoked	3.440
stoker	2.840
stokes	3.570
stoking	2.540
stole	4.210
stolen	4.410
stoll	2.710
stomach	4.420
stomachache	2.090
stomachs	3.090
stomp	3.250
stomped	2.910
stomping	3.140
stomps	2.460
stone	4.800
stone's	3.120
stoned	3.480
stonehenge	2.930
stoneman	2.480
stoner	3.280
stoners	2.670
stones	4.310
stonewall	2.990
stoneware	2.570
stonework	2.530
stoney	2.780
stoning	2.750
stony	3.300
stood	4.570
stooge	2.730
stooges	2.910
stool	3.520
stools	3.050
stoop	3.140
stooped	2.560
stooping	2.470
stoops	2.660
stop	5.520
stopgap	2.400
stopover	2.700
stoppage	3.220
stoppages	2.650
stopped	4.840
stopper	3.090
stoppers	2.760
stopping	4.290
stops	4.400
stopwatch	2.590
storage	4.570
store	5.020
store's	2.950
stored	4.180
storefront	2.870
storefronts	2.620
storehouse	2.680
storeroom	2.610
stores	4.630
storey	3.610
storeys	2.870
storied	2.990
stories	4.950
storing	3.570
stork	2.880
storks	2.500
storm	4.660
storm's	2.930
stormed	3.300
storming	3.160
stormont	2.680
storms	3.940
stormtrooper	2.580
stormtroopers	2.480
stormwater	2.720
stormy	3.460
storrs	2.410
story	5.450
story's	3.040
storyboard	2.620
storybook	2.790
storyline	3.740
storylines	3.220
storyteller	3.080
storytellers	2.760
storytelling	3.660
stott	2.550
stoughton	2.630
stout	3.450
stove	3.710
stover	2.570
stoves	3.020
stow	3.060
stowaway	2.510
stowe	2.920
stowed	2.790
stp	2.750
str	3.270
strabo	2.520
strachan	2.760
straddle	2.770
straddled	2.430
straddles	2.630
straddling	2.750
stradivarius	2.450
strafing	2.420
stragglers	2.620
strahan	2.530
straight	5.040
straightaway	2.640
straighten	3.270
straightened	3.130
straightening	2.930
straighter	2.680
straightforward	3.830
straights	2.650
strain	4.150
strained	3.530
strainer	2.640
straining	3.220
strains	3.720
strait	3.600
straits	3.370
strand	3.680
stranded	3.700
stranding	2.670
strands	3.400
strang	2.580
strange	4.640
strangely	3.670
strangeness	2.670
stranger	4.280
stranger's	2.730
strangers	4.140
strangest	3.250
strangle	3.040
strangled	3.240
stranglehold	2.590
strangler	2.440
strangling	2.860
strangulation	2.760
strap	3.790
strapless	2.720
strapped	3.440
strapping	2.890
strappy	2.410
straps	3.420
strasbourg	3.180
strasburg	2.630
strasse	2.490
strasser	2.440
strat	2.960
strata	3.250
strategic	4.430
strategically	3.450
strategies	4.290
strategist	3.260
strategists	2.780
strategize	2.450
strategy	4.740
stratford	3.340
strathclyde	2.800
stratification	2.760
stratified	2.760
stratigraphic	2.900
stratigraphy	2.620
stratosphere	2.900
stratospheric	2.590
stratton	3.110
stratum	2.670
stratus	2.410
straus	2.710
strauss	3.480
strava	2.430
stravinsky	2.650
straw	3.990
strawberries	3.540
strawberry	3.720
straws	3.250
stray	3.740
strayed	2.970
straying	2.690
strays	2.840
streak	4.060
streaked	2.760
streaking	2.690
streaks	3.310
streaky	2.460
stream	4.620
streamed	3.440
streamer	3.040
streamers	2.990
streaming	4.220
streamline	3.180
streamlined	3.270
streamlining	2.860
streams	4.120
streatham	2.430
streep	3.020
street	5.280
street's	2.870
streetcar	3.040
streetcars	2.480
streeter	2.510
streetlights	2.450
streets	4.660
streetwear	2.590
streisand	2.910
strength	4.800
strengthen	4.040
strengthened	3.690
strengthening	3.820
strengthens	3.280
strengths	3.830
strenuous	3.120
strenuously	2.670
strep	2.730
streptococcus	2.530
stress	4.730
stressed	4.180
stresses	3.620
stressful	3.880
stressfully	1.080
stressing	3.480
stressor	2.410
stressors	2.840
stretch	4.350
stretched	3.880
stretcher	3.230
stretchers	2.510
stretches	3.700
stretching	3.850
stretchy	2.760
strewn	3.080
striatum	2.410
stricken	3.520
strickland	3.060
strict	4.230
stricter	3.230
strictest	2.840
strictly	4.160
strictures	2.510
stride	3.430
strident	2.660
strider	2.500
strides	3.310
striding	2.620
strife	3.400
strike	4.660
strikeout	2.750
strikeouts	2.980
striker	3.900
strikers	3.420
strikes	4.250
striking	4.200
strikingly	3.120
string	4.400
stringed	2.600
stringent	3.430
stringently	2.040
stringer	3.040
stringers	2.410
stringing	2.730
strings	4.040
stringy	2.520
strip	4.360
stripe	3.510
striped	3.540
stripes	3.760
striping	2.480
stripped	3.840
stripper	3.450
strippers	3.160
stripping	3.520
strips	3.860
striptease	2.680
strive	3.720
strived	2.470
strives	3.120
striving	3.500
strobe	2.790
strode	2.880
stroke	4.270
stroked	2.860
strokes	3.750
stroking	3.140
stroll	3.540
strolled	2.850
stroller	3.080
strollers	2.600
strolling	3.090
strolls	2.600
strom	2.620
stromal	2.410
strong	5.220
stronger	4.550
strongest	4.120
stronghold	3.420
strongholds	2.950
strongly	4.470
strongman	2.880
strontium	2.630
stroud	2.870
strove	2.670
struck	4.420
struct	2.520
structural	4.180
structurally	3.190
structure	4.840
structured	3.820
structures	4.480
structuring	2.980
struggle	4.620
struggled	4.010
struggles	4.080
struggling	4.330
strum	2.480
strumming	2.610
strung	3.310
strut	3.160
struts	2.940
strutting	2.710
stryker	2.790
sts	3.260
stu	3.220
stuart	4.130
stuart's	2.520
stub	3.080
stubble	2.870
stubborn	3.760
stubbornly	2.920
stubbornness	2.830
stubbs	3.050
stubby	2.690
stubhub	2.580
stubs	2.830
stucco	2.900
stuck	4.680
stuckey	2.400
stud	3.740
studded	3.250
studebaker	2.450
student	5.020
student's	3.320
students	5.250
studied	4.490
studien	2.420
studies	4.980
studio	4.660
studio's	2.820
studios	4.100
studious	2.540
studs	3.340
study	5.260
study's	2.550
studying	4.420
stuff	5.140
stuffed	3.960
stuffily	0.000
stuffiness	1.670
stuffing	3.470
stuffs	3.140
stuffy	3.030
stultify	0.000
stultifyingly	0.000
stumble	3.420
stumbled	3.660
stumbles	3.030
stumbling	3.350
stump	3.450
stumped	2.950
stumps	3.120
stun	3.370
stung	3.280
stunned	3.680
stunner	2.830
stunning	4.270
stunningly	2.850
stuns	2.890
stunt	3.860
stunted	2.970
stunting	2.620
stuntman	2.650
stunts	3.350
stupendous	2.780
stupid	4.940
stupider	2.490
stupidest	3.170
stupidity	3.660
stupidly	2.980
stupor	2.720
sturdy	3.440
sturgeon	3.340
sturgis	2.740
sturm	2.630
sturridge	3.000
sturt	2.640
stutter	2.950
stuttered	2.430
stuttering	3.100
stutters	2.500
stuttgart	3.200
stuyvesant	2.560
stv	2.800
sty	2.470
style	5.110
styled	3.630
styles	4.380
styling	3.480
stylings	2.410
stylised	2.510
stylish	3.700
stylist	3.400
stylistic	3.140
stylistically	2.650
stylists	2.790
stylized	3.060
stylus	3.020
stymied	2.540
styrene	2.540
styrofoam	2.750
styx	2.600
stéphane	2.520
su	3.920
sua	2.610
suarez	3.490
suave	2.900
sub	4.660
subaru	3.260
subatomic	2.580
subban	2.610
subbed	3.070
subbing	2.770
subclass	3.020
subclasses	2.580
subcommittee	3.460
subconscious	3.390
subconsciously	2.940
subcontinent	2.930
subcontractor	2.720
subcontractors	2.900
subculture	2.980
subcultures	2.590
subcutaneous	2.830
subdivided	3.100
subdivision	3.630
subdivisions	3.260
subduction	2.790
subdue	3.060
subdued	3.370
subfamily	2.590
subgenre	2.440
subgroup	3.080
subgroups	2.960
subiaco	2.400
subject	4.960
subject's	2.760
subjected	3.860
subjecting	2.880
subjection	2.490
subjective	3.790
subjectively	2.650
subjectivity	2.840
subjects	4.380
subjugate	2.470
subjugated	2.690
subjugation	2.730
subjunctive	2.550
sublet	2.470
sublimation	2.510
sublime	3.480
subliminal	2.840
submachine	2.490
submarine	3.810
submarines	3.450
submerge	2.600
submerged	3.510
submersible	2.790
submission	4.070
submissions	3.710
submissive	3.250
submit	4.280
submits	3.020
submitted	4.320
submitting	3.560
subnet	2.400
suboptimal	2.510
subordinate	3.450
subordinated	2.880
subordinates	3.120
subordination	2.600
subpar	2.650
subplot	2.690
subplots	2.440
subpoena	3.340
subpoenaed	2.750
subpoenas	2.880
subprime	2.750
subreddit	2.570
subroutine	2.530
subs	3.700
subscribe	4.020
subscribed	3.530
subscriber	3.520
subscribers	4.000
subscribes	2.580
subscribing	3.060
subscription	4.060
subscriptions	3.490
subsea	2.510
subsection	3.250
subsections	2.470
subsequent	4.390
subsequently	4.230
subservient	2.830
subset	3.530
subsets	2.930
subside	2.880
subsided	3.010
subsidence	2.710
subsides	2.640
subsidiaries	3.580
subsidiary	3.920
subsidies	3.740
subsidised	2.810
subsidize	2.930
subsidized	3.360
subsidizing	2.690
subsidy	3.560
subsist	2.550
subsistence	3.110
subsonic	2.520
subspace	2.890
subspecies	2.950
substance	4.230
substances	3.930
substandard	2.960
substantial	4.330
substantially	3.960
substantiate	2.830
substantiated	2.840
substantive	3.410
substation	2.930
substations	2.520
substitute	4.170
substituted	3.470
substitutes	3.320
substituting	3.030
substitution	3.410
substitutions	2.980
substrate	3.640
substrates	3.210
subsumed	2.650
subsurface	2.890
subsystem	2.870
subsystems	2.800
subterfuge	2.690
subterranean	3.110
subtext	2.820
subtitle	3.230
subtitled	2.830
subtitles	3.480
subtle	4.080
subtler	2.490
subtleties	2.750
subtlety	3.090
subtly	3.300
subtract	3.100
subtracted	2.710
subtracting	2.830
subtraction	2.910
subtropical	2.920
subtype	2.810
subtypes	2.810
subunit	3.050
subunits	2.860
suburb	3.810
suburban	3.910
suburbia	2.790
suburbs	3.960
subversion	3.030
subversive	3.210
subvert	2.950
subverted	2.640
subverting	2.550
subway	4.050
subways	2.880
subwoofer	2.490
suc	2.460
succeed	4.290
succeeded	4.140
succeeding	3.630
succeeds	3.470
success	5.060
successes	3.750
successful	4.940
successfully	4.450
succession	3.970
successive	3.850
successively	3.020
successor	3.990
successors	3.380
succinct	2.900
succinctly	2.830
succubus	2.530
succulent	3.000
succulently	0.000
succulents	2.590
succumb	3.060
succumbed	3.160
succumbing	2.750
succumbs	2.440
such	5.840
suck	4.420
sucked	3.860
sucker	3.590
suckers	3.180
sucking	3.880
suckling	2.760
sucks	4.380
sucky	2.610
sucre	2.450
sucrose	2.760
suction	3.360
sud	2.790
sudan	3.900
sudan's	2.430
sudanese	3.290
sudbury	2.850
sudden	4.400
suddenly	4.690
sudo	2.430
sudoku	2.640
suds	2.560
sue	4.220
sued	3.900
suede	3.250
sues	3.050
suet	2.430
suez	3.190
suffer	4.450
suffered	4.520
sufferer	2.940
sufferers	3.210
suffering	4.530
sufferings	2.930
suffers	3.830
suffice	3.460
sufficed	2.420
suffices	2.420
sufficiency	3.030
sufficient	4.320
sufficiently	3.800
suffix	3.050
suffixes	2.650
suffocate	2.860
suffocated	2.870
suffocating	3.060
suffocation	2.800
suffolk	3.620
suffrage	3.380
suffragette	2.480
suffuse	1.460
suffused	2.570
sufi	2.910
sufism	2.410
suga	2.700
sugar	4.680
sugarcane	2.960
sugars	3.410
sugary	3.130
suge	2.420
suggest	4.750
suggested	4.680
suggesting	4.250
suggestion	4.230
suggestions	4.240
suggestive	3.210
suggests	4.490
suggs	2.420
suh	2.970
suharto	2.580
sui	3.030
suicidal	3.610
suicide	4.620
suicides	3.420
suing	3.500
suis	2.640
suisse	3.060
suit	4.700
suitability	3.210
suitable	4.380
suitably	3.130
suitcase	3.550
suitcases	3.030
suite	4.180
suited	4.030
suites	3.490
suiting	2.610
suitor	2.980
suitors	2.980
suits	4.250
suk	3.020
suki	2.680
sul	2.880
sulaiman	2.460
sulawesi	2.470
suleiman	2.760
sulfate	3.190
sulfide	2.920
sulfur	3.430
sulfuric	2.750
sulk	2.550
sulking	2.580
sulla	2.490
sullen	2.710
sullied	2.400
sullivan	3.930
sullivan's	2.690
sully	3.110
sulphate	2.590
sulphur	3.180
sulphuric	2.360
sultan	3.640
sultana	2.410
sultanate	2.440
sultans	2.470
sultry	2.990
sulu	2.790
sum	4.340
sumatra	3.030
sumatran	2.480
sumer	2.420
sumerian	2.680
sumitomo	2.560
summa	2.820
summaries	3.310
summarily	2.830
summarise	2.600
summarised	2.830
summarises	2.490
summarize	3.230
summarized	3.350
summarizes	3.120
summarizing	2.870
summary	4.370
summation	2.920
summed	3.570
summer	5.230
summer's	3.240
summers	3.750
summerslam	2.720
summertime	3.250
summery	2.520
summing	2.910
summit	4.300
summits	3.040
summon	3.550
summoned	3.760
summoning	3.070
summons	3.470
sumner	3.190
sumo	3.060
sump	2.710
sumptuous	3.020
sums	3.900
sumter	2.770
sun	4.970
sun's	3.430
sunbathe	2.240
sunbathing	2.780
sunbeam	2.650
sunblock	2.400
sunburn	2.950
sunburned	2.430
sunburst	2.560
sunbury	2.630
sundae	2.760
sundance	3.250
sunday	4.920
sunday's	3.400
sundays	3.750
sunder	2.470
sunderland	3.630
sundial	2.460
sundown	2.960
sundry	2.760
sunflower	3.360
sunflowers	2.820
sung	3.910
sunglasses	3.720
sunil	2.840
sunk	3.740
sunken	3.260
sunlight	3.860
sunlit	2.440
sunnah	2.600
sunni	3.480
sunnis	2.730
sunny	4.070
sunnyside	2.580
sunnyvale	2.690
sunrise	3.820
sunroof	2.750
suns	3.590
sunscreen	3.290
sunset	4.040
sunsets	3.040
sunshine	4.160
sunspot	2.550
sunspots	2.490
suny	2.950
suo	2.460
sup	3.560
super	5.080
superannuation	3.010
superb	3.960
superbike	2.440
superbly	3.000
superbowl	3.060
superboy	2.550
supercar	3.000
supercars	2.780
supercell	2.550
supercharged	2.820
supercharger	2.690
supercomputer	2.760
supercomputers	2.480
superconducting	2.710
superconductivity	2.480
superconductor	2.400
superconductors	2.450
superfast	2.690
superficial	3.560
superficially	2.900
superfluous	3.000
superfluously	1.170
superfood	2.490
superfoods	2.410
superfund	2.630
supergirl	3.140
supergroup	2.490
superheated	2.400
superhero	3.850
superheroes	3.400
superhuman	3.110
superimposed	2.920
superintendent	3.970
superintendents	2.740
superior	4.460
superiority	3.590
superiors	3.380
superlative	2.790
superlatives	2.470
superman	4.020
superman's	2.730
supermarket	3.780
supermarkets	3.420
supermassive	2.470
supermodel	3.100
supermodels	2.550
supernatural	3.890
supernova	3.130
supernovae	2.400
superposition	2.590
superpower	3.220
superpowers	3.140
supers	2.440
supersede	2.680
superseded	3.170
supersedes	2.610
supersonic	3.150
supersport	2.690
superstar	3.830
superstars	3.300
superstition	3.210
superstitions	2.840
superstitious	3.140
superstore	2.660
superstructure	2.890
supervillain	2.530
supervise	3.320
supervised	3.590
supervises	2.710
supervising	3.320
supervision	3.940
supervisor	3.950
supervisors	3.570
supervisory	3.320
supine	2.420
suplex	2.520
supp	2.880
supper	3.740
suppers	2.400
supplant	2.560
supplanted	2.810
supple	2.870
supplement	4.030
supplemental	3.490
supplementary	3.360
supplementation	2.950
supplemented	3.330
supplementing	2.830
supplements	3.770
supplication	2.500
supplied	4.240
supplier	3.840
suppliers	3.910
supplies	4.480
supply	4.810
supplying	3.750
support	5.530
supported	4.680
supporter	4.070
supporters	4.460
supporting	4.710
supportive	4.050
supports	4.420
suppose	4.560
supposed	4.910
supposedly	3.960
supposes	2.480
supposing	2.980
supposition	2.630
suppress	3.660
suppressed	3.600
suppresses	2.750
suppressing	3.280
suppression	3.680
suppressive	2.440
suppressor	2.940
supra	3.080
supranational	2.460
supremacist	3.260
supremacists	2.970
supremacy	3.640
supreme	4.690
supremely	3.040
supremes	2.450
supremo	2.430
suprise	2.590
suprised	2.630
supt	2.980
sur	3.700
sura	2.560
surabaya	2.750
surah	2.540
suraj	2.410
surat	2.860
surcharge	3.120
surcharges	2.620
sure	5.670
surefire	2.640
surely	4.550
suresh	2.830
surest	2.620
surety	2.820
surf	3.860
surface	4.830
surfaced	3.430
surfaces	4.020
surfacing	2.920
surfactant	2.600
surfactants	2.690
surfboard	2.810
surfed	2.470
surfer	3.300
surfers	3.210
surfing	3.720
surg	2.490
surge	3.820
surged	3.000
surgeon	4.130
surgeon's	2.570
surgeons	3.810
surgeries	3.510
surgery	4.630
surges	3.050
surgical	4.050
surgically	3.060
surging	3.010
suri	2.840
suriname	2.620
surly	2.850
surmise	2.670
surmised	2.640
surmounted	2.790
surname	3.500
surnames	2.890
surpass	3.370
surpassed	3.620
surpasses	3.000
surpassing	3.170
surplus	3.870
surpluses	2.800
surprise	4.750
surprised	4.680
surprises	3.890
surprising	4.280
surprisingly	4.090
surreal	3.590
surrealism	2.780
surrealist	2.750
surrender	4.090
surrendered	3.630
surrendering	3.130
surrenders	2.800
surreptitious	2.280
surreptitiously	2.690
surrey	3.770
surrogacy	2.730
surrogate	3.380
surrogates	2.840
surround	3.790
surrounded	4.360
surrounding	4.490
surroundings	3.790
surrounds	3.460
surry	2.600
surveillance	4.170
survey	4.690
surveyed	3.670
surveying	3.330
surveyor	3.360
surveyors	3.050
surveys	4.000
survivability	2.600
survival	4.370
survivalist	2.520
survive	4.520
survived	4.320
survives	3.550
surviving	4.030
survivor	4.000
survivor's	2.470
survivors	4.100
survivorship	2.420
surya	2.780
sus	3.040
susan	4.240
susan's	2.550
susana	2.670
susanna	3.060
susannah	2.850
susanne	2.720
susceptibility	3.100
susceptible	3.670
sushi	3.680
susie	3.240
suspect	4.510
suspect's	2.830
suspected	4.150
suspecting	2.960
suspects	3.940
suspend	3.680
suspended	4.320
suspenders	2.740
suspending	3.150
suspends	2.860
suspense	3.530
suspenseful	2.750
suspension	4.240
suspensions	3.220
suspicion	3.970
suspicions	3.490
suspicious	4.090
suspiciously	3.080
susquehanna	2.820
suss	2.410
sussex	3.760
sussman	2.470
sustain	3.930
sustainability	3.770
sustainable	4.190
sustainably	2.680
sustained	4.190
sustaining	3.550
sustains	2.890
sustenance	2.990
sutcliffe	2.660
suter	2.490
sutherland	3.470
sutra	2.910
sutras	2.430
sutter	3.080
sutton	3.730
suture	3.020
sutures	2.850
suu	2.740
suv	3.610
suva	2.440
suvs	3.030
suzanne	3.530
suzhou	2.490
suzi	2.470
suzie	2.770
suzuka	2.470
suzuki	3.430
suzy	3.150
suárez	2.990
sv	3.190
svalbard	2.570
svc	2.460
sven	3.240
svenska	2.410
svetlana	2.760
svg	2.660
svoboda	2.420
svp	2.720
svr	2.410
svt	2.680
svu	2.630
sw	3.680
sw00	2.430
swa	2.510
swab	2.830
swabs	2.640
swag	3.190
swagger	3.160
swahili	2.870
swain	3.000
swallow	3.870
swallowed	3.640
swallowing	3.360
swallows	3.210
swam	3.340
swami	3.040
swamp	3.840
swamped	2.990
swamps	3.150
swampy	2.760
swamy	2.610
swan	3.840
swank	2.660
swanky	2.650
swann	3.070
swans	3.330
swansea	3.620
swanson	3.210
swap	3.940
swapped	3.370
swapping	3.320
swaps	3.150
swaraj	2.510
swarm	3.440
swarmed	2.830
swarming	3.000
swarms	2.930
swarovski	2.790
swartz	2.750
swastika	2.970
swastikas	2.480
swat	3.460
swatch	2.810
swatches	2.770
swath	2.830
swathes	2.550
swaths	2.650
swatted	2.430
swatting	2.450
sway	3.650
swayed	3.200
swaying	3.080
sways	2.430
swayze	2.500
swaziland	2.820
swe	2.620
swear	4.510
swearing	3.530
swears	3.180
sweat	4.140
sweated	2.530
sweater	3.780
sweaters	3.270
sweating	3.660
sweatpants	2.820
sweats	3.100
sweatshirt	3.190
sweatshirts	2.810
sweatshop	2.560
sweaty	3.560
swede	3.050
sweden	4.400
sweden's	3.100
swedes	3.250
swedish	4.210
sweeney	3.350
sweep	3.970
sweeper	2.890
sweepers	2.510
sweeping	3.790
sweeps	3.340
sweepstakes	3.050
sweet	4.910
sweeten	2.770
sweetened	3.010
sweetener	2.900
sweeteners	2.850
sweeter	3.320
sweetest	3.410
sweetheart	3.740
sweethearts	2.820
sweetie	3.570
sweetly	3.010
sweetness	3.480
sweets	3.620
sweetwater	2.640
sweety	2.620
swell	3.640
swelled	3.040
swelling	3.680
swells	3.090
sweltering	2.600
swenson	2.510
swept	3.940
swerve	2.950
swerved	2.740
swerving	2.660
swf	2.450
swift	4.150
swift's	2.920
swiftly	3.540
swifts	2.720
swig	2.610
swim	4.210
swimmer	3.490
swimmers	3.450
swimming	4.430
swimming costume	3.990
swimming pool	4.230
swims	3.010
swimsuit	3.280
swimsuits	2.680
swimwear	3.010
swinburne	2.550
swindle	2.670
swindled	2.490
swindon	3.090
swine	3.460
swing	4.340
swinger	2.770
swingers	2.960
swingin	2.480
swinging	3.790
swings	3.660
swinton	2.720
swipe	3.580
swiped	2.910
swipes	2.660
swiping	2.960
swirl	3.160
swirled	2.670
swirling	3.170
swirls	2.710
swish	2.890
swisher	2.480
swiss	4.210
switch	4.600
switchblade	2.410
switchboard	2.810
switched	4.140
switcher	2.510
switches	3.840
switching	4.060
switzer	2.450
switzerland	4.230
switzerland's	2.530
swivel	2.990
swollen	3.570
swoon	2.880
swooning	2.480
swoop	3.200
swooped	2.680
swooping	2.600
swoops	2.440
swoosh	2.470
sword	4.370
swordfish	2.670
swords	3.760
swordsman	2.830
swore	3.530
sworn	3.900
swot	2.670
swt	2.420
swum	2.430
swung	3.470
sx	2.720
sxsw	3.000
sy	3.170
sybil	2.910
sycamore	2.940
sycophants	2.420
syd	3.100
sydenham	2.460
sydney	4.530
sydney's	3.020
syed	3.060
syfy	2.660
sykes	3.290
syllabic	2.340
syllable	3.320
syllables	3.240
syllabus	3.340
sylvain	2.590
sylvan	2.790
sylvania	2.500
sylvester	3.250
sylvia	3.600
sylvie	2.820
sym	2.460
symantec	2.640
symbiosis	2.710
symbiote	2.570
symbiotic	2.930
symbol	4.310
symbolic	3.860
symbolically	2.970
symbolise	2.490
symbolises	2.500
symbolism	3.460
symbolize	3.040
symbolized	2.850
symbolizes	3.040
symbolizing	2.650
symbols	4.050
symmetric	3.210
symmetrical	3.280
symmetrically	2.490
symmetries	2.460
symmetry	3.510
symonds	2.690
symons	2.570
sympathetic	3.810
sympathetically	2.510
sympathies	3.230
sympathise	2.710
sympathize	3.060
sympathized	2.460
sympathizer	2.590
sympathizers	2.890
sympathy	4.010
symphonic	2.840
symphonies	2.790
symphony	3.770
symposia	2.590
symposium	3.610
symptom	3.640
symptomatic	3.090
symptoms	4.480
syn	3.030
synagogue	3.450
synagogues	2.910
synapse	2.760
synapses	2.830
synaptic	3.020
sync	3.860
synced	2.890
synch	2.530
synchro	2.590
synchronicity	2.440
synchronised	2.630
synchronization	3.110
synchronize	2.710
synchronized	3.200
synchronous	3.000
synchrony	2.400
synchrotron	2.650
syncing	2.900
syncs	2.440
syndicate	3.510
syndicated	3.050
syndicates	2.740
syndication	2.800
syndrome	4.230
syndromes	2.870
synergies	2.870
synergistic	2.680
synergy	3.220
synod	3.320
synonym	3.130
synonymous	3.500
synonyms	3.210
synopsis	3.380
synoptic	2.450
syntactic	2.820
syntax	3.530
synth	3.350
synthase	2.650
synthesis	3.840
synthesize	2.940
synthesized	3.240
synthesizer	2.810
synthesizers	2.530
synthesizing	2.570
synthetic	3.950
synthetically	2.240
synthetics	2.560
synths	2.960
syphilis	3.100
syracuse	3.620
syrah	2.440
syria	4.400
syria's	3.050
syriac	2.660
syrian	4.140
syrians	3.140
syringe	3.270
syringes	2.880
syrup	3.760
syrups	2.520
sys	2.780
system	5.560
system's	3.340
systematic	3.870
systematically	3.520
systematics	2.570
systemic	3.740
systemically	2.540
systems	5.070
systolic	2.720
sz	2.600
sánchez	2.870
são	3.340
t	5.430
t's	3.240
t-shirt	4.570
t.c	3.040
t.co	3.490
t.i	2.750
t.j	3.080
t.s	2.660
t.t	2.400
t.v	2.970
t0	2.550
t00	3.750
t000	3.140
t0000	2.570
t1	3.310
t2	3.310
t3	3.100
t4	3.000
t5	2.790
t6	2.760
t7	2.460
t8	2.460
t_t	2.400
ta	4.020
taa	2.530
tab	3.960
tabasco	2.630
tabby	2.790
taber	2.400
tabernacle	3.060
tabitha	2.780
table	5.050
table tennis	4.270
tableau	2.920
tablecloth	2.690
tablecloths	2.430
tabled	2.940
tables	4.290
tablespoon	3.150
tablespoons	3.180
tablet	4.050
tabletop	3.100
tablets	3.910
tableware	2.520
tabloid	3.250
tabloids	2.890
taboo	3.470
taboos	2.810
tabor	2.780
tabs	3.610
tabular	2.440
tabulated	2.500
tac	3.280
tachycardia	2.590
tacit	2.940
tacitly	2.690
taciturn	2.370
taciturnity	0.000
tacitus	2.640
tack	3.370
tacked	2.870
tacking	2.510
tackle	4.150
tackled	3.350
tackles	3.760
tackling	3.500
tacks	2.660
tacky	3.180
taco	3.690
tacoma	3.280
tacos	3.430
tact	3.080
tactful	2.590
tactfully	2.360
tactic	3.710
tactical	3.970
tactically	2.880
tactician	2.570
tactics	4.170
tactile	3.100
tad	3.530
tada	2.560
tadpole	2.510
tadpoles	2.540
tae	3.510
taekwondo	2.840
taf	2.560
tafe	2.590
taffy	2.710
taft	3.250
tag	4.440
tagalog	2.840
taggart	2.940
tagged	3.820
tagging	3.370
tagline	3.060
tagore	2.630
tags	3.820
tah	2.570
taha	2.450
tahir	2.810
tahiti	3.040
tahitian	2.490
tahoe	3.200
tahrir	2.600
tai	3.500
taiga	2.620
taiji	2.550
tail	4.340
tailed	3.360
tailgate	3.020
tailgating	2.800
tailing	2.690
tailings	2.690
tailor	3.610
tailored	3.560
tailoring	3.050
tailors	2.830
tails	3.680
taint	2.980
tainted	3.380
taipei	3.320
tait	2.990
taiwan	4.040
taiwan's	2.790
taiwanese	3.340
taj	3.300
tajik	2.740
tajikistan	3.110
tak	3.240
taka	2.840
takagi	2.400
takahashi	2.820
takashi	2.780
take	5.920
take-off	5.620
takeaway	3.320
takeaways	2.960
takeda	2.720
takedown	3.030
takei	2.510
taken	5.330
takeoff	3.350
takeout	2.940
takeover	3.690
takeovers	2.610
taker	3.230
takers	3.220
takes	5.180
takeshi	2.590
taketh	2.470
taki	2.550
takin	3.210
taking	5.390
takings	2.670
takumi	2.660
tal	3.260
talbot	3.420
talbott	2.410
talc	2.520
talcott	2.400
tale	4.290
talent	4.640
talented	4.300
talents	3.970
tales	4.100
tali	2.550
talia	2.870
talib	2.770
taliban	3.690
talisman	3.060
talk	5.420
talkative	2.970
talked	4.620
talker	2.960
talkers	2.670
talkie	2.820
talkies	2.560
talkin	3.730
talking	5.290
talks	4.610
tall	4.520
talladega	2.550
tallahassee	3.200
taller	3.730
tallest	3.500
talley	2.540
tallied	2.880
tallies	2.770
tallinn	2.750
tallis	2.520
tallow	2.430
tallulah	2.580
tally	3.620
tallying	2.500
talmud	2.960
talmudic	2.430
talon	2.970
talons	2.770
tam	3.280
tama	2.800
tamale	2.480
tamales	2.560
taman	2.530
tamar	2.900
tamara	3.180
tamarind	2.590
tambourine	2.640
tame	3.560
tamed	3.010
tamer	2.740
tami	2.690
tamil	3.760
tamilnadu	2.400
tamils	2.790
taming	2.920
tamir	2.510
tammany	2.530
tammy	3.350
tamoxifen	2.430
tampa	3.920
tamper	2.890
tampered	2.950
tampering	3.180
tampon	2.890
tampons	3.010
tamworth	2.730
tan	4.010
tana	2.820
tanaka	3.270
tandem	3.530
tandy	2.860
tang	3.580
tanganyika	2.680
tangent	3.190
tangential	2.730
tangents	2.490
tangerine	2.940
tangible	3.660
tangier	2.620
tangle	3.100
tangled	3.460
tangles	2.610
tango	3.580
tangy	2.640
tania	3.000
tank	4.570
tank's	2.480
tanked	2.750
tanker	3.440
tankers	3.180
tanking	2.720
tanks	4.270
tanned	3.130
tannehill	2.580
tanner	3.560
tannery	2.420
tannin	2.450
tanning	3.310
tannins	2.600
tans	2.660
tantalise	1.370
tantalisingly	1.750
tantalize	1.770
tantalizing	2.710
tantalizingly	2.000
tantalum	2.450
tantamount	2.930
tanto	2.600
tantra	2.630
tantric	2.680
tantrum	3.130
tantrums	2.980
tanya	3.380
tanzania	3.570
tanzanian	2.720
tao	3.490
taobao	2.400
taoiseach	2.460
taoism	2.490
taoist	2.680
taos	2.710
tap	4.280
tapas	2.860
tape	4.440
taped	3.500
taper	3.300
tapered	3.150
tapering	3.130
tapers	2.590
tapes	3.820
tapestries	2.800
tapestry	3.240
tapeworm	2.520
taping	3.240
tapioca	2.620
tappan	2.540
tapped	3.690
tapper	2.690
tapping	3.760
taps	3.560
tar	3.630
tara	3.660
taran	2.400
tarantino	3.040
tarantula	2.720
tard	2.420
tardiness	2.430
tardis	3.150
tardy	2.690
tarek	2.710
targaryen	2.710
target	4.820
target's	2.930
targeted	4.220
targeting	3.990
targets	4.290
tariff	3.490
tariffs	3.630
tarik	2.640
tariq	3.060
tarmac	3.040
tarn	2.600
tarnish	2.850
tarnished	2.950
taro	2.940
tarot	3.120
tarp	2.980
tarr	2.470
tarragon	2.480
tarrant	2.780
tarred	2.510
tarry	2.430
tars	2.470
tarsus	2.630
tart	3.370
tartan	2.910
tartar	2.880
tartarus	2.430
tarte	2.590
tarts	2.980
taryn	2.420
tarzan	3.170
tas	3.030
taser	3.150
tasered	2.410
tasers	2.570
tash	2.610
tasha	2.930
tashkent	2.510
task	4.650
tasked	3.530
tasker	2.630
taskforce	2.620
tasking	2.760
tasks	4.230
tasman	2.850
tasmania	3.530
tasmanian	3.220
tass	2.610
tassel	2.690
tassels	2.570
taste	4.730
taste-maker	4.110
tastebud	1.150
tasted	3.700
tasteful	3.000
tastefully	2.560
tasteless	3.030
taster	2.710
tastes	4.080
tastic	2.550
tastier	2.460
tasting	3.650
tastings	2.580
tasty	3.840
tat	3.350
tata	3.330
tatar	2.790
tatars	2.790
tate	3.720
tate's	2.430
tater	2.600
tati	2.450
tatiana	3.070
tats	2.680
tatter	1.280
tattered	2.830
tatters	2.580
tattoo	4.140
tattooed	3.400
tattooing	2.750
tattoos	3.840
tatts	2.410
tatum	3.320
tatyana	2.410
tau	3.290
taub	2.470
taught	4.680
taunt	2.960
taunted	2.740
taunting	3.010
taunton	2.950
taunts	2.960
taupe	2.540
taurus	3.250
taut	2.910
tautly	1.520
tavares	2.880
tavern	3.550
taverns	2.740
tavistock	2.570
tawdry	2.440
tawny	2.770
tax	5.140
taxa	2.920
taxable	3.350
taxation	3.810
taxed	3.520
taxes	4.650
taxi	4.190
taxicab	2.600
taxidermy	2.610
taxing	3.410
taxis	3.440
taxon	2.500
taxonomic	2.900
taxonomy	3.080
taxpayer	3.860
taxpayer's	2.470
taxpayers	3.850
tay	3.140
taylor	4.650
taylor's	3.350
taylors	2.610
tayyip	2.580
taz	2.680
tb	3.710
tba	2.740
tbc	2.680
tbd	2.770
tbe	2.560
tbf	2.920
tbh	4.180
tbi	2.750
tbilisi	2.810
tbm	2.500
tbr	2.460
tbs	3.050
tbsp	3.070
tbt	2.420
tc	3.520
tca	2.780
tcc	2.410
tcg	2.540
tch	2.640
tchaikovsky	2.750
tcl	2.530
tcm	2.750
tcp	3.120
tcr	2.530
tcs	2.670
tcu	3.080
td	3.890
td's	2.400
tdd	2.500
tdi	2.570
tdm	2.520
tdp	2.600
tds	3.330
te	4.070
tea	4.730
teach	4.670
teachable	2.530
teacher	4.880
teacher's	3.420
teachers	4.740
teaches	3.950
teaching	4.720
teachings	3.760
teacup	2.710
teague	2.870
teak	2.840
teal	3.250
team	5.670
team's	4.090
teamed	3.600
teaming	3.340
teammate	3.840
teammates	3.980
teams	4.970
teamsters	2.800
teamwork	3.480
teapot	2.910
tear	4.350
teardrop	2.730
teared	2.590
tearful	2.990
tearfully	2.490
tearing	3.790
tears	4.470
teary	2.840
teas	3.170
tease	3.590
teased	3.320
teaser	3.470
teasers	2.740
teases	2.840
teasing	3.550
teaspoon	3.300
teaspoons	2.930
teat	2.500
teatro	2.630
tebow	2.920
tec	3.010
tech	4.690
tech's	2.710
techcrunch	2.660
techie	2.500
techies	2.530
technic	2.420
technica	2.560
technical	4.750
technicalities	2.710
technicality	2.830
technically	4.100
technician	3.700
technicians	3.570
technicolor	2.700
technics	2.440
technique	4.470
techniques	4.510
techno	3.490
technocratic	2.420
technological	4.060
technologically	3.150
technologies	4.320
technologist	2.790
technologists	2.800
technology	5.090
technology's	2.560
techs	2.920
tectonic	3.130
tectonics	2.710
tecumseh	2.540
ted	4.260
ted's	2.740
teddy	3.880
tedious	3.500
tediously	2.010
tedium	2.550
tedx	2.600
tee	3.820
tee-shirt	3.760
teed	2.410
teem	2.070
teeming	2.940
teen	4.330
teen's	2.480
teenage	4.140
teenaged	2.740
teenager	4.090
teenagers	4.010
teens	4.160
teensy	2.410
teeny	3.050
tees	3.320
teesside	2.520
teeter	2.430
teetering	2.560
teeth	4.580
teething	2.840
teflon	2.810
tegan	2.670
teh	3.040
tehran	3.620
tehreek	2.460
tei	2.430
teigen	2.420
teixeira	2.650
tek	2.850
tekken	2.830
tel	3.900
telangana	2.890
telco	2.590
telcos	2.400
tele	3.130
telecast	3.070
telecom	3.580
telecommunication	3.160
telecommunications	3.830
telecoms	2.810
telegram	3.550
telegrams	2.680
telegraph	4.000
telegraphed	2.560
telegraphs	2.490
telegraphy	2.460
telekinesis	2.460
telekom	2.680
telemarketing	2.490
telematics	2.460
telemedicine	2.620
telemetry	3.000
telepathic	2.780
telepathically	2.460
telepathy	2.880
telephone	4.410
telephoned	2.910
telephones	3.180
telephony	2.890
telephoto	2.530
teleport	2.970
teleportation	2.750
teleported	2.530
teleprompter	2.500
telescope	3.750
telescopes	3.230
telescopic	2.780
telescopically	1.270
telethon	2.450
teletubbies	2.400
televised	3.530
television	4.790
television's	2.680
televisions	3.080
telford	2.890
tell	5.530
teller	3.490
tellers	2.780
tellin	3.110
telling	4.920
tells	4.780
telltale	2.900
telluride	2.600
telly	3.200
telnet	2.520
telomeres	2.430
telstra	2.780
telugu	3.170
telus	2.600
tem	2.900
temecula	2.440
temerity	2.420
temp	3.750
tempe	3.010
temper	3.810
tempera	2.420
temperament	3.360
temperamental	2.750
temperamentally	2.010
temperaments	2.410
temperance	3.150
temperate	3.330
temperature	4.640
temperatures	4.330
tempered	3.530
tempering	2.520
tempers	2.810
tempest	3.290
tempestuous	2.490
templar	3.130
templars	2.790
template	3.710
templates	3.300
temple	4.450
temple's	2.470
temples	3.700
templeton	3.000
tempo	3.740
temporal	3.630
temporally	2.430
temporarily	4.060
temporary	4.480
tempore	2.670
temps	3.330
tempt	3.220
temptation	3.720
temptations	3.160
tempted	3.860
tempting	3.650
tempts	2.400
tempura	2.490
ten	5.050
ten's	2.450
tenable	2.400
tenacious	3.040
tenaciously	2.190
tenacity	3.110
tenancies	2.480
tenancy	3.070
tenant	3.780
tenants	3.880
tencent	2.810
tend	4.570
tended	3.750
tendencies	3.590
tendency	3.960
tender	4.090
tendered	3.050
tendering	2.660
tenderloin	2.580
tenderly	2.780
tenderness	3.240
tenders	3.280
tending	3.290
tendon	3.310
tendons	3.010
tendrils	2.620
tends	4.120
tendulkar	2.650
tenement	2.860
tenements	2.600
tenerife	2.890
tenet	3.000
tenets	3.090
tenfold	2.800
teng	2.620
tenn	3.190
tennant	3.090
tenner	2.610
tennessee	4.210
tennessee's	2.520
tennis	4.350
tennyson	2.900
tenor	3.400
tens	3.890
tense	3.950
tensed	2.640
tenses	2.660
tensile	2.960
tension	4.220
tensions	3.780
tensor	3.030
tent	4.050
tentacle	2.670
tentacles	3.200
tentative	3.450
tentatively	3.140
tenth	3.920
tenths	2.970
tents	3.600
tenuous	3.020
tenure	3.930
tenured	2.770
tenures	2.410
tenzin	2.400
teo	2.710
tepid	2.710
tequila	3.480
ter	3.260
tera	2.730
tere	2.500
terence	3.200
teresa	3.710
teresa's	2.420
teri	2.990
teriyaki	2.530
term	5.230
termed	3.620
terminal	4.310
terminally	3.030
terminals	3.610
terminate	3.650
terminated	3.750
terminates	2.990
terminating	3.220
termination	3.730
terminations	2.520
terminator	3.280
termini	2.480
terminology	3.680
terminus	3.180
termite	2.780
termites	2.950
terms	5.100
tern	2.720
ternary	2.520
terns	2.510
terr	2.510
terra	3.440
terrace	3.880
terraced	3.010
terraces	3.290
terracotta	2.830
terrain	3.940
terrains	2.470
terran	2.510
terrance	2.880
terre	3.070
terrell	2.980
terrence	3.150
terrestrial	3.480
terri	3.220
terrible	4.710
terribly	3.910
terrier	3.240
terriers	2.770
terrific	3.900
terrified	3.940
terrifies	2.710
terrify	2.800
terrifying	3.950
terrifyingly	2.460
territorial	3.910
territories	4.020
territory	4.600
territory's	2.460
terror	4.260
terrorism	4.240
terrorist	4.350
terrorists	4.200
terrorize	2.790
terrorized	2.810
terrorizing	2.810
terrors	2.940
terry	4.240
terry's	2.800
terse	2.670
tertiary	3.530
tes	2.970
tesco	3.320
tesla	3.770
tesla's	2.900
tess	3.230
tessa	3.180
test	5.190
testa	2.500
testable	2.480
testament	4.070
testaments	2.570
tested	4.480
tester	3.240
testers	3.010
testes	2.710
testicle	2.830
testicles	3.180
testicular	2.950
testified	3.820
testifies	3.000
testify	3.840
testifying	3.220
testimonial	3.070
testimonials	2.900
testimonies	3.150
testimony	4.170
testing	4.670
testis	2.430
testosterone	3.600
tests	4.670
testy	2.540
tet	2.810
tetanus	2.860
tetchy	1.820
tete	2.590
tether	2.960
tethered	2.940
teton	2.650
tetra	2.720
tetracycline	2.480
tetris	2.930
teutonic	2.750
teva	2.430
tevez	2.500
tew	2.480
tex	3.520
texaco	2.610
texan	3.180
texans	3.540
texarkana	2.620
texas	4.890
text	5.010
text message	4.700
textbook	3.770
textbooks	3.660
texted	3.450
textile	3.750
textiles	3.490
texting	3.710
texts	4.340
textual	3.340
textural	2.500
texture	3.930
textured	3.150
textures	3.480
tf	3.560
tfa	2.530
tfc	2.620
tfl	2.870
tfs	2.510
tft	2.640
tfw	3.090
tg	3.190
tga	2.400
tgf	2.500
tgs	2.450
th	4.200
tha	3.620
thabo	2.540
thacker	2.400
thackeray	2.670
thad	2.890
thaddeus	2.740
thai	4.170
thailand	4.220
thailand's	2.850
thais	2.680
thakur	2.750
thalamus	2.440
thales	2.670
thalia	2.540
thalidomide	2.400
thames	3.730
than	6.130
thane	2.880
thanet	2.600
thang	2.820
thanh	2.490
thani	2.620
thank	5.480
thanked	3.640
thankful	3.930
thankfully	3.800
thanking	3.520
thankless	2.610
thanks	5.430
thanksgiving	4.040
thankyou	3.290
thanos	2.900
thanx	2.410
thar	2.680
that	7.010
that'd	3.750
that'll	3.960
that's	5.860
thatch	2.710
thatched	2.860
thatcher	3.470
thatcher's	2.480
thats	4.520
thaw	3.180
thawed	2.710
thawing	2.670
thay	2.660
thayer	2.960
thc	3.310
the	7.730
thea	2.980
theater	4.350
theater's	2.440
theaters	3.870
theatre	4.520
theatre's	2.710
theatres	3.540
theatrical	3.680
theatrically	2.430
theatrics	2.680
thebes	2.810
thee	4.040
theft	4.130
thefts	2.940
thei	2.410
their	6.330
theirs	3.960
theism	2.590
theistic	2.530
thelma	3.020
them	6.190
thematic	3.330
thematically	2.740
theme	4.620
themed	3.940
themes	4.190
themself	2.600
themselves	5.160
then	6.070
thence	3.070
theo	3.660
theobald	2.530
theocracy	2.590
theocratic	2.470
theodor	2.680
theodora	2.550
theodore	3.670
theodosius	2.420
theologian	3.000
theologians	3.120
theological	3.770
theologically	2.510
theology	3.920
theon	2.570
theophilus	2.490
theorem	3.710
theorems	2.910
theoretic	2.590
theoretical	4.010
theoretically	3.640
theories	4.220
theorist	3.160
theorists	3.420
theorize	2.540
theorized	2.820
theorizing	2.630
theory	4.880
ther	3.100
therapeutic	3.850
therapeutics	3.200
therapies	3.490
therapist	3.970
therapists	3.430
therapy	4.520
there	6.310
there'd	3.290
there'll	3.420
there're	2.800
there's	5.540
thereabouts	2.650
thereafter	3.970
thereby	4.030
therefor	2.910
therefore	4.870
therefrom	2.450
therein	3.420
thereof	3.740
thereon	2.770
theres	3.900
theresa	3.710
therese	2.930
thereto	2.930
thereupon	2.540
therewith	2.520
thermal	4.040
thermally	2.680
thermo	2.850
thermodynamic	2.930
thermodynamics	3.100
thermoelectric	2.470
thermometer	3.220
thermometers	2.540
thermonuclear	2.670
thermoplastic	2.630
thermos	2.650
thermostat	3.100
thermostats	2.540
theron	2.780
theroux	2.480
thes	2.520
thesaurus	2.880
these	6.040
theses	3.210
theseus	2.730
thesis	4.050
thessalonians	2.530
thessaloniki	2.630
thet	2.470
theta	3.160
they	6.500
they'd	4.390
they'll	4.710
they're	5.470
they've	4.760
theyll	2.570
theyre	3.490
theyve	2.600
thf	2.540
thi	3.160
thiago	2.980
thibault	2.440
thibaut	2.430
thicc	2.660
thick	4.460
thicke	2.780
thicken	2.710
thickened	2.890
thickening	2.830
thickens	2.780
thicker	3.600
thickest	2.620
thicket	2.690
thickets	2.490
thickly	2.630
thickness	3.750
thicknesses	2.570
thief	3.880
thiel	2.750
thier	2.990
thierry	3.150
thievery	2.540
thieves	3.830
thieving	2.730
thigh	3.730
thighs	3.670
thimble	2.530
thin	4.470
thine	3.310
thing	5.720
thing's	2.830
thingies	2.400
things	5.740
thingy	3.220
think	6.080
thinker	3.390
thinkers	3.480
thinkin	3.340
thinking	5.240
thinkpad	2.660
thinks	4.780
thinly	3.270
thinned	2.720
thinner	3.560
thinnest	2.670
thinning	3.140
thins	2.570
third	5.320
third person	5.120
thirdly	3.060
thirds	3.910
thirst	3.640
thirsty	3.740
thirteen	3.890
thirteenth	3.360
thirties	3.240
thirtieth	2.480
thirty	4.380
this	6.820
this'll	2.900
thistle	3.240
thistles	2.430
thither	2.520
tho	4.410
thom	3.200
thomas	4.840
thomas's	2.820
thomason	2.410
thompson	4.280
thompson's	2.950
thomson	3.780
thon	2.860
thong	3.160
thongs	2.780
thor	3.690
thor's	2.660
thoracic	3.050
thorax	2.880
thoreau	2.930
thorin	2.610
thorium	2.790
thorn	3.480
thorne	3.300
thornhill	2.710
thorns	3.250
thornton	3.510
thorny	2.930
thorough	3.970
thoroughbred	2.980
thoroughbreds	2.460
thoroughfare	2.910
thoroughfares	2.580
thoroughly	4.090
thoroughness	2.460
thorp	2.530
thorpe	3.320
thos	2.610
those	5.900
thot	2.720
thou	4.160
though	5.500
thought	5.590
thoughtful	3.830
thoughtfully	2.970
thoughtfulness	2.550
thoughtless	2.900
thoughts	4.750
thousand	4.640
thousands	4.770
thousandth	2.550
thr	2.970
thrace	2.670
thracian	2.450
thrall	2.800
thrash	3.150
thrashed	2.850
thrasher	2.650
thrashing	2.990
thread	4.440
threadbare	2.430
threaded	3.230
threading	2.910
threads	3.850
threat	4.600
threaten	3.940
threatened	4.360
threatening	4.190
threatens	3.750
threats	4.280
three	5.780
three's	2.620
threefold	2.690
threes	3.020
threesome	3.330
threesomes	2.540
threshing	2.440
threshold	4.030
thresholds	3.150
threw	4.460
thrice	3.140
thrift	3.400
thrifty	2.860
thrill	3.720
thrilled	3.940
thriller	3.910
thrillers	2.970
thrilling	3.610
thrills	3.160
thrive	3.730
thrived	3.010
thrives	3.100
thriving	3.620
thro	2.630
throat	4.300
throated	2.710
throats	3.370
throb	2.680
throbbing	3.120
throes	2.790
thrombosis	2.860
throne	4.110
thrones	3.800
throng	2.800
throngs	2.440
throttle	3.470
throttled	2.460
throttling	2.640
through	5.870
throughout	4.990
throughput	3.180
throughs	2.420
throw	4.830
throwaway	2.770
throwback	3.250
thrower	2.900
throwers	2.610
throwing	4.400
thrown	4.400
throws	4.080
thru	3.830
thrush	2.830
thrust	3.860
thruster	2.690
thrusters	2.880
thrusting	2.940
thrusts	2.820
ths	2.690
tht	2.680
thu	3.140
thud	2.900
thug	3.480
thugs	3.560
thule	2.600
thumb	4.010
thumbnail	3.240
thumbnails	2.710
thumbs	3.690
thump	2.970
thumped	2.420
thumper	2.450
thumping	3.160
thumps	2.410
thun	2.590
thunder	4.140
thunderbird	2.860
thunderbirds	2.830
thunderbolt	3.090
thunderclap	2.500
thundered	2.450
thundering	2.960
thunderous	2.770
thunders	2.580
thunderstorm	3.250
thunderstorms	3.330
thunk	2.600
thurgood	2.400
thurlow	2.400
thurman	2.930
thurmond	2.540
thurs	2.780
thursday	4.620
thursday's	3.110
thursdays	3.270
thurston	3.110
thus	4.910
thwaites	2.440
thwart	3.060
thwarted	3.150
thwarting	2.700
thx	3.150
thy	4.110
thyme	3.070
thymus	2.580
thyroid	3.530
thyself	2.850
ti	3.850
tia	3.200
tiago	2.570
tian	3.030
tiana	2.500
tiananmen	2.790
tianjin	2.800
tiara	2.980
tiber	2.600
tiberius	2.860
tibet	3.520
tibetan	3.510
tibetans	2.810
tibia	2.900
tibial	2.410
tic	3.210
tick	3.800
ticked	3.060
ticker	3.030
ticket	4.610
ticketed	2.680
ticketing	3.050
ticketmaster	2.710
tickets	4.600
ticking	3.460
tickle	3.240
tickled	3.010
tickles	2.860
tickling	2.930
ticklish	2.620
ticks	3.380
tics	2.640
tid	2.520
tidal	3.700
tidbit	2.570
tidbits	2.700
tide	4.050
tides	3.470
tidewater	2.580
tidings	2.760
tidy	3.530
tidying	2.690
tie	4.510
tiebreaker	2.820
tied	4.470
tien	2.880
tier	4.160
tiered	3.090
tierney	2.810
tierra	2.810
tiers	3.250
ties	4.350
tif	2.400
tiff	3.030
tiffany	3.590
tiffany's	2.770
tiffin	2.540
tig	2.780
tiger	4.300
tiger's	2.780
tigers	4.150
tigger	2.600
tight	4.570
tighten	3.510
tightened	3.290
tightening	3.300
tightens	2.700
tighter	3.580
tightest	2.610
tightly	3.760
tightness	2.960
tightrope	2.720
tights	3.290
tigray	2.430
tigre	2.440
tigress	2.420
tigris	2.770
tijuana	3.030
tik	2.570
tiki	3.100
tikka	2.530
tikrit	2.500
tiktok	2.460
til	4.030
tilapia	2.640
tilbury	2.660
tilda	2.660
tilden	2.550
tile	3.720
tiled	3.000
tiles	3.710
tiling	2.860
till	4.790
tiller	2.950
tillerson	2.610
tilley	2.590
tillman	2.830
tills	2.460
tilly	2.940
tilt	3.660
tilted	3.330
tilting	3.120
tilton	2.450
tilts	2.790
tim	4.510
tim's	2.900
timbaland	2.400
timber	4.010
timbered	2.490
timberlake	3.220
timberland	2.580
timbers	3.170
timberwolves	2.890
timbre	2.640
timbuktu	2.630
time	6.290
time's	3.200
timed	3.620
timeframe	3.160
timelapse	2.460
timeless	3.530
timeline	4.150
timelines	3.180
timeliness	2.670
timely	3.850
timeout	3.210
timeouts	2.550
timepiece	2.540
timer	3.680
timers	3.280
times	5.560
timescale	2.740
timescales	2.460
timeshare	2.630
timeslot	2.510
timestamp	2.620
timetable	3.440
timetables	2.780
timex	2.440
timey	2.470
timezone	2.560
timid	3.250
timidity	2.340
timing	4.290
timings	2.880
timmons	2.480
timmy	3.310
timo	2.650
timon	2.680
timor	3.270
timorese	2.400
timothy	3.820
tims	2.490
timur	2.530
tin	4.030
tina	3.760
tincture	2.670
tindall	2.400
tinder	3.690
tine	2.650
tinfoil	2.520
ting	3.370
tinge	2.830
tinged	3.080
tingle	2.860
tingling	3.100
tingly	2.490
tiniest	3.070
tink	2.720
tinker	3.280
tinkering	2.960
tinkling	2.460
tinned	2.690
tinnitus	2.830
tino	2.630
tins	3.060
tinsel	2.650
tinsley	2.460
tint	3.220
tinted	3.270
tintin	2.700
tinto	2.630
tints	2.600
tiny	4.620
tio	2.670
tioga	2.420
tion	2.790
tip	4.550
tipped	3.670
tipper	2.630
tipperary	2.680
tippett	2.470
tipping	3.560
tippy	2.490
tips	4.580
tipsy	2.870
tiptoe	2.640
tipton	2.850
tir	2.430
tirade	2.870
tiramisu	2.460
tirana	2.510
tire	4.020
tired	4.710
tiredness	2.920
tireless	3.040
tirelessly	3.080
tires	4.030
tiresome	3.080
tiring	3.370
tis	3.600
tisdale	2.610
tish	2.520
tissue	4.320
tissues	3.830
tit	3.480
titan	3.690
titan's	2.510
titanfall	2.630
titania	2.520
titanic	3.590
titanium	3.550
titans	3.900
tite	2.400
tithe	2.880
tithes	2.640
tithing	2.450
titian	2.610
title	5.100
titled	4.100
titles	4.410
tito	3.290
tits	4.000
titties	3.240
tittle	2.550
titty	3.010
titular	2.900
titus	3.320
tivo	2.620
tivoli	2.670
tiwari	2.510
tix	2.490
tj	3.440
tk	3.160
tko	2.710
tl	4.020
tlc	3.300
tls	2.850
tm	3.620
tma	2.510
tmc	2.710
tmi	2.710
tmnt	2.450
tmo	2.450
tmp	2.670
tmr	2.450
tms	2.890
tmt	2.420
tmz	3.130
tn	3.710
tna	3.130
tnc	2.460
tnf	2.820
tng	2.460
tns	2.440
tnt	3.310
to	7.430
toa	2.710
toad	3.340
toads	2.900
toast	3.960
toasted	3.260
toaster	3.330
toasters	2.460
toasting	2.690
toasts	2.660
toasty	2.720
tobacco	4.190
tobago	3.410
tobe	2.570
tobey	2.660
tobi	2.590
tobias	3.290
tobin	3.020
tobruk	2.510
toby	3.670
toc	2.740
tock	2.750
tod	3.160
toda	2.680
today	5.550
today's	4.530
todays	3.100
todd	4.090
todd's	2.630
toddler	3.830
toddlers	3.380
toddy	2.550
todo	2.960
todos	2.610
toe	4.070
toed	2.830
toenail	2.590
toenails	2.810
toes	3.960
toews	2.730
toffee	2.890
tofu	3.290
tog	2.410
toga	2.730
together	5.460
togetherness	2.800
togethers	2.470
toggle	3.090
togo	3.000
toh	2.590
tohoku	2.560
toi	2.920
toil	3.030
toiled	2.610
toilet	4.310
toiletries	2.730
toilets	3.670
toiling	2.630
tok	2.900
toke	2.740
token	3.820
tokens	3.530
toki	2.500
tokio	2.530
tokugawa	2.600
tokyo	4.270
tokyo's	2.550
tol	2.710
told	5.540
toledo	3.520
tolerable	3.110
tolerance	4.060
tolerances	2.800
tolerant	3.580
tolerate	3.840
tolerated	3.540
tolerates	2.620
tolerating	2.750
toleration	2.550
tolkien	3.180
tolkien's	2.660
toll	4.080
tolling	2.660
tolls	3.300
tolman	2.430
tolstoy	3.000
toluene	2.400
tom	4.830
tom's	3.210
toma	2.570
tomahawk	2.890
tomar	2.510
tomas	3.380
tomasz	2.430
tomato	3.850
tomatoes	3.900
tomb	3.890
tomboy	2.790
tombs	3.340
tombstone	3.150
tombstones	2.670
tomcat	2.580
tome	3.210
tomes	2.610
tomi	2.660
tomkins	2.580
tomlin	2.890
tomlinson	3.220
tommaso	2.530
tommie	2.510
tommy	4.160
tommy's	2.730
tomo	2.620
tomography	3.030
tomorrow	5.020
tomorrow's	3.590
tomorrowland	2.490
tomorrows	2.520
tompkins	2.870
toms	3.080
tomás	2.450
ton	4.290
tonal	3.090
tonality	2.450
tone	4.490
toned	3.480
toner	3.070
tones	3.760
tong	3.230
tonga	3.100
tongan	2.520
tongs	2.800
tongue	4.370
tongued	2.640
tongues	3.450
toni	3.560
tonic	3.390
tonics	2.470
tonight	5.030
tonight's	3.660
toning	2.750
tonk	2.600
tonkin	2.640
tonnage	2.940
tonne	3.210
tonnes	3.720
tons	4.460
tonsils	2.790
tonto	2.670
tony	4.640
tony's	3.030
tonya	2.810
too	5.950
took	5.510
tool	4.560
toolbar	2.730
toolbox	2.990
tooling	2.950
toolkit	3.080
tools	4.590
toomey	2.530
toon	3.030
toons	2.520
toot	3.030
tooth	4.080
toothache	2.760
toothbrush	3.380
toothbrushes	2.630
toothed	3.040
toothless	2.960
toothpaste	3.370
toothpick	2.810
toothpicks	2.460
tooting	2.670
toots	2.610
tootsie	2.530
toowoomba	2.840
top	5.570
topanga	2.520
topaz	2.870
topeka	3.100
topic	4.490
topical	3.450
topics	4.270
topless	3.360
topmost	2.450
topo	2.470
topographic	3.020
topographical	2.800
topographically	2.010
topography	3.280
topological	2.950
topology	3.200
topped	3.920
topper	3.110
toppers	2.640
topping	3.560
toppings	3.010
topple	2.950
toppled	2.920
toppling	2.650
topps	2.670
tops	4.070
topshop	2.810
topside	2.410
topsoil	2.550
topsy	2.850
tor	3.570
tora	2.670
torah	3.410
torch	3.740
torched	2.890
torches	3.150
torching	2.420
torchlight	2.440
torchwood	2.690
tore	3.710
tori	3.190
tories	3.760
torino	2.870
torment	3.360
tormented	3.170
tormenting	2.680
torments	2.670
torn	4.080
tornado	3.820
tornadoes	3.270
tornados	2.580
toro	3.240
toronto	4.490
toronto's	3.060
torpedo	3.440
torpedoed	2.570
torpedoes	3.150
torquay	2.820
torque	3.650
torr	2.480
torrance	3.090
torre	2.890
torrens	2.690
torrent	3.430
torrential	2.900
torrents	2.940
torres	3.670
torrey	2.890
torrid	2.640
torrington	2.410
torsion	2.850
torso	3.410
tort	3.100
tortilla	3.060
tortillas	2.930
tortoise	3.260
tortoises	2.780
tortoiseshell	2.360
torts	2.660
tortuous	2.650
torture	4.150
tortured	3.780
tortures	2.840
torturing	3.230
torturous	2.570
torus	2.570
tory	3.900
tos	3.300
tosca	2.470
tosh	2.850
toshiba	3.040
toss	3.910
tossed	3.750
tosses	2.930
tossing	3.390
tot	3.160
total	5.210
totaled	3.370
totaling	3.300
totalitarian	3.210
totalitarianism	2.820
totality	2.980
totalled	2.970
totalling	3.070
totally	4.830
totals	3.480
tote	3.270
totem	3.090
totemic	2.170
totems	2.420
totes	2.940
toth	2.570
toting	2.740
toto	3.150
tots	3.000
tottenham	3.610
totter	2.150
totti	2.410
tou	2.880
touch	4.910
touchdown	3.960
touchdowns	3.580
touche	2.680
touched	4.300
touches	3.980
touching	4.220
touchpad	2.490
touchscreen	3.100
touchstone	2.850
touchy	3.140
touché	2.460
tough	4.770
toughen	2.650
toughened	2.430
tougher	3.660
toughest	3.610
toughness	3.310
toulon	3.030
toulouse	3.220
tour	4.990
tour guide	4.550
tour's	2.730
toure	2.830
toured	3.400
tourette's	2.430
touring	3.890
tourism	4.280
tourist	4.200
touristic	2.440
tourists	4.060
touristy	2.570
tourmaline	2.540
tournament	4.560
tournament's	2.720
tournaments	3.840
tourney	3.090
tourniquet	2.540
tours	4.140
touré	2.440
tous	2.700
toussaint	2.590
tout	3.180
touted	3.190
touting	2.810
touts	2.700
tov	2.680
tove	2.480
tow	3.720
toward	4.720
towards	5.060
towed	3.380
towel	3.940
towels	3.650
tower	4.500
tower's	2.460
towered	2.420
towering	3.250
towers	4.020
towing	3.320
town	5.240
town's	3.600
towne	2.720
townhouse	3.060
townhouses	2.690
towns	4.390
townsend	3.510
townsfolk	2.560
townshend	2.630
township	3.980
townships	3.230
townspeople	2.860
townsville	3.030
towson	2.710
toxic	4.240
toxicity	3.580
toxicology	3.130
toxin	3.300
toxins	3.500
toy	4.300
toyed	2.680
toying	2.990
toyo	2.430
toyota	3.950
toyota's	2.520
toys	4.250
tp	3.430
tpa	2.730
tpb	2.470
tpc	2.590
tpm	2.460
tpp	3.240
tps	2.840
tq	2.460
tr	3.730
tra	3.100
trac	2.540
trace	4.190
traceable	2.800
traced	3.800
tracer	3.190
tracers	2.590
traces	3.890
tracey	3.310
trachea	2.680
traci	2.560
tracing	3.560
track	5.020
tracked	3.950
tracker	3.630
trackers	3.100
tracking	4.250
tracklist	2.470
tracks	4.450
tracksuit	2.700
tract	3.710
traction	3.780
tractor	3.780
tractors	3.310
tracts	3.250
tracy	3.820
trad	2.900
tradable	2.410
trade	5.120
traded	4.150
trademark	3.890
trademarked	2.740
trademarks	3.300
tradeoff	2.660
tradeoffs	2.550
trader	3.770
traders	3.950
trades	4.040
tradesman	2.620
tradesmen	2.810
trading	4.630
tradition	4.500
traditional	4.840
traditionalist	2.750
traditionalists	2.620
traditionally	4.060
traditions	4.100
trae	2.430
trafalgar	3.020
traffic	4.850
traffic jam	4.090
traffic light	4.730
trafficked	3.070
trafficker	2.590
traffickers	3.010
trafficking	3.900
trafford	3.350
tragedies	3.290
tragedy	4.140
tragic	4.080
tragically	3.260
trail	4.450
trailblazer	2.720
trailblazers	2.500
trailed	3.120
trailer	4.320
trailers	3.650
trailhead	2.630
trailing	3.550
trails	3.920
train	4.960
train's	2.660
trained	4.580
trainee	3.430
trainees	3.270
trainer	4.080
trainers	3.720
training	5.180
trainings	2.720
trainor	2.610
trains	4.270
trainspotting	2.460
trainwreck	2.400
trait	3.690
traitor	3.690
traitorous	2.670
traitors	3.440
traits	3.960
trajan	2.490
trajectories	2.920
trajectory	3.610
tram	3.460
tramp	3.210
trample	2.830
trampled	3.070
trampling	2.740
trampoline	3.140
tramps	2.580
trams	3.050
tramway	2.850
tramways	2.740
tran	3.090
trance	3.490
tranche	2.460
trang	2.480
tranny	2.980
tranquil	3.140
tranquilise	0.000
tranquility	3.020
tranquilize	1.580
tranquillity	2.760
trans	4.410
transact	2.670
transaction	4.210
transactional	2.890
transactions	4.220
transatlantic	3.200
transceiver	2.570
transcend	3.100
transcended	2.740
transcendence	2.890
transcendent	2.950
transcendental	3.000
transcending	2.570
transcends	3.010
transcontinental	2.770
transcribe	2.690
transcribed	3.160
transcribing	2.580
transcript	3.700
transcription	3.540
transcriptional	2.780
transcriptions	2.580
transcripts	3.410
transducer	2.840
transducers	2.590
transduction	2.700
transfer	4.720
transferable	3.060
transference	2.730
transferred	4.360
transferring	3.740
transfers	4.020
transfiguration	2.590
transfix	1.440
transfixed	2.520
transform	4.040
transformation	4.210
transformational	3.000
transformations	3.400
transformative	3.140
transformed	4.080
transformer	3.370
transformers	3.570
transforming	3.650
transforms	3.450
transfusion	3.130
transfusions	2.790
transgender	3.910
transgendered	2.430
transgenic	2.780
transgression	2.890
transgressions	2.920
transgressive	2.420
transient	3.370
transients	2.450
transistor	3.210
transistors	3.060
transit	4.200
transiting	2.500
transition	4.460
transitional	3.640
transitioned	3.090
transitioning	3.260
transitions	3.590
transitive	2.760
transitory	2.680
transits	2.530
transl	2.440
translate	3.930
translated	4.150
translates	3.670
translating	3.490
translation	4.390
translational	3.000
translations	3.720
translator	3.670
translators	3.260
transliteration	2.430
translocation	2.720
translucent	3.210
transmembrane	2.510
transmission	4.330
transmissions	3.350
transmit	3.670
transmits	3.020
transmitted	3.870
transmitter	3.590
transmitters	3.090
transmitting	3.430
transmutation	2.570
transnational	3.180
transom	2.440
transparency	3.900
transparent	4.010
transparently	2.680
transphobia	2.590
transphobic	2.730
transpired	3.060
transpires	2.500
transplant	3.760
transplantation	3.230
transplanted	3.060
transplanting	2.460
transplants	3.150
transponder	3.070
transponders	2.500
transport	4.680
transportable	2.410
transportation	4.570
transported	3.880
transporter	3.190
transporters	2.810
transporting	3.590
transports	3.290
transpose	2.540
transposed	2.550
transposition	2.540
transsexual	2.990
transsexuals	2.440
transvaal	2.860
transverse	3.270
transvestite	2.630
transylvania	2.920
trap	4.330
trapdoor	2.490
trapeze	2.690
trapp	2.660
trapped	4.190
trapper	2.950
trappers	2.620
trapping	3.380
trappings	2.890
trappist	2.420
traps	3.760
trash	4.420
trashcan	2.460
trashed	3.210
trashing	2.900
trashy	3.070
trask	2.630
trauma	4.140
traumas	2.790
traumatic	3.790
traumatised	2.640
traumatized	3.170
traumatizing	2.420
trav	2.560
travail	2.510
travel	5.000
travel agent	4.590
traveled	4.060
traveler	3.570
traveler's	2.570
travelers	3.840
traveling	4.270
travelled	3.980
traveller	3.490
travellers	3.680
travelling	4.160
travelogue	2.460
travels	4.050
travers	3.070
traverse	3.400
traversed	2.930
traverses	2.730
traversing	2.910
travesty	3.000
travis	4.010
travolta	2.810
trawl	2.650
trawler	2.670
trawlers	2.550
trawling	2.640
trax	2.540
tray	3.750
trays	3.240
trayvon	2.960
trc	2.480
tre	3.110
treacherous	3.320
treacherously	2.110
treachery	3.130
treacle	2.480
tread	3.520
treading	2.900
treadmill	3.350
treadmills	2.400
treads	2.860
treadwell	2.660
treason	3.840
treasonous	2.680
treasure	4.170
treasured	3.120
treasurer	3.930
treasurers	2.560
treasures	3.700
treasuries	2.720
treasury	4.240
treat	4.750
treatable	2.850
treated	4.710
treaties	3.710
treating	4.270
treatise	3.380
treatises	2.820
treatment	5.010
treatments	4.090
treats	4.060
treaty	4.310
trebek	2.400
treble	3.330
tree	4.850
tree's	2.640
treehouse	2.910
trees	4.690
treetops	2.410
trek	3.960
trekking	3.020
treks	2.530
trellis	2.590
tremaine	2.430
tremblay	2.410
tremble	3.040
trembled	2.550
trembles	2.450
trembling	3.270
tremendous	4.070
tremendously	3.410
tremolo	2.420
tremont	2.550
tremor	3.050
tremors	2.980
tren	2.430
trench	3.700
trenches	3.510
trend	4.510
trended	2.520
trending	3.620
trends	4.320
trendy	3.470
trent	3.800
trenton	3.290
trepidation	2.720
tres	3.060
trespass	3.110
trespasser	2.410
trespassers	2.530
trespasses	2.500
trespassing	3.140
tresses	2.540
trestle	2.640
trev	2.480
trevelyan	2.600
treviso	2.480
trevor	3.860
trey	3.430
tri	3.710
triad	3.230
triads	2.700
triage	2.890
trial	4.870
trials	4.320
triangle	3.930
triangles	3.270
triangular	3.420
triangulation	2.690
triassic	2.790
triathlete	2.460
triathlon	3.250
tribal	4.030
tribalism	2.680
tribals	2.480
tribe	4.120
tribe's	2.530
tribeca	2.910
tribes	4.030
tribesmen	2.830
tribulation	2.730
tribulations	2.830
tribunal	3.880
tribunals	3.080
tribune	3.710
tributaries	3.150
tributary	3.150
tribute	4.250
tributes	3.270
trice	2.400
triceps	2.610
tricia	2.860
trick	4.480
tricked	3.420
trickery	2.950
trickier	2.750
tricking	3.000
trickle	3.250
trickled	2.530
trickling	2.760
tricks	4.150
trickster	2.870
tricky	3.960
tricolor	2.490
tricycle	2.790
trident	3.270
tried	5.160
triennial	2.490
trier	2.850
tries	4.530
trieste	2.800
trifecta	2.810
trifle	2.930
trifling	2.690
trig	2.680
trigger	4.250
triggered	3.990
triggering	3.480
triggers	3.610
triglyceride	2.400
triglycerides	2.650
trigonometric	2.440
trigonometry	2.760
trike	2.420
trilateral	2.430
trill	2.730
trillion	3.790
trillions	3.040
trillium	2.400
trilogy	3.860
trim	3.890
trimble	2.820
trimester	3.070
trimmed	3.470
trimmer	2.780
trimming	3.230
trimmings	2.760
trims	2.770
trina	2.880
trine	2.460
trini	2.430
trinidad	3.650
trinidadian	2.540
trinitarian	2.400
trinity	3.900
trinket	2.700
trinkets	2.870
trio	3.940
triomphe	2.470
trios	2.540
trip	4.900
tripadvisor	2.910
tripartite	2.750
tripe	2.710
triple	4.310
tripled	3.090
triples	2.870
triplet	2.700
triplets	3.050
tripling	2.490
tripod	3.180
tripoli	3.290
tripp	2.880
tripped	3.430
trippin	2.710
tripping	3.520
trippy	2.860
trips	4.230
triptych	2.530
tripura	2.520
tris	3.060
trish	3.060
trisha	2.870
tristan	3.380
tristram	2.710
trite	2.800
tritium	2.660
triton	2.950
triumph	3.960
triumphal	2.650
triumphant	3.370
triumphantly	2.670
triumphed	2.910
triumphs	3.220
triumvirate	2.550
trivia	3.470
trivial	3.660
trix	2.460
trixie	2.930
trna	2.530
tro	2.530
trod	2.540
trodden	2.630
troika	2.520
trois	2.810
trojan	3.410
trojans	3.270
troll	3.730
trolled	2.880
trolley	3.440
trolleys	2.700
trolling	3.440
trollope	2.460
trolls	3.620
trombone	2.970
tron	3.070
trondheim	2.490
troop	3.690
trooper	3.420
troopers	3.340
troops	4.640
trop	2.500
trope	3.100
tropes	3.010
tropez	2.610
trophic	2.510
trophies	3.670
trophy	4.170
tropic	2.830
tropical	4.180
tropicana	2.590
tropics	3.160
trot	3.210
trots	2.420
trotsky	2.870
trott	2.770
trotted	2.710
trotter	2.920
trotting	2.900
troubadour	2.540
trouble	4.790
troubled	3.910
troublemaker	2.700
troublemakers	2.640
troubles	3.990
troubleshoot	2.550
troubleshooting	2.960
troublesome	3.390
troubling	3.500
trough	3.430
troughs	2.710
troupe	3.250
trouser	2.850
trousers	3.700
trout	3.780
trove	3.040
trowbridge	2.500
trowel	2.450
troy	3.950
trp	2.790
trs	2.810
trt	2.560
tru	3.030
truancy	2.470
truant	2.430
truce	3.520
truck	4.640
truck's	2.560
trucker	2.950
truckers	2.950
trucking	3.350
truckload	2.680
trucks	4.200
trudeau	3.440
trudeau's	2.550
trudge	2.400
trudged	2.430
trudging	2.420
trudy	2.780
true	5.400
truely	2.700
truer	2.970
truest	2.920
truex	2.430
truffle	3.060
truffles	2.960
truism	2.410
trujillo	2.750
truly	4.870
truman	3.560
trumbo	2.410
trumbull	2.720
trump	4.930
trump's	4.010
trumped	2.810
trumpet	3.580
trumpeter	2.700
trumpeting	2.460
trumpets	3.150
trumps	3.470
truncated	3.030
trundle	2.500
trunk	4.030
trunks	3.430
truro	2.790
truss	3.290
trusses	2.700
trust	5.130
trust's	2.650
trusted	4.200
trustee	3.680
trustees	3.840
trusting	3.720
trusts	3.800
trustworthiness	2.670
trustworthy	3.510
trusty	3.030
truth	5.050
truthful	3.420
truthfully	3.230
truthfulness	2.590
truths	3.690
trx	2.470
try	5.500
tryin	3.460
trying	5.470
tryna	2.840
tryon	2.520
tryout	2.860
tryouts	2.800
tryptophan	2.590
tryst	2.560
ts	3.670
tsa	3.340
tsai	2.750
tsang	2.630
tsar	3.160
tsarist	2.510
tsarnaev	2.530
tsb	2.480
tsc	2.460
tse	2.920
tseng	2.430
tsh	2.470
tshirt	2.700
tshirts	2.450
tsi	2.420
tsk	3.010
tsm	2.690
tsn	2.660
tso	2.510
tsonga	2.500
tsp	3.250
tsr	2.420
tss	2.680
tsu	2.660
tsui	2.610
tsunami	3.520
tsunamis	2.640
tsung	2.410
tsx	2.670
tt	3.610
ttc	2.880
ttip	2.570
ttl	2.580
ttp	2.610
tts	2.610
ttt	2.600
tu	3.760
tua	2.680
tuam	2.400
tuan	2.670
tuareg	2.530
tub	3.850
tuba	2.840
tubal	2.560
tubbs	2.510
tubby	2.660
tube	4.360
tuber	2.640
tuberculosis	3.580
tubers	2.660
tubes	3.940
tubing	3.290
tubman	2.550
tubs	3.070
tubular	3.240
tuc	2.670
tuck	3.550
tucked	3.620
tucker	3.790
tucker's	2.510
tucking	2.880
tucks	2.630
tucson	3.540
tudor	3.300
tudors	2.430
tue	3.240
tues	2.800
tuesday	4.630
tuesday's	3.190
tuesdays	3.290
tuff	2.990
tuft	2.560
tufted	2.700
tufts	3.100
tug	3.500
tugboat	2.530
tugged	2.640
tugging	2.880
tugs	2.850
tui	2.770
tuition	3.970
tuk	2.650
tula	2.520
tulane	2.900
tulare	2.530
tulip	3.180
tulips	2.950
tull	2.520
tulle	2.620
tully	3.070
tulsa	3.480
tulsi	2.650
tum	3.070
tumble	3.410
tumbled	3.010
tumbler	2.850
tumblers	2.460
tumbles	2.500
tumbleweed	2.540
tumbling	3.240
tumblr	3.740
tummy	3.430
tumor	3.970
tumors	3.620
tumour	3.390
tumours	3.100
tumult	2.700
tumultuous	3.060
tun	2.970
tuna	3.640
tunable	2.470
tunbridge	2.670
tundra	3.080
tune	4.270
tuned	3.870
tuner	2.910
tuners	2.490
tunes	3.820
tung	3.130
tungsten	3.120
tunic	3.080
tunics	2.440
tuning	3.670
tunis	3.000
tunisia	3.570
tunisian	3.200
tunnel	4.240
tunneling	2.900
tunnelling	2.520
tunnels	3.820
tupac	2.980
tupelo	2.600
tuple	2.440
tupper	2.440
tupperware	2.760
tur	2.760
turan	2.460
turban	2.950
turbans	2.450
turbine	3.630
turbines	3.520
turbo	3.740
turbocharged	2.870
turbulence	3.550
turbulent	3.470
turd	3.150
turds	2.550
turf	3.760
turin	3.310
turing	3.190
turismo	2.630
turk	3.300
turkestan	2.540
turkey	4.560
turkey's	3.210
turkeys	3.240
turkic	2.670
turkish	4.280
turkmen	2.720
turkmenistan	2.960
turks	3.660
turley	2.460
turmeric	2.870
turmoil	3.520
turn	5.320
turn to	5.320
turnaround	3.400
turnbull	3.320
turned	5.090
turner	4.190
turner's	2.950
turners	2.520
turnin	2.410
turning	4.710
turnip	2.840
turnips	2.670
turnkey	2.540
turnoff	2.520
turnout	3.680
turnover	3.780
turnovers	3.290
turnpike	3.180
turns	4.760
turnstiles	2.430
turntable	2.960
turntables	2.570
turpentine	2.560
turpin	2.510
turquoise	3.330
turret	3.420
turrets	3.150
turtle	3.910
turtleneck	2.620
turtles	3.720
turvy	2.490
tus	2.490
tuscaloosa	2.860
tuscan	3.020
tuscany	3.150
tusk	2.950
tuskegee	2.670
tusks	2.800
tussle	2.630
tut	2.940
tutelage	2.760
tutor	3.670
tutored	2.720
tutorial	3.800
tutorials	3.460
tutoring	3.200
tutors	3.150
tutsi	2.620
tutti	2.660
tuttle	2.960
tutu	3.020
tux	2.830
tuxedo	3.110
tv	5.200
tv's	3.340
tva	2.540
tvn	2.450
tvs	3.510
tw	3.120
twa	2.780
twain	3.390
twang	2.560
twas	3.010
twat	3.290
twats	2.620
twc	2.550
twd	2.590
tweak	3.270
tweaked	3.080
tweaking	3.130
tweaks	3.150
twee	2.500
tweed	3.250
tweedy	2.400
tween	2.840
tweens	2.420
tweet	4.170
tweeted	4.090
tweeter	2.710
tweeters	2.550
tweeting	3.540
tweets	4.010
tweety	2.450
tweezers	2.770
twelfth	3.510
twelve	4.350
twenties	3.480
twentieth	3.800
twenty	4.650
twenty00	3.260
twerk	2.540
twerking	2.770
twi	2.430
twice	4.840
twickenham	2.880
twig	3.030
twiggy	2.440
twigs	3.120
twilight	3.820
twill	2.660
twin	4.340
twine	2.930
twinge	2.530
twink	2.930
twinkies	2.450
twinkle	3.170
twinkling	2.810
twinks	2.660
twinned	2.400
twinning	2.710
twins	4.150
twirl	2.690
twirling	2.750
twist	4.220
twisted	3.980
twister	3.050
twisters	2.480
twisting	3.470
twists	3.500
twisty	2.730
twit	2.740
twitch	3.760
twitches	2.480
twitching	2.990
twitchy	2.570
twitter	4.830
twitter's	3.010
twitter.com	2.970
two	6.100
two's	2.720
twofold	2.840
twos	2.760
twp	2.630
tx	4.010
txt	3.120
ty	3.730
tycho	2.500
tycoon	3.160
tye	2.730
tying	3.680
tylenol	2.800
tyler	4.170
tyler's	2.930
tyndale	2.430
tyndall	2.500
tyne	3.170
tyneside	2.680
type	5.270
typed	3.520
typeface	2.850
typefaces	2.440
types	4.850
typescript	2.590
typesetting	2.560
typewriter	3.260
typewriters	2.710
typhoid	2.940
typhoon	3.590
typhoons	2.700
typhus	2.760
typical	4.590
typically	4.620
typified	2.720
typing	3.840
typist	2.630
typo	3.300
typographical	2.770
typography	3.010
typology	2.650
typos	3.010
tyr	2.630
tyra	2.860
tyrannical	2.970
tyrannosaurus	2.590
tyranny	3.520
tyrant	3.360
tyrants	2.980
tyre	3.510
tyree	2.480
tyrell	2.940
tyres	3.520
tyrion	3.010
tyrol	2.680
tyrone	3.340
tyrosine	2.860
tyrrell	2.570
tyson	3.630
tyson's	2.440
tywin	2.650
tz	2.450
tzu	3.020
u	5.110
u's	2.530
u.k	3.710
u.n	3.490
u.p	2.560
u.s	5.310
u.s.a	3.620
u.s.c	3.090
u.s.s	2.550
u.s.s.r	2.420
u00	3.520
u000	2.520
u00s	2.770
u2	3.340
ua	3.280
uab	2.620
uae	3.750
uas	2.560
uav	2.930
uavs	2.660
uaw	2.740
ub	2.940
ubc	2.820
uber	3.960
uber's	2.670
ubi	2.770
ubiquitous	3.420
ubiquity	2.660
ubisoft	2.950
ubs	2.880
ubuntu	3.270
uc	3.720
ucas	2.460
ucc	2.780
ucf	2.940
uci	2.930
ucl	3.120
ucla	3.750
uconn	3.090
ucs	2.560
ucsb	2.530
ucsd	2.500
ucsf	2.470
ud	3.180
udaipur	2.560
udall	2.660
uday	2.470
udc	2.490
udo	2.430
udon	2.470
udp	2.750
ue	3.040
uefa	3.530
uf	3.030
ufa	2.570
ufc	3.850
ufo	3.480
ufos	2.920
ug	2.970
uga	2.880
uganda	3.780
uganda's	2.560
ugandan	3.200
ugc	2.620
ugg	2.820
uggs	2.540
ugh	4.220
uglier	2.850
ugliest	2.980
ugliness	2.980
ugly	4.420
ugo	2.540
uh	4.260
uhc	2.410
uhd	2.570
uhf	2.760
uhh	3.450
uhhh	3.010
uhhhh	2.630
uhm	3.120
uhuru	2.630
ui	3.620
uic	2.440
uj	2.460
uk	5.120
uk's	3.650
uke	2.510
ukip	3.580
ukraine	4.320
ukraine's	2.910
ukrainian	4.180
ukrainians	3.080
ukulele	3.010
ul	3.540
ula	2.620
ulcer	3.030
ulcerative	2.640
ulcers	3.090
ulf	2.590
uli	2.530
ullman	2.590
ulm	2.620
ulrich	3.050
ulster	3.550
ult	2.850
ulta	2.600
ulterior	2.890
ultima	2.750
ultimate	4.530
ultimately	4.570
ultimatum	3.250
ultimo	2.570
ultra	4.230
ultralight	2.650
ultras	2.670
ultrasonic	3.090
ultrasound	3.510
ultrasounds	2.410
ultraviolet	3.330
ultron	3.060
ulysses	3.180
um	4.130
uma	2.900
umar	3.070
umass	2.790
umberto	2.620
umbilical	3.020
umbrella	3.890
umbrellas	3.110
umc	2.400
umd	2.400
umi	2.700
uml	2.580
umm	3.570
ummah	2.490
ummm	3.030
ummmm	2.430
umno	2.430
ump	3.010
umpire	3.370
umpires	3.120
umpiring	2.480
un	4.620
un's	2.840
una	3.440
unabashed	2.600
unabashedly	2.540
unabated	2.710
unable	4.610
unabridged	2.640
unacceptable	3.870
unaccompanied	2.980
unaccountable	2.660
unaccounted	2.850
unaccustomed	2.450
unadorned	2.420
unadulterated	2.670
unaffected	3.340
unaffiliated	2.760
unaffordable	2.660
unafraid	2.710
unaided	2.630
unaltered	2.790
unambiguous	2.890
unambiguously	2.710
unanimity	2.540
unanimous	3.680
unanimously	3.620
unannounced	3.050
unanswered	3.310
unanticipated	2.720
unapologetic	2.790
unapologetically	2.610
unappealing	2.610
unappreciated	2.580
unapproved	2.480
unarmed	3.720
unashamedly	2.360
unassailable	2.540
unassisted	2.570
unassuming	2.820
unattached	2.680
unattainable	2.880
unattended	3.180
unattractive	3.360
unauthorised	3.010
unauthorized	3.570
unavailability	2.540
unavailable	3.630
unavoidable	3.350
unaware	3.870
unawares	2.450
unbalanced	3.210
unbearable	3.470
unbearably	2.640
unbeatable	3.180
unbeaten	3.360
unbecoming	2.630
unbeknownst	2.770
unbelief	2.530
unbelievable	4.080
unbelievably	3.420
unbelievers	2.670
unbiased	3.330
unblemished	2.430
unblock	2.720
unblocked	2.590
unborn	3.370
unbound	2.850
unbounded	2.540
unboxing	2.470
unbreakable	3.130
unbridled	2.860
unbroken	3.220
unbuttoned	2.510
unc	3.330
uncalled	2.850
uncanny	3.330
uncapped	2.470
uncaring	2.580
uncensored	3.010
unceremoniously	2.540
uncertain	3.990
uncertainties	3.390
uncertainty	4.030
unchained	2.770
unchallenged	2.870
unchangeable	2.410
unchanged	3.740
unchanging	2.730
uncharacteristic	2.580
uncharacteristically	2.530
uncharted	3.170
unchecked	3.150
uncircumcised	2.430
uncivilized	2.610
unclaimed	2.940
unclassified	2.790
uncle	4.450
uncle's	3.070
unclean	3.060
unclear	3.930
unclearly	1.320
uncles	3.340
uncomfortable	4.190
uncomfortably	3.000
uncommon	3.870
uncommonly	2.580
uncomplicated	2.830
uncompromising	3.080
unconcerned	2.740
unconditional	3.490
unconditionally	3.160
unconfirmed	3.030
unconnected	2.830
unconscionable	2.760
unconscious	3.940
unconsciously	3.040
unconsciousness	2.690
unconstitutional	3.650
uncontested	2.840
uncontrollable	3.160
uncontrollably	2.980
uncontrolled	3.200
unconventional	3.420
unconvinced	2.620
unconvincing	2.690
unconvincingly	1.710
uncooked	2.690
uncool	2.790
uncooperative	2.650
uncoordinated	2.500
uncountable	2.440
uncouth	2.520
uncover	3.480
uncovered	3.730
uncovering	3.050
uncovers	2.840
uncredited	2.540
uncritical	2.400
uncut	3.250
und	3.940
undamaged	2.800
undated	3.040
undaunted	2.690
undead	3.270
undecided	3.200
undeclared	2.670
undefeated	3.620
undefined	3.040
undemocratic	2.850
undemonstrative	1.460
undemonstratively	0.000
undeniable	3.340
undeniably	3.160
under	5.730
underage	3.470
underappreciated	2.650
underbelly	2.740
undercard	2.550
undercarriage	2.540
underclass	2.620
undercooked	2.580
undercover	3.770
undercurrent	2.670
undercut	3.100
undercuts	2.420
undercutting	2.570
underdeveloped	2.990
underdog	3.330
underdogs	2.960
underemployed	2.430
underestimate	3.690
underestimated	3.390
underestimates	2.530
underestimating	2.870
underfoot	2.660
underfunded	2.740
undergarments	2.570
undergo	3.810
undergoes	3.190
undergoing	3.710
undergone	3.580
undergrad	2.850
undergraduate	3.850
undergraduates	3.140
underground	4.320
undergrowth	2.670
underhand	2.490
underhanded	2.480
underhill	2.620
underlie	2.680
underlies	2.680
underline	2.980
underlined	3.100
underlines	2.760
underlings	2.510
underlining	2.690
underlying	4.170
undermine	3.650
undermined	3.320
undermines	3.130
undermining	3.320
underneath	4.080
underpaid	2.850
underpants	2.920
underpass	2.560
underperformed	2.510
underperforming	2.740
underpin	2.670
underpinned	2.690
underpinning	2.880
underpinnings	2.710
underpins	2.490
underprivileged	2.920
underrated	3.610
underrepresented	2.910
underscore	2.970
underscored	2.780
underscores	2.920
underscoring	2.420
undersea	2.860
undersecretary	2.820
underserved	2.810
underside	3.240
undersigned	2.460
undersized	2.590
understaffed	2.590
understand	5.370
understandable	3.740
understandably	3.260
understanding	4.820
understandings	2.960
understands	4.130
understated	3.110
understatement	3.360
understood	4.580
understudy	2.750
undertake	3.730
undertaken	3.850
undertaker	3.180
undertakes	2.950
undertaking	3.720
undertakings	2.890
undertale	2.570
undertone	2.620
undertones	2.810
undertook	3.440
undertow	2.430
underused	2.460
underutilized	2.520
undervalued	2.910
underwater	3.920
underway	3.870
underwear	3.960
underweight	2.830
underwent	3.650
underwhelmed	2.500
underwhelming	2.940
underwood	3.460
underworld	3.460
underwrite	2.550
underwriter	2.640
underwriters	2.840
underwriting	3.140
underwritten	2.610
undeserved	2.690
undeserving	2.640
undesirable	3.360
undesired	2.550
undetectable	2.830
undetected	3.030
undetermined	2.890
undeterred	2.560
undeveloped	3.110
undiagnosed	2.780
undid	2.530
undies	2.890
undifferentiated	2.490
undignified	2.490
undiminishing	0.000
undisciplined	2.650
undisclosed	3.370
undiscovered	3.000
undisputed	3.260
undisturbed	2.990
undivided	3.050
undo	3.570
undocumented	3.440
undoing	3.080
undone	3.370
undoubted	2.610
undoubtedly	3.880
undp	2.740
undrafted	2.660
undreamed	1.690
undress	2.870
undressed	2.960
undressing	2.620
undue	3.290
undulating	2.890
unduly	2.980
undying	2.910
une	3.340
unearned	2.710
unearth	2.690
unearthed	3.190
unearthly	2.440
unease	2.780
uneasily	2.330
uneasiness	2.510
uneasy	3.450
unedited	2.770
uneducated	3.240
unelected	2.770
unemployed	3.900
unemployment	4.220
unencumbered	2.600
unending	2.950
unenforceable	2.710
unenthusiastic	2.250
unenviable	2.260
unenviably	0.000
unep	2.460
unequal	3.300
unequivocal	2.910
unequivocally	3.060
unesco	3.550
unethical	3.310
uneven	3.550
unevenly	2.660
uneventful	2.910
unexceptional	2.050
unexceptionally	0.000
unexcused	1.880
unexpected	4.230
unexpectedly	3.710
unexplainable	2.590
unexplained	3.280
unexploded	2.520
unexplored	2.880
unfailing	2.510
unfair	4.170
unfairly	3.360
unfairness	2.810
unfaithful	3.070
unfamiliar	3.620
unfashionable	2.440
unfathomable	2.910
unfavorable	3.210
unfavorably	2.510
unfavourable	2.790
unfazed	2.480
unfeasible	2.490
unfeasibly	1.250
unfeeling	2.400
unfettered	2.890
unfilled	2.600
unfiltered	2.860
unfinished	3.720
unfit	3.520
unflattering	2.760
unflinching	2.590
unfocused	2.530
unfold	3.450
unfolded	3.160
unfolding	3.330
unfolds	3.150
unfollow	2.470
unforced	2.410
unforeseen	3.170
unforgettable	3.490
unforgivable	3.010
unforgiving	2.950
unfortunate	4.120
unfortunately	4.620
unfounded	3.230
unfriendly	3.100
unfulfilled	2.930
unfunded	2.730
unfunny	2.640
unfurled	2.550
ung	2.660
ungainly	2.420
unger	2.680
ungodly	2.910
ungrateful	3.330
unguarded	2.750
unhappily	2.560
unhappiness	3.150
unhappy	4.060
unharmed	3.120
unharried	0.000
unhcr	2.920
unhealthy	3.720
unheard	3.370
unhelpful	2.990
unhindered	2.540
unhinged	3.020
unholy	3.070
unhurt	2.520
uni	3.690
unicef	3.230
unicode	2.860
unicorn	3.540
unicorns	3.090
unidentified	3.610
unidirectional	2.400
unification	3.360
unified	3.870
uniform	4.330
uniformed	3.180
uniformity	3.030
uniformly	3.190
uniforms	3.880
unify	3.070
unifying	3.150
unilateral	3.350
unilaterally	3.120
unilever	2.880
unimaginable	3.150
unimaginably	2.340
unimaginative	2.540
unimpeded	2.530
unimportant	3.230
unimpressed	2.920
unimpressive	2.550
unincorporated	2.980
uninformed	2.990
uninhabitable	2.710
uninhabited	3.010
uninhibited	2.590
uninitiated	2.700
uninjured	2.650
uninspired	2.700
uninspiring	2.550
uninstall	2.950
uninstalled	2.420
uninsured	3.230
unintelligent	2.490
unintelligible	2.820
unintended	3.280
unintentional	3.120
unintentionally	3.210
uninterested	3.020
uninteresting	2.870
uninterrupted	3.250
uninvited	2.850
union	5.080
union's	3.240
unionism	2.720
unionist	3.290
unionists	3.180
unionization	2.600
unionize	2.460
unionized	2.750
unions	4.240
uniqlo	2.510
unique	4.750
uniquely	3.540
uniqueness	3.210
unis	2.830
unisex	3.000
unison	3.270
unit	4.950
unit's	2.920
unitarian	2.900
unitary	3.060
unite	3.900
united	5.470
united's	3.180
unites	3.150
uniting	3.310
units	4.770
unity	4.220
univ	3.110
universal	4.490
universalism	2.450
universalist	2.630
universality	2.730
universally	3.630
universe	4.590
universe's	2.590
universes	3.100
universidad	2.730
universities	4.360
university	5.390
university's	3.780
université	2.530
univision	2.780
unix	3.310
unjust	3.430
unjustifiable	2.600
unjustified	3.030
unjustly	2.930
unkempt	2.640
unkind	2.990
unknowable	2.660
unknowing	2.510
unknowingly	3.110
unknown	4.530
unknowns	2.960
unlawful	3.720
unlawfully	3.090
unleaded	2.520
unlearn	2.450
unleash	3.410
unleashed	3.470
unleashes	2.770
unleashing	2.850
unless	4.980
unlicensed	3.100
unlike	4.570
unlikely	4.310
unlimited	4.100
unlisted	2.740
unlit	2.440
unload	3.240
unloaded	3.180
unloading	3.240
unlock	3.900
unlocked	3.760
unlocking	3.270
unlocks	2.970
unloved	2.790
unlucky	3.630
unlv	2.650
unmade	2.400
unmanageable	2.680
unmanned	3.280
unmarked	3.240
unmarried	3.470
unmask	2.480
unmasked	2.790
unmasking	2.430
unmatched	3.130
unmediated	1.870
unmet	2.730
unmistakable	3.080
unmistakably	2.630
unmitigated	2.640
unmodified	2.590
unmotivated	2.530
unmoved	2.680
unmusical	1.450
unmusically	0.000
unnamed	3.570
unnatural	3.480
unnaturally	2.600
unnecessarily	3.420
unnecessary	4.180
unneeded	2.640
unnerve	1.910
unnerved	2.510
unnerving	2.850
unnervingly	1.750
unni	2.410
unnoticed	3.420
uno	3.280
unobstructed	2.650
unobtrusive	2.650
unobtrusively	2.060
unobtrusiveness	0.000
unoccupied	2.930
unofficial	3.660
unofficially	2.940
unopened	2.940
unopposed	2.860
unorganized	2.820
unoriginal	2.560
unorthodox	3.160
unpack	3.040
unpacked	2.800
unpacking	2.890
unpaid	3.730
unpainted	2.440
unpalatable	2.560
unparalleled	3.200
unpatriotic	2.610
unpaved	2.440
unplanned	3.140
unplayable	2.580
unpleasant	3.800
unpleasantness	2.520
unplug	2.950
unplugged	3.110
unpopular	3.720
unpopularity	2.620
unprecedented	3.820
unpredictability	2.740
unpredictable	3.680
unprepared	3.270
unpretentious	2.590
unprocessed	2.590
unproductive	3.100
unprofessional	3.260
unprofitable	2.910
unpromising	2.120
unprotected	3.290
unproven	2.950
unprovoked	2.830
unpublished	3.410
unpunished	2.850
unqualified	3.190
unquestionable	2.620
unquestionably	3.190
unquestioned	2.540
unranked	2.570
unravel	3.190
unraveled	2.550
unraveling	2.870
unravelling	2.430
unravels	2.400
unreachable	2.660
unread	2.710
unreadable	2.620
unreal	3.590
unrealistic	3.540
unrealized	2.630
unreasonable	3.750
unreasonably	2.920
unrecognizable	2.760
unrecognized	2.850
unrecorded	2.490
unrefined	2.470
unregistered	3.030
unregulated	3.070
unrelated	3.800
unreleased	3.240
unrelenting	2.920
unreliability	2.400
unreliable	3.530
unreliably	1.330
unremarkable	2.830
unrepentant	2.610
unreported	2.910
unrequited	2.780
unreserved	2.540
unreservedly	2.480
unresolved	3.300
unresponsive	2.990
unrest	3.610
unrestrained	2.700
unrestricted	3.270
unrivaled	2.520
unrivalled	2.800
unruly	3.080
unrwa	2.500
uns	2.760
unsafe	3.670
unsaid	2.690
unsalted	2.520
unsanitary	2.700
unsatisfactory	3.050
unsatisfied	2.980
unsatisfying	2.570
unsaturated	2.710
unsavory	2.720
unsc	2.640
unscathed	2.990
unscathing	0.000
unscheduled	2.760
unscientific	2.750
unscrew	2.450
unscripted	2.550
unscrupulous	3.070
unsealed	2.660
unseat	2.590
unsecured	3.150
unsee	2.610
unseemly	2.670
unseen	3.610
unselfish	2.720
unser	2.550
unsettle	2.270
unsettled	3.220
unsettling	3.290
unshakable	2.430
unsightly	2.790
unsigned	3.170
unskilled	3.050
unsold	2.880
unsolicited	3.200
unsolved	3.280
unsophisticated	2.570
unsound	2.720
unspeakable	3.120
unspecified	3.300
unspoiled	2.570
unspoken	3.170
unsportsmanlike	2.470
unstable	3.870
unsteady	2.730
unstoppable	3.480
unstructured	2.760
unstuck	2.500
unsub	2.450
unsubscribe	3.030
unsubstantiated	2.880
unsuccessful	3.730
unsuccessfully	3.280
unsuitable	3.270
unsuited	2.500
unsullied	2.520
unsung	2.910
unsupervised	2.920
unsupported	2.990
unsure	3.750
unsurpassed	2.710
unsurprising	2.690
unsurprisingly	3.010
unsuspected	2.160
unsuspecting	3.140
unsustainable	3.150
unsustainably	1.620
unsweetened	2.530
unsympathetic	2.670
unt	2.680
untainted	2.400
untalented	2.180
untamed	2.750
untangle	2.540
untangled	2.030
untapped	2.940
untenable	3.010
untested	2.850
unthinkable	3.270
unthinkably	1.510
untidy	2.610
untie	2.510
untied	2.730
until	5.610
untill	2.970
untimely	3.120
untitled	3.230
unto	3.960
untold	3.320
untouchable	3.110
untouchables	2.510
untouched	3.420
untoward	2.700
untraceable	2.460
untrained	3.030
untreated	3.330
untrimmed	1.840
untrue	3.410
untrustworthy	2.830
unturned	2.730
unusable	2.970
unused	3.640
unusual	4.450
unusually	3.760
unusualness	1.090
unveil	3.200
unveiled	3.760
unveiling	3.220
unveils	3.090
unverified	2.720
unwanted	3.780
unwarranted	3.110
unwashed	2.720
unwavering	3.010
unwaveringly	1.720
unwed	2.520
unwelcome	3.140
unwell	3.140
unwieldy	2.810
unwilling	3.700
unwillingly	2.560
unwillingness	3.110
unwin	2.830
unwind	3.090
unwinding	2.620
unwise	3.090
unwitting	2.650
unwittingly	3.070
unworkable	2.630
unworldly	1.870
unworthy	3.200
unwrap	2.560
unwrapped	2.550
unwritten	3.050
unyielding	2.670
unzip	2.550
unzipped	2.560
uo	2.750
up	6.390
up's	2.570
up-to-date	5.190
upa	2.750
upbeat	3.530
upbringing	3.430
upc	2.660
upcoming	4.340
update	4.690
updated	4.550
updates	4.310
updating	3.690
updike	2.440
upfront	3.480
upgrade	4.240
upgraded	3.930
upgrades	3.780
upgrading	3.620
upham	2.550
upheaval	3.130
upheavals	2.670
upheld	3.590
uphill	3.380
uphold	3.520
upholding	3.170
upholds	2.820
upholstered	2.650
upholstery	2.940
upi	3.000
upkeep	3.240
upland	3.070
uplands	2.770
uplift	3.270
uplifted	2.680
uplifting	3.320
uplink	2.730
upload	3.990
uploaded	3.920
uploading	3.430
uploads	3.130
upmarket	2.640
upon	5.120
upped	3.070
upper	4.720
uppercase	2.470
uppercut	2.630
uppermost	2.700
uppers	2.690
upping	2.850
uppity	2.480
uppsala	2.770
upright	3.740
uprights	2.420
uprising	3.740
uprisings	2.970
upriver	2.640
uproar	3.160
uproot	2.630
uprooted	2.840
uprooting	2.470
ups	4.410
upscale	3.290
upset	4.610
upsets	3.320
upsetting	3.570
upshot	2.680
upside	4.010
upside down	4.000
upstairs	3.870
upstanding	2.770
upstart	2.840
upstate	3.340
upstream	3.560
upsurge	2.680
upswing	2.660
uptake	3.280
uptick	2.790
uptight	2.880
uptime	2.780
upto	3.210
upton	3.380
uptown	3.310
upturn	2.480
upturned	2.650
upward	3.710
upwardly	2.560
upwards	3.750
ur	3.910
ural	2.610
urals	2.530
uranium	3.850
uranus	3.010
urban	4.650
urbana	3.130
urbane	2.460
urbanisation	2.660
urbanism	2.590
urbanization	3.040
urbanized	2.670
urchin	2.790
urchins	2.620
urdu	3.260
ure	2.840
urea	2.840
urethane	2.410
urethra	2.850
urge	4.110
urged	4.010
urgency	3.550
urgent	4.150
urgently	3.480
urges	3.690
urgh	2.800
urging	3.680
uri	3.260
uriah	2.570
uribe	2.680
uric	2.640
uriel	2.590
urinal	2.780
urinals	2.490
urinary	3.310
urinate	2.810
urinating	2.800
urination	2.720
urine	3.840
url	3.860
urls	2.780
urn	3.240
urns	2.710
urologist	2.520
urology	2.810
urquhart	2.690
urs	2.860
ursa	2.620
ursula	3.180
uruguay	3.700
uruguayan	2.960
us	6.040
us's	2.730
us00	2.420
usa	4.790
usa's	2.910
usability	3.010
usable	3.530
usaf	3.020
usage	4.230
usages	2.670
usagi	2.440
usaid	2.960
usain	2.950
usb	3.980
usc	3.730
uscg	2.420
usd	3.970
usda	3.450
use	5.810
useable	2.610
used	5.800
used to	5.790
useful	4.720
usefully	2.580
usefulness	3.330
useless	4.220
usenet	2.630
user	4.690
user's	3.330
username	3.760
usernames	2.890
users	4.800
uses	4.880
usf	2.780
usg	2.530
usgs	3.060
usher	3.510
ushered	3.070
ushering	2.610
ushers	2.700
using	5.470
usl	2.650
usm	2.570
usman	2.700
usmc	2.820
usn	2.750
uso	2.840
usp	2.900
usps	3.180
usr	2.560
uss	3.450
ussr	3.800
ust	3.120
usu	2.400
usual	4.620
usually	5.150
usurp	2.700
usurped	2.780
usurper	2.590
usurping	2.400
usury	2.540
ut	3.720
uta	2.690
utah	4.230
utah's	2.700
utc	3.700
utd	2.990
ute	3.030
utensil	2.520
utensils	3.200
uterine	3.020
utero	2.700
uterus	3.400
utes	2.700
utf	2.420
uther	2.460
uti	2.740
utica	2.990
utilisation	2.750
utilise	2.960
utilised	3.150
utilising	2.850
utilitarian	3.050
utilitarianism	2.510
utilities	3.890
utility	4.270
utilization	3.500
utilize	3.750
utilized	3.830
utilizes	3.270
utilizing	3.630
utley	2.640
utmost	3.610
utopia	3.390
utopian	3.150
utrecht	2.990
uts	2.580
uttar	3.220
uttarakhand	2.600
utter	3.850
utterance	2.720
utterances	2.640
uttered	3.180
uttering	2.690
utterly	4.020
utters	2.490
utv	2.490
uu	2.700
uv	3.630
uva	3.120
uw	3.230
uwe	2.560
uwu	2.600
ux	3.170
uxbridge	2.660
uyghur	2.560
uzbek	2.850
uzbekistan	3.230
uzi	2.990
v	5.060
v's	2.810
v.a	2.520
v.i.p	2.440
v.p	2.430
v.s	2.470
v0.0	3.050
v0.0.0	2.570
v00	3.500
v000	2.800
v1	3.080
v2	3.420
v3	3.020
v4	2.840
v5	2.560
v6	3.240
v7	2.420
v8	3.540
va	4.260
vaal	2.400
vac	2.950
vaca	2.570
vacancies	3.490
vacancy	3.650
vacant	3.800
vacate	3.140
vacated	3.300
vacating	2.410
vacation	4.400
vacationing	2.860
vacations	3.510
vaccinate	2.730
vaccinated	3.320
vaccinating	2.410
vaccination	3.590
vaccinations	3.130
vaccine	4.000
vaccines	3.760
vacuous	2.540
vacuum	4.090
vacuuming	2.670
vacuums	2.520
vader	3.290
vadim	2.710
vag	2.700
vagabond	2.780
vagaries	2.590
vagina	3.820
vaginal	3.440
vaginas	2.910
vagrant	2.760
vagrants	2.430
vague	3.870
vaguely	3.470
vagueness	2.580
vai	2.530
vail	3.060
vain	3.740
val	3.710
valance	2.450
valdes	2.660
valdez	2.970
vale	3.620
valedictorian	2.720
valence	2.900
valencia	3.620
valenti	2.400
valentin	2.880
valentina	3.090
valentine	3.770
valentine's	3.780
valentines	3.090
valentino	3.130
valenzuela	2.400
valera	2.540
valeri	2.470
valeria	2.700
valerian	2.580
valerie	3.590
valery	2.680
valet	3.170
valhalla	2.960
valiant	3.310
valiantly	2.630
valid	4.380
validate	3.400
validated	3.380
validates	2.710
validating	2.960
validation	3.680
validity	3.700
validly	2.530
valium	2.950
valkyrie	3.060
valladolid	2.460
vallarta	2.550
valle	2.940
vallejo	2.770
valletta	2.410
valley	4.720
valley's	2.810
valleys	3.640
valli	2.530
valor	3.230
valour	2.910
valparaiso	2.710
valuable	4.510
valuables	3.100
valuation	3.750
valuations	3.130
value	5.150
valued	4.070
values	4.670
valuing	3.080
valve	4.130
valverde	2.700
valves	3.590
vamos	2.780
vamp	2.860
vampire	4.030
vampires	3.590
vamps	2.590
van	4.780
vanadium	2.560
vance	3.440
vancouver	4.160
vancouver's	2.710
vandal	2.790
vandalised	2.440
vandalism	3.330
vandalize	2.190
vandalized	2.870
vandals	2.970
vandenberg	2.650
vander	2.550
vanderbilt	3.270
vandy	2.480
vane	3.000
vanessa	3.720
vanguard	3.530
vanilla	3.840
vanish	3.390
vanished	3.720
vanishes	3.020
vanishing	3.270
vanities	2.520
vanity	3.740
vann	2.600
vanna	2.400
vanquish	2.620
vanquished	2.910
vans	3.570
vantage	3.280
vanuatu	2.780
vanya	2.440
vape	3.230
vapid	2.500
vaping	3.090
vapor	3.560
vaporize	2.470
vaporized	2.650
vaporizer	2.520
vapors	2.770
vapour	3.020
var	3.650
varanasi	2.970
vardy	2.690
varela	2.430
varga	2.470
vargas	3.330
variability	3.380
variable	4.120
variables	3.970
varian	2.560
variance	3.450
variances	2.650
variant	3.780
variants	3.700
variation	4.080
variations	4.090
varicose	2.530
varied	4.030
variegated	2.620
varies	3.940
varietal	2.470
varieties	3.950
variety	4.750
various	5.120
variously	3.190
varma	2.470
varna	2.780
varney	2.470
varnish	3.030
varsity	3.700
varun	2.660
varus	2.410
vary	4.250
varying	3.970
vas	3.020
vasco	2.680
vascular	3.510
vase	3.540
vasectomy	2.700
vaseline	2.780
vases	3.110
vasily	2.520
vasquez	2.960
vassal	2.920
vassals	2.860
vassar	2.610
vast	4.490
vastly	3.620
vastness	2.660
vat	3.540
vatican	3.790
vats	2.710
vaudeville	2.850
vaughan	3.430
vaughn	3.320
vault	3.900
vaulted	3.080
vaulting	2.710
vaults	3.200
vaunted	2.530
vauxhall	3.070
vax	2.730
vaz	2.650
vazquez	2.600
vb	3.070
vba	2.440
vc	3.530
vcr	2.950
vcs	2.710
vcu	2.680
vd	2.700
ve	4.560
veal	3.080
vecchio	2.540
vector	3.990
vectors	3.460
ved	2.450
veda	2.880
vedanta	2.620
vedas	2.780
vedder	2.470
vedic	3.060
vee	3.030
veep	2.610
veer	3.020
veered	2.730
veering	2.550
veers	2.540
veg	3.300
vega	3.420
vegan	3.950
veganism	2.660
vegans	3.080
vegas	4.420
vegemite	2.400
vegeta	2.820
vegetable	3.940
vegetables	4.150
vegetarian	3.780
vegetarianism	2.600
vegetarians	3.000
vegetation	3.770
vegetative	2.920
veggie	3.260
veggies	3.470
vehement	2.620
vehemently	3.170
vehicle	4.760
vehicle's	2.940
vehicles	4.620
vehicular	3.050
veil	3.660
veiled	3.260
veils	2.850
vein	3.770
veins	3.760
vel	2.620
vela	2.650
velasco	2.490
velasquez	2.660
velazquez	2.420
velcro	2.920
velez	2.410
vella	2.510
vellum	2.550
velma	2.620
velocities	2.910
velocity	3.920
velodrome	2.610
velour	2.440
velvet	3.770
velvety	2.690
ven	2.950
vena	2.490
venables	2.520
vendetta	3.170
vending	3.370
vendor	3.790
vendors	3.770
veneer	3.130
veneers	2.510
venerable	3.270
venerate	2.280
venerated	2.710
veneration	2.870
venereal	2.520
venetian	3.300
venetians	2.540
veneto	2.570
venezia	2.530
venezuela	3.930
venezuela's	2.740
venezuelan	3.430
venezuelans	2.640
vengeance	3.680
vengeful	3.000
venice	3.930
venison	2.890
venmo	2.420
venn	2.750
venom	3.570
venomous	3.080
venomously	1.280
venous	2.930
vent	3.800
vented	2.970
venter	2.510
venti	2.410
ventilate	2.290
ventilated	2.900
ventilation	3.600
ventilator	2.970
ventilators	2.510
venting	3.140
ventral	3.060
ventricle	2.740
ventricles	2.410
ventricular	2.930
ventriloquist	2.450
vents	3.320
ventura	3.340
venture	4.260
ventured	3.280
ventures	3.760
venturi	2.540
venturing	2.980
venue	4.250
venues	3.920
venus	3.810
ver	3.420
vera	3.710
veracity	2.940
veracruz	2.760
veranda	2.890
verandah	2.630
verb	3.720
verbal	3.910
verbally	3.410
verbatim	3.070
verbiage	2.430
verbose	2.440
verbs	3.440
verdant	2.700
verde	3.290
verdes	2.560
verdi	2.820
verdict	4.030
verdicts	2.890
verdun	2.660
vere	2.710
vergara	2.670
verge	3.670
verges	2.410
vergil	2.520
verging	2.440
verifiable	2.940
verification	3.700
verified	3.940
verifies	2.570
verify	3.880
verifying	3.090
verily	2.800
verisimilitude	2.180
veritable	3.010
veritas	2.840
verity	2.820
verizon	3.680
verlag	3.150
verlander	2.560
verma	2.770
vermeer	2.630
vermilion	2.750
vermillion	2.570
vermin	2.960
vermont	3.840
vermouth	2.590
vern	2.910
verna	2.590
vernacular	3.230
vernal	2.560
verne	2.920
vernon	3.780
vero	2.810
verona	3.130
veronica	3.560
veronika	2.510
vers	2.670
versa	3.720
versace	3.020
versailles	3.280
versatile	3.660
versatility	3.320
verse	4.180
versed	3.220
verses	3.820
version	5.070
versions	4.350
verso	2.720
verstappen	2.600
versus	4.320
vert	2.990
vertebra	2.770
vertebrae	3.210
vertebral	2.810
vertebrate	2.970
vertebrates	2.960
vertex	3.210
vertical	4.150
vertically	3.460
verticals	2.450
vertices	2.960
vertigo	3.160
verve	2.850
very	6.000
ves	2.550
vesicle	2.420
vesicles	2.750
vespa	2.590
vesper	2.450
vespers	2.440
vessel	4.270
vessel's	2.410
vessels	4.200
vest	3.730
vesta	2.590
vestal	2.470
vested	3.450
vestibular	2.530
vestibule	2.730
vestige	2.540
vestiges	2.780
vestigial	2.470
vestigially	0.000
vesting	2.520
vestments	2.530
vestry	2.730
vests	3.190
vesuvius	2.670
vet	3.900
veteran	4.210
veteran's	2.810
veterans	4.340
veterinarian	3.190
veterinarians	2.890
veterinary	3.750
veto	3.650
vetoed	3.040
vetoes	2.510
vets	3.510
vetted	3.050
vettel	3.250
vetting	3.110
vevo	2.610
vex	2.850
vexed	2.810
vexing	2.580
vey	2.600
vf	2.910
vfl	3.120
vfr	2.450
vfw	2.480
vfx	2.750
vg	3.110
vga	2.800
vh	2.570
vh1	2.850
vhf	2.790
vhs	3.300
vi	4.090
via	5.020
viability	3.440
viable	3.960
viacom	2.760
viaduct	2.770
viagra	3.240
vial	3.100
vials	3.000
vibe	3.940
viber	2.410
vibes	3.550
vibrancy	2.540
vibrant	3.670
vibrate	3.060
vibrates	2.810
vibrating	3.330
vibration	3.590
vibrational	2.720
vibrations	3.420
vibrato	2.560
vibrator	3.110
vibrators	2.570
vic	3.840
vicar	3.370
vicarage	2.700
vicarious	2.600
vicariously	2.720
vicars	2.400
vice	4.710
vice president	4.640
vicente	3.060
viceroy	3.080
vices	3.010
vichy	2.740
vicinity	3.800
vicious	3.830
viciously	2.930
vick	3.100
vickers	3.100
vickery	2.480
vicki	3.220
vickie	2.660
vicksburg	2.840
vicky	3.350
vicodin	2.540
vict	2.410
victim	4.560
victim's	3.550
victimhood	2.480
victimization	2.820
victimized	3.040
victims	4.560
victor	4.180
victor's	2.590
victoria	4.440
victoria's	3.440
victorian	4.120
victorians	2.750
victories	3.830
victorious	3.570
victoriously	2.030
victors	2.980
victory	4.730
vid	3.400
vida	3.120
vidal	3.190
vide	2.940
video	5.430
video clip	4.230
video game	5.250
video's	2.920
videogame	2.930
videogames	3.030
videographer	2.590
videography	2.670
videos	4.790
videotape	3.080
videotaped	2.700
videotapes	2.620
vids	3.200
vidya	2.760
vie	3.350
vied	2.450
vieira	2.740
viejo	2.670
vienna	3.980
viennese	2.810
viet	3.190
vietnam	4.310
vietnam's	2.740
vietnamese	3.850
vieux	2.400
view	5.190
viewable	2.610
viewed	4.310
viewer	3.770
viewer's	2.620
viewers	4.220
viewership	3.130
viewfinder	2.590
viewing	4.080
viewings	2.560
viewpoint	3.640
viewpoints	3.290
views	4.830
vig	2.450
viggo	2.450
vigil	3.240
vigilance	3.160
vigilant	3.340
vigilante	3.310
vigilantes	2.870
vigils	2.410
vignette	2.650
vignettes	2.810
vigo	2.730
vigor	3.030
vigorous	3.460
vigorously	3.390
vigour	2.870
vii	3.840
viii	3.720
vijay	3.350
vikas	2.620
viking	3.600
vikings	3.830
vikram	2.980
viktor	3.550
vil	2.530
vila	2.720
vile	3.620
vilified	2.700
vilify	2.440
villa	4.200
villa's	2.500
village	4.820
village's	2.660
villager	2.900
villagers	3.750
villages	4.170
villain	3.880
villainous	2.840
villains	3.650
villainy	2.600
villanova	2.790
villanueva	2.460
villarreal	2.830
villas	3.440
ville	3.140
villeneuve	2.630
villiers	3.070
vilnius	2.830
vim	2.690
vimeo	2.980
vin	3.420
vinaigrette	2.620
vince	3.900
vincennes	2.660
vincent	4.140
vincent's	2.900
vincenzo	2.930
vinci	3.290
vinci's	2.420
vindicate	2.540
vindicated	2.990
vindication	2.930
vindictive	2.980
vine	3.730
vinegar	3.640
vines	3.570
vineyard	3.540
vineyards	3.360
vinnie	2.930
vinny	2.980
vino	2.770
vinod	2.570
vinson	2.810
vintage	4.180
vintages	2.420
vinyl	4.000
viola	3.540
violate	3.750
violated	3.910
violates	3.490
violating	3.730
violation	4.150
violations	3.990
violators	2.790
violence	4.750
violent	4.460
violently	3.620
violet	3.840
violets	2.970
violin	3.740
violinist	3.100
violins	2.930
vip	3.760
viper	3.310
vipers	2.780
vips	2.850
vir	2.800
viral	4.080
virat	2.640
virgil	3.420
virgin	4.350
virgin's	2.420
virginal	2.470
virginia	4.620
virginia's	3.050
virginian	2.680
virginians	2.580
virginity	3.480
virgins	3.280
virgo	3.070
virile	2.520
virility	2.440
virology	2.630
virtual	4.320
virtual reality	4.220
virtualization	2.780
virtually	4.260
virtue	3.940
virtues	3.480
virtuosity	2.600
virtuoso	2.900
virtuous	3.230
virulence	2.600
virulent	2.880
virus	4.420
viruses	3.730
vis	3.430
vis-a-vis	3.130
visa	4.130
visage	2.780
visas	3.470
visceral	3.260
visconti	2.420
viscosity	3.130
viscount	3.160
viscous	2.940
vise	2.790
vishal	2.600
vishnu	2.930
visibility	3.780
visible	4.390
visibly	3.390
vision	4.630
visionaries	2.610
visionary	3.420
visions	3.760
visit	5.040
visitation	3.340
visitations	2.470
visited	4.500
visiting	4.440
visitor	4.010
visitor's	2.650
visitors	4.490
visits	4.300
visor	2.980
visser	2.500
vista	3.710
vistas	2.870
visual	4.500
visualisation	2.530
visualise	2.550
visualization	3.320
visualizations	2.410
visualize	3.270
visualized	2.800
visualizing	2.750
visually	3.680
visuals	3.570
vit	2.640
vita	3.520
vitae	2.800
vital	4.380
vitale	2.500
vitali	2.520
vitality	3.410
vitally	2.940
vitals	2.610
vitaly	2.730
vitamin	4.010
vitamins	3.590
vite	2.420
vito	3.070
vitreous	2.470
vitriol	2.870
vitriolic	2.570
vitro	3.420
vittoria	2.520
vittorio	2.740
viv	2.850
viva	3.340
vivacious	2.680
vivaldi	2.580
vive	2.930
vivek	2.630
vivendi	2.520
vivi	2.580
vivian	3.430
vivid	3.750
vividly	3.260
vivien	2.750
vivienne	2.810
vivo	3.430
vivre	2.500
vix	2.600
vixen	2.940
viz	3.190
vizier	2.600
vj	2.790
vk	2.780
vl	2.720
vlad	3.220
vladimir	3.930
vladislav	2.490
vladivostok	2.640
vlan	2.400
vlc	2.490
vlog	2.760
vlogs	2.550
vm	3.220
vma	2.450
vmas	2.520
vms	2.720
vmware	2.850
vn	2.890
vo	3.090
voa	2.490
voc	2.810
vocab	2.580
vocabularies	2.470
vocabulary	3.820
vocal	4.160
vocalist	3.400
vocalists	2.810
vocally	2.800
vocaloid	2.400
vocals	3.910
vocation	3.200
vocational	3.650
vocations	2.530
voce	2.550
vociferous	2.450
vod	2.850
vodafone	3.120
vodka	3.830
vogel	3.130
vogt	2.660
vogue	3.710
voice	5.070
voiced	3.760
voiceless	2.760
voicemail	3.320
voicemails	2.580
voiceover	3.070
voices	4.350
voicing	3.240
void	4.010
voided	2.720
voids	2.810
voight	2.570
voigt	2.430
voila	2.930
voip	2.930
voir	2.630
vol	4.410
volatile	3.720
volatility	3.490
volcanic	3.710
volcanism	2.460
volcano	3.760
volcanoes	3.340
voldemort	3.010
vole	2.640
voles	2.450
volga	2.760
volgograd	2.760
volition	2.830
volk	2.510
volker	2.640
volkswagen	3.500
volley	3.240
volleyball	3.850
volleys	2.570
vols	3.450
volt	3.320
volta	2.980
voltage	4.020
voltages	2.960
voltaire	3.050
volte	2.460
voltron	2.480
volts	3.200
volume	4.760
volumes	4.200
volumetric	2.720
voluminous	2.840
voluntarily	3.720
voluntary	4.010
volunteer	4.280
volunteered	3.630
volunteering	3.520
volunteers	4.290
voluptuous	2.730
volvo	3.480
vom	2.720
vomit	3.530
vomited	2.880
vomiting	3.630
vomits	2.490
von	4.170
vonnegut	2.590
voodoo	3.420
voor	2.630
voorhees	2.550
vor	2.750
voracious	2.770
voraciously	2.100
voracity	1.600
vortex	3.470
vortices	2.470
vos	2.900
voss	3.170
vostok	2.430
vote	5.110
voted	4.620
voter	4.110
voters	4.460
votes	4.640
voting	4.620
votive	2.550
vou	2.660
vouch	3.130
vouched	2.410
voucher	3.470
vouchers	3.480
vous	3.120
vow	3.560
vowed	3.390
vowel	3.330
vowels	3.210
vowing	2.680
vows	3.700
vox	3.230
voy	2.480
voyage	3.890
voyager	3.330
voyages	3.240
voyeur	2.680
voyeurism	2.410
vp	3.720
vpn	3.390
vpns	2.470
vps	2.750
vr	3.830
vries	2.600
vroom	2.720
vs	4.850
vss	2.520
vt	3.460
vu	3.290
vue	2.870
vuelta	2.640
vuitton	3.210
vulcan	3.270
vulcans	2.430
vulgar	3.530
vulgaris	2.630
vulgarity	2.650
vulgate	2.410
vulnerabilities	3.230
vulnerability	3.700
vulnerable	4.210
vulture	3.180
vultures	3.100
vulva	2.740
vv	2.840
vw	3.400
vx	2.730
vy	2.420
vying	2.920
vz	2.410
w	5.210
w's	2.480
w.a	2.500
w.c	2.490
w.e	2.590
w.h	2.700
w.m	2.420
w.va	2.460
w.w	2.490
w00	3.170
w000	2.820
w1	2.700
w2	2.730
w3	2.450
w3c	2.440
wa	4.170
waa	2.600
waaaay	2.610
waaay	2.470
wabash	2.920
wac	2.580
wack	2.960
wacker	2.430
wacky	3.290
waco	3.030
wad	3.060
wada	2.810
waddell	2.660
waddington	2.540
waddle	2.580
wade	3.980
wade's	2.580
waded	2.580
waders	2.450
wadi	2.800
wading	3.050
wads	2.470
wadsworth	2.930
wafer	3.130
wafers	2.750
waffle	3.300
waffles	3.230
wafting	2.410
wag	3.030
wage	4.440
waged	3.200
wager	3.430
wagering	2.730
wagers	2.720
wages	4.250
wagga	2.690
wagging	2.870
waging	3.060
wagner	3.710
wagner's	2.640
wagon	3.900
wagoner	2.410
wagons	3.450
wags	2.660
wah	3.450
wahhabi	2.440
wahl	2.500
wahlberg	2.740
wahoo	2.570
wai	3.130
waifu	2.560
waikato	2.590
waikiki	2.660
wail	2.900
wailed	2.430
wailing	3.110
wails	2.450
wain	2.400
wainwright	3.040
waist	3.960
waistband	2.740
waistcoat	2.660
waisted	2.710
waistline	2.700
waists	2.470
wait	5.350
waite	2.970
waited	4.260
waiter	3.610
waiters	3.230
waitin	3.060
waiting	5.060
waitress	3.560
waitresses	2.810
waitrose	2.560
waits	3.680
waive	3.240
waived	3.480
waiver	3.530
waivers	3.230
waiving	2.710
waka	2.760
wakanda	2.650
wake	4.760
wakefield	3.320
wakes	3.680
wakeup	2.560
waking	3.950
wal	3.520
wala	2.530
walcott	3.150
wald	2.660
walden	3.200
waldman	2.460
waldo	3.280
waldorf	3.140
waldron	2.710
wale	2.670
waleed	2.430
wales	4.600
wales's	2.420
walford	2.450
walgreens	3.080
wali	2.600
walid	2.690
walk	5.080
walkable	2.600
walkabout	2.510
walked	4.670
walken	2.530
walker	4.420
walker's	3.110
walkers	3.500
walkie	2.850
walkin	3.040
walking	4.860
walkman	2.620
walkout	2.760
walks	4.320
walkthrough	2.800
walkway	3.160
walkways	2.840
wall	5.040
wall's	2.540
walla	2.920
wallabies	2.690
wallaby	2.640
wallace	4.050
wallace's	2.690
wallach	2.520
wallboard	1.870
walled	3.430
waller	3.280
wallet	4.150
wallets	3.370
walleye	2.560
wallflower	2.500
walling	2.600
wallingford	2.560
wallis	3.240
wallop	2.620
wallow	2.800
wallowing	2.670
wallpaper	3.690
wallpapers	3.050
walls	4.620
wally	3.450
walmart	3.950
walmart's	2.410
walnut	3.560
walnuts	3.030
walpole	2.890
walrus	2.980
walsall	2.790
walsh	3.850
walsingham	2.440
walt	3.900
walt's	2.500
walter	4.360
walter's	2.620
walters	3.450
waltham	2.920
walthamstow	2.420
walther	2.720
walton	3.530
waltz	3.380
waltzes	2.400
waltzing	2.460
wam	2.440
wan	3.800
wan't	2.410
wand	3.470
wanda	3.300
wander	3.670
wandered	3.460
wanderer	3.010
wanderers	3.470
wandering	3.800
wanderings	2.450
wanderlust	2.650
wanders	3.040
wands	2.760
wandsworth	2.710
wane	2.830
waned	2.870
wang	3.950
wang's	2.530
wani	2.500
waning	3.050
wank	2.940
wanker	2.950
wankers	2.660
wanking	2.590
wanna	5.040
wannabe	3.260
wannabes	2.550
want	6.040
wanted	5.360
wanting	4.490
wanton	2.860
wants	5.240
wap	2.740
wapo	2.720
war	5.460
war's	3.050
warbler	2.770
warblers	2.490
warburg	2.660
warburton	2.910
warcraft	3.230
ward	4.370
ward's	2.800
warden	3.630
wardens	2.960
wardle	2.420
wardrobe	3.800
wardrobes	2.650
wards	3.640
ware	3.550
warehouse	4.080
warehouses	3.430
warehousing	2.970
wares	3.180
warfare	4.050
warfarin	2.640
warfield	2.420
wargaming	2.410
warhammer	2.740
warhead	3.030
warheads	3.020
warhol	3.110
waring	2.710
warlike	2.680
warlock	2.990
warlocks	2.400
warlord	3.100
warlords	2.970
warm	4.710
warmed	3.470
warmer	3.760
warmers	2.600
warmest	3.200
warming	4.050
warmly	3.240
warms	3.190
warmth	3.800
warmup	2.680
warn	4.020
warne	2.780
warned	4.180
warner	4.110
warner's	2.550
warning	4.590
warnings	3.780
warnock	2.560
warns	3.730
warp	3.630
warped	3.350
warping	2.810
warplanes	2.640
warps	2.440
warrant	4.240
warranted	3.400
warranties	2.920
warrantless	2.530
warrants	3.640
warranty	3.730
warren	4.260
warren's	2.870
warrick	2.540
warring	3.140
warrington	3.120
warrior	4.160
warrior's	2.610
warriors	4.300
wars	4.590
warsaw	3.660
warship	3.150
warships	3.300
warsi	2.460
wart	2.770
warthog	2.490
wartime	3.590
warts	3.010
warwick	3.520
warwickshire	3.110
wary	3.570
warzone	2.640
was	6.820
wasabi	2.770
wasatch	2.440
wash	4.460
washable	2.610
washbowl	1.100
washburn	2.920
washed	4.100
washer	3.340
washers	2.920
washes	3.300
washing	4.130
washing machine	4.060
washing-up	4.130
washington	5.080
washington's	3.310
washout	2.520
washroom	2.800
washtub	1.700
washy	2.610
wasn	2.790
wasn't	5.280
wasnt	3.690
wasp	3.350
wasps	3.300
wass	2.510
wasserman	2.890
wast	2.470
wastage	2.630
waste	4.810
wasted	4.190
wasteful	3.270
wasteland	3.190
wastes	3.360
wastewater	3.360
wasting	4.110
wat	3.440
watanabe	2.840
watch	5.340
watchable	2.580
watchdog	3.190
watchdogs	2.590
watched	4.720
watcher	3.030
watchers	3.280
watches	4.100
watchful	3.090
watchin	2.730
watching	5.020
watchlist	2.560
watchmaker	2.590
watchman	3.010
watchmen	2.950
watchtower	2.850
water	5.520
water's	2.980
waterboarding	2.510
waterborne	2.480
waterbury	2.720
watercolor	3.230
watercolors	2.680
watercolour	2.930
watercolours	2.500
watercraft	2.570
watercress	2.490
watered	3.340
waterfall	3.540
waterfalls	3.270
waterford	3.090
waterfowl	2.880
waterfront	3.560
watergate	3.240
waterhouse	2.990
watering	3.570
waterline	2.630
waterlogged	2.570
waterloo	3.520
waterman	2.910
watermark	2.970
watermelon	3.350
watermelons	2.680
waterpark	2.530
waterproof	3.550
waterproofing	2.610
waters	4.450
watershed	3.530
watersheds	2.680
waterside	2.650
watersports	2.500
watertight	2.790
watertown	2.900
waterville	2.430
waterway	3.180
waterways	3.390
waterworks	2.770
watery	3.190
watford	3.320
watkins	3.510
watson	4.180
watson's	2.850
watt	3.690
wattage	2.650
watters	2.610
wattle	2.520
watts	3.790
waugh	2.940
waukesha	2.690
wav	2.720
wave	4.620
waved	3.540
waveform	2.850
waveforms	2.540
waveguide	2.610
wavelength	3.450
wavelengths	3.190
waver	2.750
wavered	2.670
wavering	2.790
waverley	2.940
waverly	2.970
waves	4.370
waving	3.750
wavy	3.240
waw	2.400
wawa	2.560
wawrinka	2.590
wax	3.920
waxed	3.080
waxes	2.650
waxing	3.020
waxman	2.630
waxy	2.710
way	6.010
way's	2.430
wayans	2.460
wayback	2.530
wayland	2.740
waylon	2.470
wayne	4.370
wayne's	2.980
ways	5.060
wayside	2.990
wayward	3.090
wayyy	2.580
wayyyy	2.530
waze	2.460
waziristan	2.480
wb	3.360
wba	2.950
wbc	2.940
wbo	2.510
wc	3.410
wcc	2.530
wcf	2.540
wcs	2.620
wcw	3.130
wd	3.160
we	6.540
we'd	4.440
we'll	4.890
we're	5.400
we've	5.040
wea	2.620
weak	4.660
weaken	3.490
weakened	3.730
weakening	3.400
weakens	3.040
weaker	3.890
weakest	3.590
weakling	2.430
weakly	3.170
weakness	4.190
weaknesses	3.800
wealth	4.510
wealthier	3.030
wealthiest	3.290
wealthy	4.210
wean	2.720
weaned	2.680
weaning	2.750
weapon	4.540
weapon's	2.400
weaponized	2.610
weaponry	3.360
weapons	4.750
wear	4.920
wearable	3.290
wearables	2.760
wearer	3.080
wearers	2.610
wearin	2.510
weariness	2.630
wearing	4.850
wearisome	1.980
wears	4.080
weary	3.610
weasel	3.190
weasels	2.530
weasley	2.730
weather	4.870
weather forecast	4.030
weather's	2.490
weathered	3.150
weatherford	2.460
weathering	2.970
weatherman	2.700
weathers	2.840
weave	3.530
weaved	2.510
weaver	3.600
weavers	3.000
weaves	2.960
weaving	3.540
web	4.740
web page	4.590
webb	3.770
webb's	2.460
webbed	2.530
webber	3.350
webbing	2.750
webcam	3.490
webcams	2.780
webcast	2.970
webcomic	2.690
weber	3.600
webinar	3.250
webinars	2.530
weblog	2.630
webmd	2.460
webpage	3.360
webpages	2.430
webs	3.080
website	5.090
website's	3.010
websites	4.200
webster	3.760
webster's	2.650
wec	2.500
wechat	2.780
wed	3.660
wedded	2.930
wedding	4.830
weddings	3.760
wedge	3.620
wedged	2.900
wedges	3.120
wedgie	2.400
wedgwood	2.650
wedlock	2.860
wednesday	4.590
wednesday's	3.050
wednesdays	3.240
weds	2.540
wee	3.870
weed	4.270
weeded	2.410
weeden	2.440
weeding	2.840
weeds	3.520
week	5.560
week's	4.050
weekday	3.310
weekdays	3.250
weekend	4.930
weekend's	3.060
weekender	2.400
weekends	4.050
weeklies	2.420
weeklong	2.400
weekly	4.570
weeknd	2.660
weeknight	2.620
weeks	5.190
ween	2.530
weenie	2.620
weep	3.370
weeping	3.410
weeps	2.780
weevil	2.730
weevils	2.420
weezer	2.720
weft	2.450
wehrmacht	2.750
wei	3.460
weibo	3.240
weidman	2.480
weigh	3.990
weighed	3.810
weighing	3.840
weighs	3.690
weight	5.020
weighted	3.680
weighting	2.980
weightless	2.650
weightlessness	2.430
weightlifter	2.440
weightlifting	3.050
weights	3.860
weighty	2.850
weil	2.940
weill	2.610
weimar	2.920
weinberg	2.910
weinberger	2.450
weiner	3.220
weinstein	3.250
weir	3.520
weird	4.810
weirded	2.400
weirder	3.020
weirdest	3.310
weirdly	3.060
weirdness	2.920
weirdo	3.330
weirdos	2.960
weis	2.430
weiss	3.510
wel	2.780
welbeck	2.810
welby	2.460
welch	3.370
welcome	4.990
welcomed	3.960
welcomes	3.550
welcoming	3.770
weld	3.330
welded	3.260
welder	2.900
welders	2.610
welding	3.540
weldon	2.800
welds	2.640
welfare	4.430
welker	2.740
well	6.030
well-balanced	4.170
well-built	5.030
well-dressed	4.410
well-known	5.300
well-organised	4.080
well-organized	4.500
well-paid	5.070
welland	2.430
wellbeing	3.520
wellcome	2.830
weller	3.020
welles	3.030
wellesley	2.970
wellies	2.450
welling	2.720
wellington	3.820
wellman	2.510
wellness	3.570
wells	4.250
welp	3.300
welsh	4.150
welshman	2.530
welt	2.870
welter	2.460
welterweight	2.860
wembley	3.560
wen	3.490
wench	2.670
wendell	3.240
wendy	3.840
wendy's	3.120
wenger	3.650
wenger's	2.550
wenn	2.480
went	5.500
wentworth	3.200
wentz	2.960
wept	3.240
wer	2.870
were	6.340
weren't	4.680
werent	2.920
werewolf	3.330
werewolves	2.980
werk	2.610
werner	3.340
wes	3.600
wesley	3.700
wesleyan	3.050
wessex	2.890
wesson	2.880
west	5.290
west's	3.170
westboro	2.530
westbound	3.040
westbrook	3.400
westbury	2.600
westchester	3.170
westcott	2.540
wester	2.450
westerly	3.040
western	5.010
westerner	2.560
westerners	3.160
westernized	2.400
westerns	2.830
westeros	2.810
westfield	3.190
westgate	2.920
westin	2.670
westinghouse	2.960
westlake	2.900
westland	2.490
westley	2.440
westminster	4.000
westmoreland	2.890
weston	3.490
westpac	2.520
westphalia	2.640
westport	2.970
wests	2.710
westside	3.000
westview	2.420
westward	3.350
westwards	2.510
westwood	3.310
westworld	2.510
wet	4.540
wether	2.780
wetland	3.140
wetlands	3.390
wetness	2.610
wetsuit	2.550
wetter	2.910
wettest	2.770
wetting	2.900
weve	2.820
wexford	2.720
wexler	2.670
wey	2.450
weymouth	2.930
wf	2.700
wfp	2.480
wg	2.900
wgn	2.410
wh	3.740
wha	3.300
whack	3.430
whacked	2.810
whacking	2.570
whale	3.980
whalen	2.570
whalers	2.630
whales	3.770
whaley	2.400
whaling	3.260
wham	2.780
whammy	2.770
wharf	3.480
wharton	3.220
wharves	2.540
what	6.380
what'd	2.960
what'll	2.520
what're	2.870
what's	5.200
whatcha	2.940
whatever	5.140
whatever's	2.730
whatnot	3.000
whats	3.880
whatsapp	3.560
whatsoever	3.990
whe	2.590
wheat	4.010
wheatley	2.920
wheaton	3.020
whedon	2.770
wheel	4.500
wheelbarrow	2.660
wheelbase	2.630
wheelchair	3.860
wheelchairs	2.920
wheeled	3.360
wheeler	3.770
wheelers	2.610
wheelhouse	2.650
wheelie	2.690
wheeling	3.210
wheels	4.250
wheeze	2.400
wheezing	2.870
whelan	2.930
whelp	2.490
when	6.370
when's	3.200
whence	3.100
whenever	4.630
where	6.000
where'd	3.060
where's	4.090
whereabouts	3.540
whereas	4.410
whereby	3.740
wherefore	2.790
wherein	3.780
whereof	2.450
wheres	2.670
whereupon	3.020
wherever	4.270
wherewith	2.490
wherewithal	2.580
whet	2.620
whether	5.320
whew	3.240
whey	3.050
whi	2.500
which	6.300
whichever	3.700
whiff	3.220
whig	2.990
whigs	2.800
while	5.860
whilst	4.380
whim	3.280
whimper	2.710
whimpering	2.560
whims	2.940
whimsical	3.100
whimsy	2.600
whine	3.280
whined	2.580
whines	2.770
whining	3.550
whiny	2.890
whip	4.010
whiplash	3.060
whipped	3.700
whipping	3.360
whipple	2.660
whips	3.190
whir	2.040
whirl	2.960
whirling	2.730
whirlpool	2.990
whirlwind	3.240
whirring	2.450
whisk	3.110
whisked	2.720
whisker	2.560
whiskers	2.990
whiskey	3.780
whiskies	2.550
whisking	2.410
whisky	3.630
whisper	3.740
whispered	3.440
whisperer	2.810
whispering	3.410
whispers	3.570
whist	2.400
whistle	3.880
whistleblower	3.180
whistleblowers	2.870
whistled	2.740
whistler	3.160
whistles	3.310
whistling	3.210
whit	3.140
whitaker	3.240
whitbread	2.400
whitby	2.890
whitcomb	2.600
white	5.510
white's	3.160
whiteboard	2.860
whitecaps	2.490
whitechapel	2.770
whitefield	2.490
whitefish	2.590
whitehall	3.310
whitehaven	2.620
whitehead	3.140
whitehouse	3.040
whiteley	2.650
whiteman	2.570
whiten	2.410
whiteness	3.000
whitening	2.900
whitepaper	2.530
whiter	2.930
whites	4.060
whiteside	2.820
whitest	2.530
whitewash	2.810
whitewashed	2.810
whitewashing	2.500
whitewater	2.900
whitey	2.940
whitfield	2.950
whither	2.520
whiting	3.080
whitish	2.990
whitlam	2.510
whitley	2.890
whitlock	2.730
whitman	3.390
whitmore	2.820
whitney	3.720
whittaker	3.010
whitten	2.550
whittier	2.910
whittington	2.590
whittle	2.830
whittled	2.470
whitworth	2.650
whiz	2.900
whizz	2.490
whizzing	2.480
who	6.340
who'd	3.630
who'll	3.320
who're	2.860
who's	4.850
who've	3.700
whoa	3.820
whoah	2.480
whoever	4.420
whoever's	2.670
whole	5.460
wholeheartedly	3.150
wholeness	2.630
wholesale	3.970
wholesaler	2.860
wholesalers	2.990
wholesome	3.510
wholly	3.830
whom	4.850
whomever	3.120
whoo	2.790
whoop	3.200
whooped	2.530
whoopi	2.710
whooping	3.150
whoops	3.430
whoosh	2.750
whopper	2.700
whopping	3.220
whore	3.860
whores	3.350
whoring	2.590
whorl	2.560
whorls	2.640
whos	3.060
whose	5.070
whosoever	2.760
why	5.930
why'd	3.190
why's	3.010
whys	2.520
whyte	3.050
wi	4.090
wic	2.660
wicca	2.600
wiccan	2.590
wich	2.770
wichita	3.430
wick	3.340
wicked	3.990
wickedly	2.560
wickedness	2.930
wicker	3.000
wicket	3.590
wickets	3.650
wickham	2.990
wicklow	2.550
wicks	2.820
wid	2.680
wide	4.960
widely	4.540
widen	3.250
widened	3.350
widening	3.440
widens	2.840
wider	4.240
widescreen	2.880
widespread	4.190
widest	3.250
widget	2.960
widgets	2.800
widow	4.080
widow's	2.640
widowed	3.150
widower	3.030
widows	3.360
width	4.020
widths	2.810
wie	2.920
wield	3.210
wielded	2.970
wielding	3.320
wields	2.830
wien	2.780
wiener	3.170
wierd	2.610
wiesbaden	2.460
wife	5.230
wife's	3.880
wifes	2.510
wifey	2.520
wifi	3.940
wig	3.640
wigan	3.420
wiggins	3.320
wiggle	3.260
wiggles	2.670
wiggling	2.610
wiggly	2.490
wight	3.230
wigs	3.250
wii	3.680
wiiu	2.410
wiki	3.610
wikileaks	3.520
wikimedia	2.740
wikipedia	3.920
wil	3.280
wilber	2.440
wilberforce	2.670
wilbur	3.240
wilco	2.520
wilcox	3.290
wild	4.800
wildcard	3.170
wildcards	2.420
wildcat	3.060
wildcats	3.400
wilde	3.430
wildebeest	2.520
wilder	3.420
wilderness	3.950
wilders	2.640
wildest	3.240
wildfire	3.360
wildfires	3.170
wildflower	2.690
wildflowers	2.790
wilding	2.550
wildlands	2.420
wildlife	4.330
wildlings	2.440
wildly	3.710
wildness	2.480
wilds	2.900
wildwood	2.640
wile	2.620
wiles	2.710
wiley	3.510
wilf	2.410
wilford	2.440
wilfred	3.040
wilfrid	2.720
wilfried	2.610
wilful	2.770
wilfully	2.670
wilhelm	3.310
wilhelmina	2.560
wilkerson	2.640
wilkes	3.270
wilkie	2.800
wilkins	3.320
wilkinson	3.530
wilks	2.520
will	6.450
will's	2.840
will.i.am	2.440
willa	2.770
willamette	2.760
willard	3.310
willcox	2.430
willed	3.150
willem	2.950
willett	2.600
willey	2.560
willful	3.080
willfully	3.070
willi	2.680
william	4.880
william's	2.980
williams	4.670
williams's	2.560
williamsburg	3.200
williamson	3.600
williamsport	2.540
williamstown	2.650
willian	2.830
willie	3.890
willing	4.720
willingham	2.460
willingly	3.580
willingness	3.820
willis	3.690
williston	2.630
willoughby	3.090
willow	3.690
willows	2.990
willpower	3.050
wills	3.610
willson	2.540
willy	3.610
wilma	2.850
wilmer	2.630
wilmington	3.430
wilmot	2.620
wilshere	2.940
wilshire	2.930
wilson	4.530
wilson's	3.330
wilt	3.220
wilted	2.600
wilting	2.410
wilton	3.040
wiltshire	3.290
wily	2.800
wim	2.620
wimbledon	3.610
wimp	2.720
wimpy	2.760
win	5.390
win00	2.630
wince	2.610
winch	3.040
winchell	2.480
winchester	3.560
wincing	2.420
wind	4.840
winded	2.870
winder	2.640
windermere	2.710
windfall	2.940
windham	2.730
winding	3.710
windings	2.450
windmill	3.160
windmills	2.880
window	4.800
windowless	2.460
windows	4.720
windowsill	2.510
windpipe	2.430
winds	4.220
windscreen	2.910
windshield	3.410
windsor	3.730
windsurfing	2.480
windswept	2.440
windward	2.790
windy	3.570
wine	4.740
winehouse	2.730
winemaker	2.690
winemakers	2.570
winemaking	2.610
wineries	2.960
winery	3.300
wines	3.800
winfield	2.840
winfrey	3.020
wing	4.610
wingate	2.630
winged	3.440
winger	3.570
wingers	3.320
wingfield	2.500
winging	2.600
wingman	2.900
wings	4.440
wingspan	2.810
winifred	2.750
wining	2.510
wink	3.500
winked	2.780
winking	2.820
winkle	2.710
winkler	2.840
winks	2.800
winky	2.460
winless	2.740
winn	3.020
winnable	2.540
winnebago	2.680
winner	4.800
winner's	3.120
winners	4.430
winnie	3.320
winning	4.980
winnings	3.240
winnipeg	3.590
winona	2.970
wins	4.700
winslet	2.550
winslow	3.200
winsor	2.440
winston	3.920
winston's	2.450
winter	4.890
winter's	3.070
winterfell	2.750
wintering	2.640
winters	3.630
wintertime	2.520
winthrop	3.040
winton	2.810
wintry	2.730
wip	2.790
wipe	4.010
wiped	3.860
wipeout	2.740
wiper	2.810
wipers	2.810
wipes	3.400
wiping	3.440
wir	2.720
wire	4.430
wired	3.800
wireless	4.200
wirelessly	2.670
wires	3.850
wiretap	2.690
wiretapping	2.700
wiretaps	2.570
wiring	3.530
wirral	2.690
wirth	2.580
wiry	2.510
wis	3.240
wisconsin	4.360
wisconsin's	2.770
wisdom	4.300
wise	4.510
wisely	3.620
wiseman	2.920
wiser	3.480
wisest	2.870
wish	5.180
wishart	2.460
wishbone	2.500
wished	4.000
wishers	2.530
wishes	4.350
wishful	3.110
wishing	3.940
wishlist	2.990
wishy	2.590
wisp	2.680
wisps	2.440
wispy	2.420
wisteria	2.570
wistful	2.710
wistfully	2.500
wit	3.960
witch	4.110
witch's	2.670
witchcraft	3.420
witcher	2.790
witches	3.610
with	6.850
withdraw	4.050
withdrawal	4.050
withdrawals	3.420
withdrawing	3.420
withdrawn	3.900
withdraws	3.020
withdrew	3.720
wither	3.020
withered	2.920
withering	2.820
withers	2.980
witherspoon	2.900
withheld	3.360
withhold	3.280
withholding	3.360
within	5.440
without	5.690
withstand	3.650
withstanding	2.650
withstood	2.830
witness	4.520
witnessed	4.040
witnesses	4.290
witnessing	3.510
witney	2.480
wits	3.320
witt	2.960
witte	2.450
witted	2.860
witten	2.620
wittenberg	2.510
witter	2.420
wittgenstein	2.770
witty	3.560
wives	4.080
wiz	3.130
wizard	3.930
wizard's	2.650
wizarding	2.710
wizardry	2.740
wizards	3.620
wizened	2.110
wk	3.020
wks	2.430
wl	2.950
wm	3.300
wma	2.430
wmd	2.750
wn	2.610
wnba	3.030
wnt	2.610
wo	3.700
woah	3.580
wobble	3.020
wobbles	2.510
wobbling	2.620
wobbly	3.030
woburn	2.540
wod	2.440
woe	3.310
woeful	2.690
woefully	2.920
woes	3.370
woh	2.460
wojciech	2.590
wok	2.790
woke	4.220
woken	3.370
woking	2.670
wol	2.800
wolcott	2.550
wold	2.680
wolf	4.350
wolf's	2.840
wolfe	3.410
wolff	3.230
wolfgang	3.260
wolfie	2.410
wolfman	2.460
wolfpack	2.600
wolfram	2.710
wolfsburg	2.770
wolfson	2.690
wollaston	2.450
wollongong	2.850
wolsey	2.540
wolverhampton	3.050
wolverine	3.440
wolverines	2.900
wolves	4.010
womack	2.800
woman	5.350
woman's	4.160
womanhood	2.880
womanizer	2.610
womanly	2.510
womans	2.700
womb	3.630
wombat	2.580
women	5.570
women's	4.700
womens	3.400
won	5.200
won't	5.340
wonder	4.930
wondered	4.200
wonderful	4.850
wonderfully	3.550
wondering	4.530
wonderland	3.520
wonders	4.000
wondrous	3.120
wong	3.670
wong's	2.400
wonka	2.910
wonky	2.840
wont	4.090
woo	3.870
wood	4.780
wood's	2.800
woodall	2.450
woodard	2.530
woodbine	2.610
woodbridge	2.960
woodbury	2.900
woodcarving	1.940
woodcock	2.790
woodcut	2.520
woodcuts	2.440
wooded	3.380
wooden	4.330
woodford	2.900
woodhead	2.670
woodhouse	2.910
woodland	3.650
woodlands	3.240
woodlawn	2.520
woodley	3.080
woodman	2.760
woodpecker	2.820
woodpeckers	2.410
woodrow	3.120
woodruff	2.900
woods	4.450
woodside	2.860
woodson	2.930
woodstock	3.220
woodville	2.780
woodward	3.500
woodwind	2.460
woodwork	3.210
woodworking	3.060
woody	3.820
wooed	2.520
woof	3.120
woogie	2.410
woohoo	2.780
wooing	2.750
wook	2.780
wool	3.910
woolen	2.700
woolf	3.150
woollen	2.740
woolley	2.630
woolly	3.050
woolsey	2.580
woolwich	2.940
woolworths	2.680
wooly	2.490
wooo	2.540
woop	2.460
woops	2.400
wooster	2.740
woot	2.630
wootton	2.520
woozy	2.400
wop	2.870
wor	2.830
worcester	3.590
worcestershire	3.080
word	5.260
word's	2.480
wordage	1.260
worded	3.230
worden	2.480
wording	3.550
wordless	2.570
wordlessly	2.030
wordplay	2.760
wordpress	3.570
words	5.250
wordsmith	2.240
wordsworth	2.870
wordy	2.560
wore	4.290
worf	2.600
work	5.960
work's	2.760
workable	3.120
workaholic	2.640
workaround	2.710
workbench	2.590
workbook	2.850
workday	2.940
worked	5.160
worker	4.430
worker's	3.090
workers	4.950
workflow	3.160
workflows	2.450
workforce	3.940
workhorse	2.720
workhouse	2.800
workin	3.250
working	5.450
workings	3.380
workload	3.450
workloads	2.750
workman	2.960
workmanship	3.090
workmen	2.920
workout	4.020
workouts	3.510
workpiece	2.600
workplace	4.040
workplaces	3.190
works	5.290
worksheet	2.930
worksheets	2.590
workshop	4.150
workshops	3.880
workspace	2.850
workstation	3.040
workstations	2.820
worktable	1.540
workweek	2.580
world	5.890
world's	4.610
worldcat	2.460
worldly	3.340
worldnews	2.700
worlds	4.230
worldview	3.260
worldviews	2.540
worldwide	4.540
worley	2.540
worm	3.770
wormhole	2.910
wormholes	2.480
worms	3.780
wormwood	2.600
worn	4.260
worn out	4.260
worn-out	4.260
wornout	1.100
worried	4.630
worries	4.160
worrisome	2.880
worry	4.840
worrying	4.120
worse	4.890
worsen	3.060
worsened	3.130
worsening	3.150
worsens	2.670
worship	4.290
worshiped	2.900
worshipers	2.730
worshipful	2.500
worshiping	2.800
worshipped	3.280
worshipper	2.450
worshippers	3.060
worshipping	3.070
worships	2.850
worsley	2.480
worst	4.930
worsted	2.420
wort	2.880
worth	5.160
worthiness	2.640
worthing	2.760
worthington	3.160
worthless	3.820
worthwhile	3.740
worthy	4.290
wot	3.030
would	6.270
would've	4.360
woulda	2.990
wouldn	2.800
wouldn't	5.180
wouldnt	3.490
wouldve	2.690
wound	4.240
wounded	4.320
wounding	3.150
wounds	4.070
wove	2.560
woven	3.560
wow	4.960
wowed	2.620
wows	2.500
wozniacki	2.440
wozniak	2.560
wp	3.340
wpa	2.710
wps	2.620
wr	3.660
wrack	2.210
wracked	2.460
wracking	2.750
wraith	3.030
wrangle	2.600
wrangler	2.920
wrangling	2.660
wrap	4.200
wraparound	2.560
wrapped	4.150
wrapper	3.160
wrappers	2.930
wrapping	3.580
wraps	3.570
wrath	3.700
wray	2.910
wrc	2.820
wreak	2.940
wreaked	2.420
wreaking	2.610
wreath	3.360
wreaths	2.880
wreck	3.960
wreckage	3.290
wrecked	3.620
wrecker	2.610
wrecking	3.390
wrecks	3.090
wren	3.090
wrench	3.370
wrenches	2.610
wrenching	3.100
wrest	2.630
wrested	2.440
wrestle	3.480
wrestled	3.110
wrestlemania	3.250
wrestler	3.520
wrestlers	3.420
wrestles	2.510
wrestling	4.140
wretch	2.830
wretched	3.370
wrexham	2.990
wriggle	2.590
wriggling	2.480
wright	4.200
wright's	2.960
wrigley	2.950
wring	2.750
wringing	2.700
wrinkle	3.120
wrinkled	3.000
wrinkles	3.310
wrinkly	2.530
wrist	4.010
wristband	2.810
wristbands	2.720
wrists	3.400
wristwatch	2.700
writ	3.300
write	5.030
writer	4.690
writer's	3.290
writers	4.550
writes	4.360
writhing	2.780
writing	5.070
writings	3.980
writs	2.550
written	5.090
wrong	5.390
wrongdoing	3.260
wrongdoings	2.460
wronged	3.090
wrongful	3.330
wrongfully	2.980
wrongly	3.460
wrongs	3.320
wrote	5.040
wrought	3.440
wrs	2.590
wrt	2.640
wrx	2.420
wry	2.860
wryly	2.410
ws	3.310
wsb	2.460
wsj	3.000
wsu	2.690
wt	3.360
wta	2.940
wtc	2.820
wtf	4.220
wth	2.890
wto	3.230
wu	3.810
wuhan	2.780
wulf	2.400
wuss	2.490
wut	3.010
wuthering	2.530
wv	3.180
wvu	2.690
ww	3.330
ww1	3.090
ww2	3.240
ww3	2.410
wwdc	2.420
wwe	3.970
wwe's	2.620
wwf	3.150
wwi	3.150
wwii	3.610
www	3.370
www.facebook.com	2.700
www.youtube.com	2.890
wy	2.880
wyatt	3.560
wycombe	2.730
wye	2.770
wyeth	2.570
wylie	2.930
wyman	2.740
wyn	2.550
wyndham	2.930
wynn	3.110
wynne	3.000
wyo	2.570
wyoming	3.780
x	5.200
x's	2.960
x-ray	4.570
x00	3.690
x000	3.200
x0000	2.600
x1	3.260
x2	3.370
x3	3.050
x4	2.850
x5	2.800
x6	2.600
x8	2.470
xa	2.610
xanadu	2.510
xanax	3.180
xander	3.010
xavi	2.840
xavier	3.490
xb	2.450
xb1	2.560
xbox	4.190
xc	2.860
xc00	2.420
xcx	2.410
xd	3.870
xe	2.730
xena	2.680
xenia	2.470
xenon	2.900
xenophobia	3.060
xenophobic	3.060
xenophon	2.750
xeon	2.700
xerox	3.010
xerxes	2.680
xf	2.540
xfinity	2.840
xhaka	2.500
xhosa	2.690
xi	4.120
xia	2.770
xiamen	2.440
xian	2.800
xiang	2.790
xiao	3.300
xiaomi	3.010
xiaoping	2.550
xie	2.860
xii	3.450
xiii	3.440
xin	2.820
xing	2.730
xinhua	2.830
xinjiang	3.150
xiu	2.400
xiv	3.390
xix	2.880
xj	2.450
xl	3.680
xlviii	2.490
xm	2.990
xmas	3.250
xml	3.290
xo	3.130
xoxo	2.620
xp	3.670
xperia	2.850
xps	2.690
xr	2.820
xray	2.420
xrd	2.400
xrp	2.740
xs	3.180
xt	2.890
xtra	2.540
xtreme	2.790
xu	3.330
xuan	2.520
xue	2.680
xv	3.480
xvi	3.400
xvii	2.820
xviii	2.940
xx	3.740
xxi	2.930
xxii	2.670
xxiii	2.930
xxiv	2.500
xxl	2.810
xxv	2.470
xxx	3.730
xxxx	2.890
xy	2.950
xyz	2.860
y	5.030
y'know	3.230
y00	2.550
y1	2.450
y2	2.430
y2k	2.500
ya	4.670
ya'll	3.030
yacht	3.820
yachting	2.720
yachts	3.250
yad	2.470
yada	2.690
yadav	3.020
yadda	2.470
yah	3.540
yahoo	3.860
yahweh	2.970
yahya	2.790
yak	3.120
yakima	2.830
yakuza	3.060
yale	3.880
yall	3.210
yalta	2.570
yam	3.040
yama	2.590
yamada	2.740
yamaguchi	2.620
yamaha	3.300
yamamoto	2.890
yamato	2.830
yamazaki	2.440
yams	2.770
yan	3.530
yana	2.470
yancey	2.510
yang	3.910
yang's	2.580
yangon	3.030
yangtze	2.700
yank	3.000
yanked	2.980
yankee	3.600
yankees	3.930
yanking	2.580
yanks	3.030
yann	2.470
yannick	2.630
yano	2.510
yanukovych	2.490
yao	3.150
yaoi	2.520
yap	2.940
yar	2.750
yara	2.660
yard	4.570
yardage	2.780
yarder	2.430
yardley	2.590
yards	4.510
yardstick	2.690
yarmouk	2.550
yarmouth	2.950
yarn	3.600
yarns	2.930
yarra	2.810
yarrow	2.530
yas	2.730
yash	2.510
yasir	2.520
yasmin	2.860
yasmine	2.400
yasser	2.560
yat	2.590
yates	3.480
yatra	2.520
yau	2.560
yaw	2.870
yawn	3.070
yawning	3.040
yawns	2.660
yay	3.920
yaya	3.000
yaz	2.450
yazidi	2.570
yazidis	2.410
yazoo	2.410
yb	2.520
yc	2.460
yd	3.010
yds	2.920
ye	4.250
yea	4.260
yeager	2.640
yeah	5.370
year	5.960
year's	4.380
yearbook	3.440
yearbooks	2.530
yearling	2.680
yearly	3.880
yearn	2.970
yearned	2.580
yearning	3.240
yearns	2.590
years	5.960
yeast	3.670
yeasts	2.500
yeats	2.920
yee	3.280
yeet	2.510
yeezus	2.710
yeezy	2.710
yeh	3.320
yehuda	2.460
yelena	2.430
yell	3.850
yelled	3.760
yellen	2.660
yelling	4.040
yellow	4.690
yellowing	2.490
yellowish	3.210
yellows	2.910
yellowstone	3.280
yells	3.450
yelp	3.250
yeltsin	2.810
yemen	3.880
yemen's	2.590
yemeni	3.140
yen	3.730
yeo	3.010
yeoman	2.710
yeon	3.020
yeong	2.480
yeovil	2.720
yep	4.390
yer	3.360
yerevan	2.700
yes	5.500
yeshiva	2.670
yessir	2.480
yesss	2.530
yessss	2.420
yesterday	4.910
yesterday's	3.620
yesterdays	2.560
yesteryear	2.620
yet	5.540
yeti	3.010
yeung	2.720
yevgeny	2.400
yew	3.030
yg	2.780
yhwh	2.510
yi	3.660
yiddish	3.070
yield	4.160
yielded	3.510
yielding	3.400
yields	3.890
yikes	3.440
yin	3.350
ying	3.280
yip	2.820
yippee	2.410
yitzhak	2.520
yiu	2.570
yj	2.420
yl	2.520
ym	2.480
ymca	3.160
yn	2.500
yo	4.450
yoda	3.110
yoder	2.470
yoga	4.200
yoghurt	3.010
yogi	3.160
yogurt	3.630
yogyakarta	2.440
yohan	2.440
yoke	3.090
yoko	3.140
yokohama	3.050
yolanda	2.970
yolk	3.040
yolks	2.830
yolo	2.950
yom	2.860
yon	2.860
yonder	2.970
yong	3.420
yonge	2.700
yonkers	2.920
yoo	3.480
yoon	3.250
yor	2.470
yore	2.640
york	5.370
york's	3.510
yorke	2.880
yorker	3.490
yorkers	3.170
yorks	2.490
yorkshire	4.040
yorktown	2.770
yoruba	3.110
yosef	2.450
yosemite	3.280
yoshi	2.840
yoshida	2.850
yost	2.660
you	6.980
you'd	4.830
you'll	5.220
you're	5.870
you's	2.710
you've	5.130
youd	2.820
yougov	2.540
youll	3.210
young	5.430
young's	3.050
youngblood	2.600
younger	4.690
youngest	4.050
youngs	2.570
youngster	3.270
youngsters	3.570
youngstown	2.910
younis	2.520
your	6.530
your's	2.410
youre	3.860
yours	4.750
yourself	5.310
yourselves	3.860
yous	2.940
yousef	2.660
youssef	2.700
youth	4.750
youthful	3.580
youths	3.610
youtube	4.660
youtube's	2.700
youtuber	3.160
youtubers	3.220
youve	3.140
yow	2.730
yoy	2.790
yoyo	2.590
yp	2.570
ypg	2.960
ypres	2.750
ypsilanti	2.430
yr	3.790
yrs	3.520
ys	2.890
ysl	2.410
yt	3.210
ytd	2.450
yu	3.920
yuan	3.700
yuba	2.460
yucatan	2.600
yucca	2.650
yuck	3.060
yucky	2.480
yue	2.780
yuen	2.740
yugoslav	3.030
yugoslavia	3.500
yuh	2.570
yui	2.770
yuk	2.710
yuki	3.050
yuko	2.460
yukon	3.190
yul	2.560
yule	2.710
yulia	2.610
yum	3.460
yuma	2.880
yume	2.410
yumi	2.590
yummy	3.540
yun	3.350
yuna	2.660
yung	3.140
yunnan	2.920
yunus	2.500
yup	4.060
yuppie	2.400
yuri	3.620
yurt	2.430
yusef	2.460
yusuf	3.100
yusuke	2.430
yves	3.180
yvette	3.020
yvonne	3.290
yy	2.420
z	4.470
z's	2.800
z00	3.120
z000	2.790
z1	2.500
z2	2.560
z3	2.550
za	3.090
zac	3.380
zach	3.760
zachariah	2.450
zacharias	2.410
zachary	3.220
zack	3.560
zacks	2.480
zafar	2.480
zag	2.790
zagreb	2.950
zaha	2.650
zaheer	2.420
zahir	2.480
zahra	2.680
zain	2.580
zainab	2.560
zaire	2.890
zak	3.020
zakaria	2.440
zakir	2.440
zam	2.400
zaman	2.530
zambezi	2.450
zambia	3.430
zambian	2.860
zamboanga	2.520
zamora	2.680
zan	2.490
zander	2.600
zandt	2.410
zane	3.150
zanu	2.740
zany	2.670
zanzibar	2.910
zap	2.960
zapata	2.680
zappa	2.650
zapped	2.450
zara	3.300
zaragoza	2.460
zardari	2.420
zavala	2.400
zayed	2.610
zayn	2.940
zaza	2.520
ze	3.060
zeal	3.280
zealand	4.500
zealand's	3.280
zealander	2.610
zealanders	2.880
zealot	2.510
zealots	2.730
zealous	2.990
zealously	2.400
zeb	2.530
zebra	3.400
zebrafish	2.460
zebras	2.840
zechariah	2.540
zed	3.020
zedd	2.670
zedong	2.640
zee	3.160
zeiss	2.680
zeit	2.640
zeitgeist	2.770
zeitschrift	2.540
zeitung	2.780
zeke	3.190
zelda	3.550
zell	2.400
zeller	2.600
zen	3.700
zeng	2.500
zenit	2.560
zenith	3.150
zeno	2.670
zephyr	2.850
zeppelin	3.290
zero	4.630
zeroed	2.490
zeroes	2.720
zeros	3.060
zest	3.190
zesty	2.410
zeta	3.080
zetas	2.460
zeus	3.540
zh	2.690
zhang	3.680
zhao	3.220
zhejiang	2.840
zhen	2.690
zheng	2.890
zhi	2.600
zhong	2.680
zhou	3.380
zhu	3.120
zi	2.870
zia	2.870
zidane	2.920
ziegler	2.860
zig	3.050
ziggler	2.620
ziggy	2.920
zigzag	2.820
zika	2.820
zilch	2.470
zillion	2.630
zillow	2.570
zim	2.730
zimbabwe	3.730
zimbabwe's	2.570
zimbabwean	2.860
zimbabweans	2.400
zimmer	3.150
zimmerman	3.520
zimmerman's	2.460
zimmermann	2.680
zinc	3.650
zine	2.890
zing	2.780
zinger	2.400
zinn	2.530
zion	3.460
zionism	3.100
zionist	3.400
zionists	2.970
zip	3.870
zipped	2.750
zipper	3.300
zippers	2.570
zipping	2.620
zippo	2.450
zippy	2.520
zips	2.790
zircon	2.600
zirconia	2.530
zirconium	2.450
zit	2.400
zlatan	2.950
zn	2.660
zo	2.900
zod	2.490
zodiac	3.410
zoe	3.660
zoe's	2.470
zoey	3.030
zola	2.910
zoloft	2.530
zoltan	2.440
zombie	3.940
zombies	3.770
zona	2.630
zonal	2.740
zone	4.720
zoned	3.160
zones	4.120
zoning	3.520
zoo	4.140
zoo's	2.530
zooey	2.580
zookeeper	2.440
zoolander	2.410
zoological	3.030
zoologist	2.510
zoology	3.190
zoom	3.830
zoomed	2.850
zooming	2.910
zooms	2.720
zooplankton	2.410
zoos	3.130
zoot	2.420
zootopia	2.460
zor	2.450
zora	2.600
zoran	2.470
zorn	2.550
zoro	2.410
zorro	2.750
zoya	2.570
zoë	2.590
zr	2.460
zs	2.490
zte	2.630
zu	3.200
zucchini	2.960
zucker	2.670
zuckerberg	3.260
zuckerman	2.610
zuko	2.580
zulu	3.190
zum	2.800
zuma	3.090
zumba	2.780
zuni	2.410
zur	3.150
zurich	3.590
zwei	2.400
zweig	2.430
zx	2.650
zynga	2.630
zz	2.800
zürich	2.530
¦	3.250
©	4.270
ª	2.480
®	4.080
°	4.710
º	2.670
à	3.660
á	2.810
ángel	2.570
â	3.350
ã	2.620
ä	2.540
å	2.900
æ	2.490
è	2.750
é	3.020
état	2.590
être	2.540
í	2.530
ð	2.490
ó	3.120
ö	2.640
özil	2.750
ø	2.660
ü	2.920
über	2.790
þ	2.400
ʖ	2.540
͜	2.610
͡	2.940
α	3.400
β	3.330
γ	3.030
δ	2.970
ε	2.810
η	2.470
θ	2.810
λ	2.870
μ	2.890
μg	2.650
μm	3.090
π	2.830
ρ	2.510
σ	2.920
τ	2.440
φ	2.840
ψ	2.410
ω	3.120
а	2.680
в	3.120
и	3.070
к	2.420
на	2.770
о	2.490
с	3.050
و	2.500
№	2.400
™	4.010
─	3.640
━	2.450
│	2.510
═	3.260
▀	2.900
▄	2.960
█	3.670
░	3.520
▒	2.960
▓	2.750
■	3.610
□	2.830
▪	2.660
▬	2.670
▲	2.500
▶	2.620
►	3.250
▼	2.400
○	2.650
●	3.610
◕	3.080
◦	2.470
★	3.500
☆	2.820
☺	2.500
☺️	2.700
♡	2.760
♥	3.200
♥️	2.580
♦	3.360
♪	3.790
♫	3.920
♬	2.790
✅	2.650
✓	2.800
✔	3.060
✨	2.600
❌	2.450
❤	3.070
❤️	3.470
⠀	3.880
ツ	3.170
🇺🇸	2.630
🌊	2.450
🍆	2.730
🎃	2.630
🎉	2.520
🎵	2.560
🎶	2.800
🎺	2.400
👀	3.200
👅	2.410
👉	2.560
👋	2.420
👌	3.500
👍	3.250
👍🏻	2.560
👏	3.390
👏🏻	2.470
👻	2.410
💀	2.700
💕	2.930
💖	2.700
💙	2.540
💚	2.470
💜	2.790
💦	3.080
💩	2.690
💪	2.650
💯	3.100
💰	3.010
🔥	3.330
🔫	2.410
🔴	2.540
🔵	2.410
🗿	2.560
😀	3.030
😁	3.190
😂	4.250
😃	2.570
😄	2.770
😅	3.110
😆	2.840
😈	2.650
😉	3.440
😊	3.330
😋	2.630
😍	3.550
😎	3.270
😏	2.880
😐	2.580
😑	2.520
😒	2.650
😔	2.860
😕	2.490
😘	2.900
😛	2.560
😜	2.730
😝	2.400
😞	2.560
😡	2.930
😢	2.930
😤	3.090
😥	2.420
😩	2.980
😫	2.620
😬	2.800
😭	3.470
😱	2.750
😳	2.980
🙁	2.480
🙂	3.670
🙃	2.670
🙄	3.200
🙈	2.440
🙌	2.540
🙏	2.810
🚨	2.620
🚫	2.420
🤔	3.520
🤗	2.630
🤡	2.470
🤢	2.450
🤣	3.430
🤤	2.660
🤮	2.450
🤷‍♀️	2.550
🤷‍♂️	2.620
🤷🏻‍♀️	2.510
🥰	2.460
